pair_id,priority_rank,priority_tier,priority_gate_pass,display_priority_score,tier_display_band,within_tier_rank,within_tier_percentile,strict_gate_count_0_to_5,evidence_score_raw,evidence_score_percentile,evidence_tiebreaker_score,rank_score,case_priority_score,adaptive_priority_score,balanced_priority_score,structure_priority_score,condition_support_score,condition_support_count,priority_score_method,annotation_policy,core_gate_pass,dsRNA_case_priority,dsRNA_confidence,dsRNA_confidence_FPC_Advanced,dsRNA_confidence_FPC_Control,summary_side,priority_gate_orientation,priority_gate_annotation,priority_gate_case_TE,priority_gate_case_editing,priority_gate_case_RI,FPC_Advanced_AtoI_hits_window,FPC_Control_AtoI_hits_window,SPRINT_total_hits_window,SPRINT_delta_case_minus_control,SPRINT_direction,FPC_Advanced_REDI_hits_window,FPC_Control_REDI_hits_window,REDI_total_hits_window,REDI_delta_case_minus_control,REDI_direction,RI_direction_majority_W,RI_direction_majority_A,RI_direction_majority_B,A_annotation_category,B_annotation_category,annotation_rule,orientation_adps,annotation_adps,case_expression_adps,energy_adps,energy_adps_source,interface_adps,interface_adps_source,case_editing_adps,RI_adps,control_RI_fraction,editing_available_callers,adaptive_weight_source,adaptive_gate_positive_n,adaptive_gate_background_n,adaptive_weight_orientation_adps,adaptive_weight_annotation_adps,adaptive_weight_case_expression_adps,adaptive_weight_energy_adps,adaptive_weight_interface_adps,adaptive_weight_case_editing_adps,adaptive_weight_RI_adps,adaptive_separation_orientation_adps,adaptive_separation_annotation_adps,adaptive_separation_case_expression_adps,adaptive_separation_energy_adps,adaptive_separation_interface_adps,adaptive_separation_case_editing_adps,adaptive_separation_RI_adps,adaptive_pos_median_orientation_adps,adaptive_pos_median_annotation_adps,adaptive_pos_median_case_expression_adps,adaptive_pos_median_energy_adps,adaptive_pos_median_interface_adps,adaptive_pos_median_case_editing_adps,adaptive_pos_median_RI_adps,adaptive_bg_median_orientation_adps,adaptive_bg_median_annotation_adps,adaptive_bg_median_case_expression_adps,adaptive_bg_median_energy_adps,adaptive_bg_median_interface_adps,adaptive_bg_median_case_editing_adps,adaptive_bg_median_RI_adps,A_TE_id,B_TE_id,A_SYMBOL,B_SYMBOL,A_annotation,B_annotation,A_repFamily,A_repName,B_repFamily,B_repName,genomic_orientation,transcript_orientation,RNAcofold_MFE_kcalmol,MFE_norm_kcalpermkb,RNAfold_A_MFE_kcalmol,RNAfold_B_MFE_kcalmol,ddG_interaction_kcalmol,ddG_norm_kcalpermkb,ddG_Z,ddG_mu_null,ddG_sd_null,null_n_requested,null_n_effective,null_shuffle_exact_dinuc,null_shuffle_method,interface_bpp_sum,interface_bpp_max,interface_bpp_n,interface_bpp_n_ge_1e5,interface_bpp_expected_fraction_shorter,interface_bpp_mean_arm_fraction,FPC_Advanced_total,FPC_Control_total,FPC_Advanced_fwd_frac,FPC_Control_fwd_frac,FPC_Advanced_both_strands,FPC_Control_both_strands,FPC_Advanced_arm_opposite,FPC_Control_arm_opposite,FPC_Advanced_arms_both_cov,FPC_Control_arms_both_cov,bias_penalty,expr_points,energy_points,editing_points,A_log2FC,A_padj,A_repClass,A_SYMBOL_from_TE,A_annotation_from_TE,A_geneId_from_TE,A_GENENAME_from_TE,A_ENSEMBL_from_TE,B_log2FC,B_padj,B_repClass,B_SYMBOL_from_TE,B_annotation_from_TE,B_geneId_from_TE,B_GENENAME_from_TE,B_ENSEMBL_from_TE,log2FoldChange,padj,A_side_call,B_side_call,RI_overlap_any,RI_overlap_W,RI_overlap_A,RI_overlap_B,RI_overlap_both_arms,RI_event_count_W,RI_event_count_A,RI_event_count_B,RI_exact_overlap_any,RI_exact_overlap_W,RI_exact_overlap_A,RI_exact_overlap_B,RI_exact_overlap_both_arms,RI_nearby_any,RI_nearby_W,RI_nearby_A,RI_nearby_B,RI_nearby_both_arms,RI_gene_match_any,RI_gene_match_count,RI_gene_symbol_match_any,RI_gene_id_match_any,RI_gene_symbol_match_count,RI_gene_id_match_count,RI_search_slop_bp,RI_min_FDR_W,RI_min_FDR_A,RI_min_FDR_B,RI_max_abs_dPSI_W,RI_max_abs_dPSI_A,RI_max_abs_dPSI_B,RI_gene_min_FDR,RI_gene_max_abs_dPSI,RI_nearest_distance_W,RI_nearest_FDR_W,RI_nearest_dPSI_W,RI_gene_direction_majority,RI_gene_match_type,RI_gene_matched_symbols,RI_gene_matched_ids,RI_nearest_geneSymbol_W,RI_nearest_ID_W,RI_interval_mode,orientation_adps_z01,annotation_adps_z01,case_expression_adps_z01,energy_adps_z01,interface_adps_z01,case_editing_adps_z01,RI_adps_z01
ID_B1_dup49862__RLTR17B_Mm_dup28846,1,tier3_relaxed,False,69.0,50-69,1,1.0,4,1.0,0.9078947368421053,0.5842731829573936,1.0,1.0,1.0,0.517982456140351,0.5449561403508772,0.5,2,adaptive_gate_median_separation,conservative,True,case_supported_missing_RI_or_annotation,high,high,high,both_FPC_Advanced_up,True,True,True,True,False,,,0.0,0.0,neutral,1,0,1,1,case_enriched,FPC_Control_high_RI,FPC_Control_high_RI,FPC_Control_high_RI,promoter,promoter,acceptable_annotation_context,0.5,1.0,1.0,0.662280701754386,MFE_norm+ddG_norm+ddG_Z,0.4276315789473684,mean_arm_fraction_plus_max_bpp,0.5,0.0,1.0,2,median_separation,15,61,0.0,0.0,1.0,0.0,0.0,0.0,0.0,0.0,0.0,1.0,0.0,0.0,0.0,0.0,0.5,1.0,1.0,0.44298245614035087,0.4276315789473684,0.0,0.0,0.5,1.0,0.0,0.4912280701754386,0.5460526315789473,0.0,0.0,ID_B1_dup49862,RLTR17B_Mm_dup28846,Gm31036,Gm31036,Promoter (1-2kb),Promoter (1-2kb),B4,ID_B1,ERVK,RLTR17B_Mm,inverted,direct,-38.2,-234.3558282208589,-9.2,-22.1,-6.900000000000002,-42.33128834355829,-2.291530657922644,-2.476,1.9305873062202537,50,50,True,randomized_eulerian_exact_dinucleotide,11.475531757167126,0.9347881457083476,1896,261,0.2013251185467916,0.154792426052486,20.993211133740665,4.457230142566191,0.619732884907674,0.844870916152616,True,True,False,False,True,True,0.2394657698153479,3,2,1,3.66929032622508,0.005296056601025,SINE,Gm31036,Promoter (1-2kb),102633132.0,"predicted gene, 31036",ENSMUSG00000110475,1.57623171043636,0.0076461726485151,LTR,Gm31036,Promoter (1-2kb),102633132.0,"predicted gene, 31036",ENSMUSG00000110475,2.6227610183307197,0.005296056601025,FPC_Advanced_up,FPC_Advanced_up,1,1,1,1,1,2.0,2.0,2.0,1,1,1,1,1,0,0,0,0,0,0,0,0,0,0,0,0,0.0016891151398128,0.0016891151398128,0.0016891151398128,0.194,0.194,0.194,,,0.0,0.0016891151398128,-0.194,,none,,,Kifc3,96293,intron_body,0.5,1.0,1.0,0.662280701754386,0.4276315789473684,0.5,0.0
ORR1B1-int_dup22470__MER68B_dup73,2,tier3_relaxed,False,50.0,50-69,2,0.0,4,1.0,0.9078947368421053,0.5432330827067668,1.0,1.0,1.0,0.46052631578947373,0.4013157894736842,0.5,2,adaptive_gate_median_separation,conservative,True,case_supported_missing_RI_or_annotation,uncertain,uncertain,uncertain,both_FPC_Advanced_up,True,True,True,True,False,,,0.0,0.0,neutral,1,0,1,1,case_enriched,,,,promoter,promoter,acceptable_annotation_context,0.5,1.0,1.0,0.4473684210526316,MFE_norm+ddG_norm+ddG_Z,0.35526315789473684,mean_arm_fraction_plus_max_bpp,0.5,0.0,0.0,2,median_separation,15,61,0.0,0.0,1.0,0.0,0.0,0.0,0.0,0.0,0.0,1.0,0.0,0.0,0.0,0.0,0.5,1.0,1.0,0.44298245614035087,0.4276315789473684,0.0,0.0,0.5,1.0,0.0,0.4912280701754386,0.5460526315789473,0.0,0.0,ORR1B1-int_dup22470,MER68B_dup73,Gm44764,Gm44764,Promoter (2-3kb),Promoter (1-2kb),ERVL-MaLR,ORR1B1-int,ERVL,MER68B,direct,inverted,-62.8,-266.10169491525426,-0.1,-58.1,-4.599999999999994,-19.491525423728792,-0.1629834963169089,-4.16,2.699659842518335,50,50,True,randomized_eulerian_exact_dinucleotide,6.921369823496754,0.8789583341314157,2121,514,0.2563470304998798,0.14473181626309,14.633802816901408,3.173122065727699,1.0,1.0,False,False,False,False,True,True,1.0,1,3,1,2.3506209308855,0.0011096788998244,LTR,Gm44764,Promoter (2-3kb),108169140.0,predicted gene 44764,ENSMUSG00000107597,1.95425104342992,0.0003132578692541,LTR,Gm44764,Promoter (1-2kb),108169140.0,predicted gene 44764,ENSMUSG00000107597,2.15243598715771,0.0003132578692541,FPC_Advanced_up,FPC_Advanced_up,0,0,0,0,0,0.0,0.0,0.0,0,0,0,0,0,0,0,0,0,0,0,0,0,0,0,0,0,,,,,,,,,229072.0,0.0007738491851121,-0.637,,none,,,Malsu1,26689,intron_body,0.5,1.0,1.0,0.4473684210526316,0.35526315789473684,0.5,0.0
MIR_dup9964__MIRc_dup4412,3,not_prioritized,False,49.0,0-49,1,1.0,3,1.0,0.9078947368421053,0.6820175438596492,1.0,1.0,1.0,0.5548245614035088,0.887061403508772,0.3333333333333333,1,adaptive_gate_median_separation,conservative,True,case_TE_only,uncertain,high,uncertain,both_FPC_Advanced_up,True,True,True,False,False,,,0.0,0.0,neutral,0,0,0,0,neutral,,,,promoter,promoter,acceptable_annotation_context,1.0,1.0,1.0,0.8333333333333335,MFE_norm+ddG_norm+ddG_Z,0.9407894736842106,mean_arm_fraction_plus_max_bpp,0.0,0.0,0.0,2,median_separation,15,61,0.0,0.0,1.0,0.0,0.0,0.0,0.0,0.0,0.0,1.0,0.0,0.0,0.0,0.0,0.5,1.0,1.0,0.44298245614035087,0.4276315789473684,0.0,0.0,0.5,1.0,0.0,0.4912280701754386,0.5460526315789473,0.0,0.0,MIR_dup9964,MIRc_dup4412,Ttc39a,Ttc39a,Promoter (<=1kb),Promoter (<=1kb),MIR,MIR,MIR,MIRc,inverted,inverted,-80.1,-288.12949640287763,-25.4,-37.5,-17.199999999999996,-61.87050359712228,-2.5331608246523136,-7.974,3.642090115327084,50,50,True,randomized_eulerian_exact_dinucleotide,43.40081181975337,0.9999577247681746,7604,917,0.3390688423418232,0.3142037939034228,1.980831708901884,0.0348440545808966,0.5351812366737739,0.0,True,False,True,False,True,False,0.0703624733475478,5,3,0,2.90808062203003,0.0142789265752886,SINE,Ttc39a,Promoter (<=1kb),230603.0,tetratricopeptide repeat domain 39A,ENSMUSG00000028555,2.61278987286226,0.0186550248717796,SINE,Ttc39a,Promoter (<=1kb),230603.0,tetratricopeptide repeat domain 39A,ENSMUSG00000028555,2.760435247446145,0.0142789265752886,FPC_Advanced_up,FPC_Advanced_up,0,0,0,0,0,0.0,0.0,0.0,0,0,0,0,0,0,0,0,0,0,0,0,0,0,0,0,0,,,,,,,,,267987.0,0.0451091462414011,0.525,,none,,,Osbpl9,65070,intron_body,1.0,1.0,1.0,0.8333333333333335,0.9407894736842106,0.0,0.0
MLT1F1_dup941__ORR1B1_dup9963,4,not_prioritized,False,48.33,0-49,2,0.9863013698630136,3,1.0,0.9078947368421053,0.6588345864661653,1.0,1.0,1.0,0.5223684210526316,0.805921052631579,0.3333333333333333,1,adaptive_gate_median_separation,conservative,True,case_TE_only,uncertain,high,uncertain,both_FPC_Advanced_up,True,True,True,False,False,,,0.0,0.0,neutral,0,0,0,0,neutral,,,,intron,intron,acceptable_annotation_context,1.0,1.0,1.0,0.8421052631578947,MFE_norm+ddG_norm+ddG_Z,0.7697368421052632,mean_arm_fraction_plus_max_bpp,0.0,0.0,0.0,2,median_separation,15,61,0.0,0.0,1.0,0.0,0.0,0.0,0.0,0.0,0.0,1.0,0.0,0.0,0.0,0.0,0.5,1.0,1.0,0.44298245614035087,0.4276315789473684,0.0,0.0,0.5,1.0,0.0,0.4912280701754386,0.5460526315789473,0.0,0.0,MLT1F1_dup941,ORR1B1_dup9963,Gm36283,Gm36283,"Intron (ENSMUST00000095313.5/114774, intron 4 of 6)","Intron (ENSMUST00000095313.5/114774, intron 4 of 6)",ERVL-MaLR,MLT1F1,ERVL-MaLR,ORR1B1,inverted,inverted,-239.0,-345.37572254335265,-109.9,-110.0,-19.099999999999994,-27.601156069364155,-2.1116669870004023,-9.765999999999996,4.42020453862322,50,50,True,randomized_eulerian_exact_dinucleotide,67.16774153801623,0.999984523598136,45623,2250,0.2159734454598592,0.1961333651682711,8.125801282051281,1.7271634615384617,0.8266443151562962,1.0,True,False,False,False,True,True,0.6532886303125924,3,3,0,1.94527728946012,0.0404128802615269,LTR,Gm36283,"Intron (ENSMUST00000095313.5/114774, intron 4 of 6)",102640148.0,"predicted gene, 36283",ENSMUSG00000112532,1.31436190952874,0.0384111859058422,LTR,Gm36283,"Intron (ENSMUST00000095313.5/114774, intron 4 of 6)",102640148.0,"predicted gene, 36283",ENSMUSG00000112532,1.62981959949443,0.0384111859058422,FPC_Advanced_up,FPC_Advanced_up,0,0,0,0,0,0.0,0.0,0.0,0,0,0,0,0,0,0,0,0,0,0,0,0,0,0,0,0,,,,,,,,,145022.0,0.0341449308823108,-0.201,,none,,,Ppp1r12a,79254,intron_body,1.0,1.0,1.0,0.8421052631578947,0.7697368421052632,0.0,0.0
MLT1F1_dup941__B1_Mur3_dup17672,5,not_prioritized,False,47.66,0-49,3,0.9726027397260274,3,1.0,0.9078947368421053,0.6099624060150376,1.0,1.0,1.0,0.45394736842105254,0.6348684210526316,0.3333333333333333,1,adaptive_gate_median_separation,conservative,True,case_TE_only,uncertain,high,uncertain,both_FPC_Advanced_up,True,True,True,False,False,,,0.0,0.0,neutral,0,0,0,0,neutral,,,,intron,intron,acceptable_annotation_context,1.0,1.0,1.0,0.6842105263157895,MFE_norm+ddG_norm+ddG_Z,0.5855263157894737,mean_arm_fraction_plus_max_bpp,0.0,0.0,0.0,2,median_separation,15,61,0.0,0.0,1.0,0.0,0.0,0.0,0.0,0.0,0.0,1.0,0.0,0.0,0.0,0.0,0.5,1.0,1.0,0.44298245614035087,0.4276315789473684,0.0,0.0,0.5,1.0,0.0,0.4912280701754386,0.5460526315789473,0.0,0.0,MLT1F1_dup941,B1_Mur3_dup17672,Gm36283,Gm36283,"Intron (ENSMUST00000095313.5/114774, intron 4 of 6)","Intron (ENSMUST00000095313.5/114774, intron 4 of 6)",ERVL-MaLR,MLT1F1,Alu,B1_Mur3,inverted,inverted,-148.9,-307.0103092783505,-109.9,-25.3,-13.699999999999989,-28.24742268041235,-0.7718848676851551,-10.134,4.619859967839825,50,50,True,randomized_eulerian_exact_dinucleotide,53.02674741788027,0.7903110165536881,15279,1849,0.5098725713257719,0.3245251930354322,10.380697050938338,2.380361930294906,0.8385847107438017,1.0,True,False,False,False,True,True,0.6771694214876034,3,3,0,1.94527728946012,0.0404128802615269,LTR,Gm36283,"Intron (ENSMUST00000095313.5/114774, intron 4 of 6)",102640148.0,"predicted gene, 36283",ENSMUSG00000112532,1.50108230839568,0.0175782617644753,SINE,Gm36283,"Intron (ENSMUST00000095313.5/114774, intron 4 of 6)",102640148.0,"predicted gene, 36283",ENSMUSG00000112532,1.7231797989278999,0.0175782617644753,FPC_Advanced_up,FPC_Advanced_up,0,0,0,0,0,0.0,0.0,0.0,0,0,0,0,0,0,0,0,0,0,0,0,0,0,0,0,0,,,,,,,,,145524.0,0.0341449308823108,-0.201,,none,,,Ppp1r12a,79254,intron_body,1.0,1.0,1.0,0.6842105263157895,0.5855263157894737,0.0,0.0
L2_dup2414__B3_dup18020,6,not_prioritized,False,46.99,0-49,4,0.958904109589041,3,1.0,0.9078947368421053,0.5921052631578948,1.0,1.0,1.0,0.5289473684210527,0.8223684210526316,0.3333333333333333,1,adaptive_gate_median_separation,conservative,True,case_TE_only,uncertain,uncertain,uncertain,both_FPC_Advanced_up,True,True,True,False,False,,,0.0,0.0,neutral,0,0,0,0,neutral,,,,promoter,promoter,acceptable_annotation_context,0.5,1.0,1.0,0.8684210526315791,MFE_norm+ddG_norm+ddG_Z,0.7763157894736843,mean_arm_fraction_plus_max_bpp,0.0,0.0,0.0,2,median_separation,15,61,0.0,0.0,1.0,0.0,0.0,0.0,0.0,0.0,0.0,1.0,0.0,0.0,0.0,0.0,0.5,1.0,1.0,0.44298245614035087,0.4276315789473684,0.0,0.0,0.5,1.0,0.0,0.4912280701754386,0.5460526315789473,0.0,0.0,L2_dup2414,B3_dup18020,Gm14102,Gm14102,Promoter (<=1kb),Promoter (<=1kb),L2,L2,B2,B3,direct,inverted,-213.7,-345.23424878836835,-134.5,-56.3,-22.899999999999977,-36.99515347334407,-1.9199793948221653,-12.414,5.461516945587441,50,50,True,randomized_eulerian_exact_dinucleotide,83.01495514690467,0.9793881505164485,35272,1762,0.3915799771080409,0.2977739629359672,5.9429358520267614,0.3934474616292798,1.0,1.0,False,False,False,False,True,True,1.0,1,3,0,3.45549535356313,3.68580579949e-06,LINE,Gm14102,Promoter (<=1kb),108168796.0,predicted gene 14102,,3.2538414941264,0.0077499985878887,SINE,Gm14102,Promoter (<=1kb),108168796.0,predicted gene 14102,,3.354668423844765,3.68580579949e-06,FPC_Advanced_up,FPC_Advanced_up,0,0,0,0,0,0.0,0.0,0.0,0,0,0,0,0,0,0,0,0,0,0,0,0,0,0,0,0,,,,,,,,,336736.0,0.0045203394111046,-0.076,,none,,,Gpcpd1,71716,intron_body,0.5,1.0,1.0,0.8684210526315791,0.7763157894736843,0.0,0.0
L1MdFanc_I_dup9756__MTE-int_dup4589,7,not_prioritized,False,46.32,0-49,5,0.9452054794520548,3,1.0,0.9078947368421053,0.5394736842105263,1.0,1.0,1.0,0.4552631578947368,0.6381578947368421,0.3333333333333333,1,adaptive_gate_median_separation,conservative,True,case_TE_only,high,high,high,both_FPC_Advanced_up,True,True,True,False,False,,,0.0,0.0,neutral,0,0,0,0,neutral,,,,intron,intron,acceptable_annotation_context,0.5,1.0,1.0,0.4605263157894737,MFE_norm+ddG_norm+ddG_Z,0.8157894736842106,mean_arm_fraction_plus_max_bpp,0.0,0.0,0.0,2,median_separation,15,61,0.0,0.0,1.0,0.0,0.0,0.0,0.0,0.0,0.0,1.0,0.0,0.0,0.0,0.0,0.5,1.0,1.0,0.44298245614035087,0.4276315789473684,0.0,0.0,0.5,1.0,0.0,0.4912280701754386,0.5460526315789473,0.0,0.0,L1MdFanc_I_dup9756,MTE-int_dup4589,Greb1l,Greb1l,"Intron (ENSMUST00000173356.8/381157, intron 7 of 8)","Intron (ENSMUST00000173356.8/381157, intron 7 of 8)",L1,L1MdFanc_I,ERVL-MaLR,MTE-int,direct,inverted,-866.1,-276.79769894535,-819.4,-21.6,-25.100000000000023,-8.021732182806016,-1.2499181813305078,-18.384000000000007,5.373151699298425,50,50,True,randomized_eulerian_exact_dinucleotide,67.98529882876596,0.9994603592265292,180031,2605,0.4472717028208287,0.2350542758022124,1.33995257854179,0.0611292234736217,0.9834107498341076,0.9090909090909092,True,True,False,False,True,True,0.9668214996682152,3,3,0,4.80818934911744,0.0001993803800924,LINE,Greb1l,"Intron (ENSMUST00000173356.8/381157, intron 7 of 8)",381157.0,growth regulation by estrogen in breast cancer-like,ENSMUSG00000042942,2.41863955762368,0.0246362206349836,LTR,Greb1l,"Intron (ENSMUST00000173356.8/381157, intron 7 of 8)",381157.0,growth regulation by estrogen in breast cancer-like,ENSMUSG00000042942,3.6134144533705603,0.0001993803800924,FPC_Advanced_up,FPC_Advanced_up,0,0,0,0,0,0.0,0.0,0.0,0,0,0,0,0,0,0,0,0,0,0,0,0,0,0,0,0,,,,,,,,,351418.0,0.0142643851213129,-0.29,,none,,,Rock1,63550,intron_body,0.5,1.0,1.0,0.4605263157894737,0.8157894736842106,0.0,0.0
MLT1H1_dup128__L2_dup2414,8,not_prioritized,False,45.64,0-49,6,0.9315068493150684,3,1.0,0.9078947368421053,0.50031328320802,1.0,1.0,1.0,0.4004385964912281,0.5010964912280702,0.3333333333333333,1,adaptive_gate_median_separation,conservative,True,case_TE_only,uncertain,uncertain,uncertain,both_FPC_Advanced_up,True,True,True,False,False,,,0.0,0.0,neutral,0,0,0,0,neutral,,,,promoter,promoter,acceptable_annotation_context,0.5,1.0,1.0,0.44298245614035087,MFE_norm+ddG_norm+ddG_Z,0.5592105263157895,mean_arm_fraction_plus_max_bpp,0.0,0.0,0.0,2,median_separation,15,61,0.0,0.0,1.0,0.0,0.0,0.0,0.0,0.0,0.0,1.0,0.0,0.0,0.0,0.0,0.5,1.0,1.0,0.44298245614035087,0.4276315789473684,0.0,0.0,0.5,1.0,0.0,0.4912280701754386,0.5460526315789473,0.0,0.0,MLT1H1_dup128,L2_dup2414,Gm14102,Gm14102,Promoter (<=1kb),Promoter (<=1kb),ERVL-MaLR,MLT1H1,L2,L2,direct,inverted,-213.4,-339.26868044515106,-70.7,-134.5,-8.200000000000017,-13.036565977742477,0.9677050089997554,-14.121999999999998,6.1196335091012,50,50,True,randomized_eulerian_exact_dinucleotide,59.23515842903671,0.9364794929985164,37764,3068,0.2668250379686338,0.2061829838848534,5.934832756632065,0.3378027681660899,1.0,1.0,False,False,False,False,True,True,1.0,1,3,0,3.638403091335,0.0030132128319978,LTR,Gm14102,Promoter (<=1kb),108168796.0,predicted gene 14102,,3.45549535356313,3.68580579949e-06,LINE,Gm14102,Promoter (<=1kb),108168796.0,predicted gene 14102,,3.546949222449065,3.68580579949e-06,FPC_Advanced_up,FPC_Advanced_up,0,0,0,0,0,0.0,0.0,0.0,0,0,0,0,0,0,0,0,0,0,0,0,0,0,0,0,0,,,,,,,,,336736.0,0.0045203394111046,-0.076,,none,,,Gpcpd1,71716,intron_body,0.5,1.0,1.0,0.44298245614035087,0.5592105263157895,0.0,0.0
L2a_dup2806__L2a_dup2807,9,not_prioritized,False,44.97,0-49,7,0.9178082191780822,3,1.0,0.9078947368421053,0.4906015037593985,1.0,1.0,1.0,0.3868421052631579,0.4671052631578947,0.3333333333333333,1,adaptive_gate_median_separation,conservative,True,case_TE_only,uncertain,uncertain,uncertain,both_FPC_Advanced_up,True,True,True,False,False,,,0.0,0.0,neutral,0,0,0,0,neutral,,,,intron,promoter,acceptable_annotation_context,0.5,1.0,1.0,0.381578947368421,MFE_norm+ddG_norm+ddG_Z,0.5526315789473684,mean_arm_fraction_plus_max_bpp,0.0,0.0,0.0,2,median_separation,15,61,0.0,0.0,1.0,0.0,0.0,0.0,0.0,0.0,0.0,1.0,0.0,0.0,0.0,0.0,0.5,1.0,1.0,0.44298245614035087,0.4276315789473684,0.0,0.0,0.5,1.0,0.0,0.4912280701754386,0.5460526315789473,0.0,0.0,L2a_dup2806,L2a_dup2807,Gm52515,Gm52515,"Intron (ENSMUST00000028426.9/241447, intron 3 of 9)",Promoter (2-3kb),L2,L2a,L2,L2a,direct,inverted,-154.1,-249.3527508090615,-38.0,-105.6,-10.5,-16.990291262135923,-0.1584665823604772,-9.870000000000005,3.9756016102302456,50,50,True,randomized_eulerian_exact_dinucleotide,50.80786165924265,0.9710910176796028,31785,1794,0.2454486070494813,0.1845343542050845,25.092694422623723,6.196975648075412,1.0,1.0,False,False,False,False,True,True,1.0,1,3,0,1.81440214523651,0.0004461355468759,LINE,Gm52515,"Intron (ENSMUST00000028426.9/241447, intron 3 of 9)",115489457.0,"predicted gene, 52515",,1.61017046678655,0.000301444932953,LINE,Gm52515,Promoter (2-3kb),115489457.0,"predicted gene, 52515",,1.71228630601153,0.000301444932953,FPC_Advanced_up,FPC_Advanced_up,0,0,0,0,0,0.0,0.0,0.0,0,0,0,0,0,0,0,0,0,0,0,0,0,0,0,0,0,,,,,,,,,219434.0,0.0051901406624058,0.166,,none,,,Nostrin,49411,intron_body,0.5,1.0,1.0,0.381578947368421,0.5526315789473684,0.0,0.0
Tigger5a_Glire_dup107__RSINE1_dup14575,10,not_prioritized,False,44.3,0-49,8,0.9041095890410958,3,1.0,0.9078947368421053,0.45833333333333337,1.0,1.0,1.0,0.3416666666666667,0.35416666666666663,0.3333333333333333,1,adaptive_gate_median_separation,conservative,True,case_TE_only,uncertain,high,uncertain,both_FPC_Advanced_up,True,True,True,False,False,,,0.0,0.0,neutral,0,0,0,0,neutral,,,,intron,intron,acceptable_annotation_context,0.5,1.0,1.0,0.425438596491228,MFE_norm+ddG_norm+ddG_Z,0.28289473684210525,mean_arm_fraction_plus_max_bpp,0.0,0.0,0.0,2,median_separation,15,61,0.0,0.0,1.0,0.0,0.0,0.0,0.0,0.0,0.0,1.0,0.0,0.0,0.0,0.0,0.5,1.0,1.0,0.44298245614035087,0.4276315789473684,0.0,0.0,0.5,1.0,0.0,0.4912280701754386,0.5460526315789473,0.0,0.0,Tigger5a_Glire_dup107,RSINE1_dup14575,Gm14102,Gm14102,"Intron (ENSMUST00000147678.3/108168796, intron 1 of 3)","Intron (ENSMUST00000147678.3/108168796, intron 1 of 3)",TcMar-Tigger,Tigger5a_Glire,B4,RSINE1,inverted,direct,-146.4,-313.49036402569595,-80.2,-60.7,-5.5,-11.77730192719486,0.7126233243208946,-8.429999999999998,4.1115690435647565,50,50,True,randomized_eulerian_exact_dinucleotide,7.354109159973346,0.9610136585744066,20769,380,0.043259465646902,0.0340103879749213,7.242314647377938,0.2373417721518987,0.3277569704535996,1.0,True,False,False,False,True,True,0.3444860590928008,3,3,0,3.83477435930445,0.0039498938197544,DNA,Gm14102,"Intron (ENSMUST00000147678.3/108168796, intron 1 of 3)",108168796.0,predicted gene 14102,,2.43308627768503,0.015407988005397,SINE,Gm14102,"Intron (ENSMUST00000147678.3/108168796, intron 1 of 3)",108168796.0,predicted gene 14102,,3.1339303184947402,0.0039498938197544,FPC_Advanced_up,FPC_Advanced_up,0,0,0,0,0,0.0,0.0,0.0,0,0,0,0,0,0,0,0,0,0,0,0,0,0,0,0,0,,,,,,,,,359924.0,0.0045203394111046,-0.076,,none,,,Gpcpd1,71716,intron_body,0.5,1.0,1.0,0.425438596491228,0.28289473684210525,0.0,0.0
RMER30_dup320__B2_Mm2_dup10717,11,not_prioritized,False,43.63,0-49,9,0.8904109589041096,3,1.0,0.9078947368421053,0.4298245614035087,1.0,1.0,1.0,0.3017543859649123,0.2543859649122807,0.3333333333333333,1,adaptive_gate_median_separation,conservative,True,case_TE_only,uncertain,high,uncertain,both_FPC_Advanced_up,True,True,True,False,False,,,0.0,0.0,neutral,0,0,0,0,neutral,,,,intron,intron,acceptable_annotation_context,0.5,1.0,1.0,0.24561403508771937,MFE_norm+ddG_norm+ddG_Z,0.2631578947368421,mean_arm_fraction_plus_max_bpp,0.0,0.0,0.0,2,median_separation,15,61,0.0,0.0,1.0,0.0,0.0,0.0,0.0,0.0,0.0,1.0,0.0,0.0,0.0,0.0,0.5,1.0,1.0,0.44298245614035087,0.4276315789473684,0.0,0.0,0.5,1.0,0.0,0.4912280701754386,0.5460526315789473,0.0,0.0,RMER30_dup320,B2_Mm2_dup10717,Fermt1,Fermt1,"Intron (ENSMUST00000147678.3/108168796, intron 2 of 3)","Intron (ENSMUST00000147678.3/108168796, intron 2 of 3)",hAT-Charlie,RMER30,B2,B2_Mm2,inverted,direct,-105.3,-283.06451612903226,-51.1,-50.5,-3.700000000000003,-9.946236559139791,1.154632530774747,-7.718,3.479895025393022,50,50,True,randomized_eulerian_exact_dinucleotide,19.937133618218656,0.8491505199230263,13057,1271,0.110761853434548,0.1073005455147184,4.222887558216899,0.0828343313373253,0.4567512210493146,0.0,True,False,True,False,True,True,0.0864975579013708,5,3,0,3.97078211033459,0.0022805283540356,DNA,Fermt1,"Intron (ENSMUST00000147678.3/108168796, intron 2 of 3)",241639.0,fermitin family member 1,ENSMUSG00000027356,2.94383933303707,0.013770117279936,SINE,Fermt1,"Intron (ENSMUST00000147678.3/108168796, intron 2 of 3)",241639.0,fermitin family member 1,ENSMUSG00000027356,3.45731072168583,0.0022805283540356,FPC_Advanced_up,FPC_Advanced_up,0,0,0,0,0,0.0,0.0,0.0,0,0,0,0,0,0,0,0,0,0,0,0,0,0,0,0,0,,,,,,,,,377014.0,0.0045203394111046,-0.076,,none,,,Gpcpd1,71716,intron_body,0.5,1.0,1.0,0.24561403508771937,0.2631578947368421,0.0,0.0
L1Lx_I_dup7603__Lx2B_dup3296,12,not_prioritized,False,42.96,0-49,10,0.8767123287671232,3,1.0,0.9078947368421053,0.42449874686716793,1.0,1.0,1.0,0.29429824561403506,0.2357456140350877,0.3333333333333333,1,adaptive_gate_median_separation,conservative,True,case_TE_only,uncertain,uncertain,uncertain,both_FPC_Advanced_up,True,True,True,False,False,,,0.0,0.0,neutral,0,0,0,0,neutral,,,,intron,intron,acceptable_annotation_context,0.5,1.0,1.0,0.293859649122807,MFE_norm+ddG_norm+ddG_Z,0.17763157894736842,mean_arm_fraction_plus_max_bpp,0.0,0.0,0.0,2,median_separation,15,61,0.0,0.0,1.0,0.0,0.0,0.0,0.0,0.0,0.0,1.0,0.0,0.0,0.0,0.0,0.5,1.0,1.0,0.44298245614035087,0.4276315789473684,0.0,0.0,0.5,1.0,0.0,0.4912280701754386,0.5460526315789473,0.0,0.0,L1Lx_I_dup7603,Lx2B_dup3296,Wdr17,Wdr17,"Intron (ENSMUST00000176866.8/244484, intron 2 of 4)","Intron (ENSMUST00000176866.8/244484, intron 2 of 4)",L1,L1Lx_I,L1,Lx2B,direct,inverted,-61.8,-138.25503355704697,-42.5,-11.5,-7.799999999999997,-17.449664429530195,-0.058417348325287,-7.6284,2.937483554448103,50,50,True,randomized_eulerian_exact_dinucleotide,26.94719940497704,0.4498360980800727,13769,3584,0.1594508840531185,0.1281916280067338,3.228421554601812,0.0398783977110157,1.0,1.0,False,False,False,False,True,True,1.0,1,3,0,4.62227906425188,0.0005623979610526,LINE,Wdr17,"Intron (ENSMUST00000176866.8/244484, intron 2 of 4)",244484.0,WD repeat domain 17,ENSMUSG00000039375,4.11631489179527,0.0019836821664237,LINE,Wdr17,"Intron (ENSMUST00000176866.8/244484, intron 2 of 4)",244484.0,WD repeat domain 17,ENSMUSG00000039375,4.369296978023575,0.0005623979610526,FPC_Advanced_up,FPC_Advanced_up,0,0,0,0,0,0.0,0.0,0.0,0,0,0,0,0,0,0,0,0,0,0,0,0,0,0,0,0,,,,,,,,,1704522.0,0.0247582779782501,-0.301,,none,,,Fbxo8,91228,intron_body,0.5,1.0,1.0,0.293859649122807,0.17763157894736842,0.0,0.0
Lx8_dup16837__Charlie1a_dup815,13,not_prioritized,False,42.29,0-49,11,0.863013698630137,3,1.0,0.9078947368421053,0.41290726817042606,1.0,1.0,1.0,0.27807017543859647,0.19517543859649122,0.3333333333333333,1,adaptive_gate_median_separation,conservative,True,case_TE_only,uncertain,uncertain,uncertain,both_FPC_Advanced_up,True,True,True,False,False,,,0.0,0.0,neutral,0,0,0,0,neutral,,,,promoter,promoter,acceptable_annotation_context,0.5,1.0,1.0,0.1666666666666667,MFE_norm+ddG_norm+ddG_Z,0.22368421052631576,mean_arm_fraction_plus_max_bpp,0.0,0.0,0.0,2,median_separation,15,61,0.0,0.0,1.0,0.0,0.0,0.0,0.0,0.0,0.0,1.0,0.0,0.0,0.0,0.0,0.5,1.0,1.0,0.44298245614035087,0.4276315789473684,0.0,0.0,0.5,1.0,0.0,0.4912280701754386,0.5460526315789473,0.0,0.0,Lx8_dup16837,Charlie1a_dup815,Tmprss11f,Tmprss11f,Promoter (<=1kb),Promoter (<=1kb),L1,Lx8,hAT-Charlie,Charlie1a,direct,inverted,-79.87,-207.45454545454547,-34.97,-39.3,-5.6000000000000085,-14.545454545454568,1.4650656333891008,-11.544400000000005,4.057429144828794,50,50,True,randomized_eulerian_exact_dinucleotide,9.281824069518397,0.8705817610811556,13537,1137,0.0515656892751022,0.0484214399290593,5.128395061728395,0.1695473251028806,1.0,1.0,False,False,False,False,True,True,1.0,1,3,0,3.74297428321293,0.0029598810853475,LINE,Tmprss11f,Promoter (<=1kb),243083.0,"transmembrane protease, serine 11f",ENSMUSG00000048764,2.35175364152654,0.0180441265058991,DNA,Tmprss11f,Promoter (<=1kb),243083.0,"transmembrane protease, serine 11f",ENSMUSG00000048764,3.047363962369735,0.0029598810853475,FPC_Advanced_up,FPC_Advanced_up,0,0,0,0,0,0.0,0.0,0.0,0,0,0,0,0,0,0,0,0,0,0,0,0,0,0,0,0,,,,,,,,,197547.0,0.0131470825635705,-0.197,,none,,,Ythdc1,35320,intron_body,0.5,1.0,1.0,0.1666666666666667,0.22368421052631576,0.0,0.0
L1MdFanc_I_dup9755__L1MdFanc_I_dup9756,14,not_prioritized,False,41.62,0-49,12,0.8493150684931506,3,1.0,0.9078947368421053,0.4013157894736842,1.0,1.0,1.0,0.2618421052631579,0.15460526315789472,0.3333333333333333,1,adaptive_gate_median_separation,conservative,True,case_TE_only,high,high,high,both_FPC_Advanced_up,True,True,True,False,False,,,0.0,0.0,neutral,0,0,0,0,neutral,,,,promoter,intron,acceptable_annotation_context,0.5,1.0,1.0,0.28947368421052627,MFE_norm+ddG_norm+ddG_Z,0.019736842105263157,mean_arm_fraction_plus_max_bpp,0.0,0.0,0.0,2,median_separation,15,61,0.0,0.0,1.0,0.0,0.0,0.0,0.0,0.0,0.0,1.0,0.0,0.0,0.0,0.0,0.5,1.0,1.0,0.44298245614035087,0.4276315789473684,0.0,0.0,0.5,1.0,0.0,0.4912280701754386,0.5460526315789473,0.0,0.0,L1MdFanc_I_dup9755,L1MdFanc_I_dup9756,Greb1l,Greb1l,Promoter (2-3kb),"Intron (ENSMUST00000173356.8/381157, intron 7 of 8)",L1,L1MdFanc_I,L1,L1MdFanc_I,direct,inverted,-1753.2,-280.6017925736236,-917.4,-819.4,-16.40000000000009,-2.624839948783625,0.5943372445477433,-21.09200000000002,7.89450777827372,50,50,True,randomized_eulerian_exact_dinucleotide,0.0,0.0,0,0,0.0,0.0,0.9936499042816456,0.1978568426950552,0.7605375687232743,0.1858407079646016,True,True,False,True,True,True,0.5210751374465485,3,3,0,5.09944476205098,0.0001480678724576,LINE,Greb1l,Promoter (2-3kb),381157.0,growth regulation by estrogen in breast cancer-like,ENSMUSG00000042942,4.80818934911744,0.0001993803800924,LINE,Greb1l,"Intron (ENSMUST00000173356.8/381157, intron 7 of 8)",381157.0,growth regulation by estrogen in breast cancer-like,ENSMUSG00000042942,4.95381705558421,0.0001480678724576,FPC_Advanced_up,FPC_Advanced_up,0,0,0,0,0,0.0,0.0,0.0,0,0,0,0,0,0,0,0,0,0,0,0,0,0,0,0,0,,,,,,,,,347256.0,0.0142643851213129,-0.29,,none,,,Rock1,63550,intron_body,0.5,1.0,1.0,0.28947368421052627,0.019736842105263157,0.0,0.0
L1MdFanc_I_dup9756__MTE-int_dup4590,15,not_prioritized,False,40.95,0-49,13,0.8356164383561644,3,1.0,0.9078947368421053,0.4010025062656642,1.0,1.0,1.0,0.26140350877192986,0.15350877192982457,0.3333333333333333,1,adaptive_gate_median_separation,conservative,True,case_TE_only,high,high,high,both_FPC_Advanced_up,True,True,True,False,False,,,0.0,0.0,neutral,0,0,0,0,neutral,,,,intron,intron,acceptable_annotation_context,0.5,1.0,1.0,0.1754385964912281,MFE_norm+ddG_norm+ddG_Z,0.13157894736842105,mean_arm_fraction_plus_max_bpp,0.0,0.0,0.0,2,median_separation,15,61,0.0,0.0,1.0,0.0,0.0,0.0,0.0,0.0,0.0,1.0,0.0,0.0,0.0,0.0,0.5,1.0,1.0,0.44298245614035087,0.4276315789473684,0.0,0.0,0.5,1.0,0.0,0.4912280701754386,0.5460526315789473,0.0,0.0,L1MdFanc_I_dup9756,MTE-int_dup4590,Greb1l,Greb1l,"Intron (ENSMUST00000173356.8/381157, intron 7 of 8)","Intron (ENSMUST00000173356.8/381157, intron 7 of 8)",L1,L1MdFanc_I,ERVL-MaLR,MTE-int,direct,inverted,-1018.2,-277.6656667575675,-819.4,-190.4,-8.400000000000091,-2.290700845377718,2.85834227078689,-21.791,4.68488331046282,50,50,True,randomized_eulerian_exact_dinucleotide,51.01875871464238,0.6513366016435658,822487,9020,0.0739402300212208,0.0455389357554277,1.662786938247656,0.0636517943743937,0.9890628038110052,0.9285714285714286,True,True,False,False,True,True,0.9781256076220104,3,3,0,4.80818934911744,0.0001993803800924,LINE,Greb1l,"Intron (ENSMUST00000173356.8/381157, intron 7 of 8)",381157.0,growth regulation by estrogen in breast cancer-like,ENSMUSG00000042942,4.33875948254889,0.000906812788701,LTR,Greb1l,"Intron (ENSMUST00000173356.8/381157, intron 7 of 8)",381157.0,growth regulation by estrogen in breast cancer-like,ENSMUSG00000042942,4.573474415833165,0.0001993803800924,FPC_Advanced_up,FPC_Advanced_up,0,0,0,0,0,0.0,0.0,0.0,0,0,0,0,0,0,0,0,0,0,0,0,0,0,0,0,0,,,,,,,,,351418.0,0.0142643851213129,-0.29,,none,,,Rock1,63550,intron_body,0.5,1.0,1.0,0.1754385964912281,0.13157894736842105,0.0,0.0
RLTR20A3_MM_dup988__MER74A_dup648,16,not_prioritized,False,40.27,0-49,14,0.821917808219178,3,0.0,0.40789473684210525,0.5585839598997494,0.0,0.0,0.0,0.38201754385964914,0.7050438596491229,0.16666666666666666,1,adaptive_gate_median_separation,conservative,True,not_case_priority,high,high,high,discordant,True,True,False,True,False,,,0.0,0.0,neutral,2,0,2,2,case_enriched,,,,intron,intron,acceptable_annotation_context,1.0,1.0,0.0,0.49561403508771934,MFE_norm+ddG_norm+ddG_Z,0.9144736842105263,mean_arm_fraction_plus_max_bpp,0.5,0.0,0.0,2,median_separation,15,61,0.0,0.0,1.0,0.0,0.0,0.0,0.0,0.0,0.0,1.0,0.0,0.0,0.0,0.0,0.5,1.0,1.0,0.44298245614035087,0.4276315789473684,0.0,0.0,0.5,1.0,0.0,0.4912280701754386,0.5460526315789473,0.0,0.0,RLTR20A3_MM_dup988,MER74A_dup648,Arhgap6,Arhgap6,"Intron (ENSMUST00000033721.13/11856, intron 1 of 12)","Intron (ENSMUST00000033721.13/11856, intron 1 of 12)",ERVK,RLTR20A3_MM,ERVL,MER74A,inverted,inverted,-139.5,-251.35135135135133,-9.6,-119.5,-10.400000000000006,-18.738738738738743,-1.08749013461612,-6.543400000000003,3.546331021532777,50,50,True,randomized_eulerian_exact_dinucleotide,29.04264233921071,0.9985320990376252,7935,791,0.6600600531638797,0.3584474848394846,9.669382716049382,5.167037037037037,0.9134598197185976,0.3020572002007025,True,True,False,False,True,True,0.8269196394371952,3,3,1,1.31830490377546,0.0379794532941061,LTR,Arhgap6,"Intron (ENSMUST00000033721.13/11856, intron 1 of 12)",11856.0,Rho GTPase activating protein 6,ENSMUSG00000031355,-1.6927892555497,0.0257659206218088,LTR,Arhgap6,"Intron (ENSMUST00000033721.13/11856, intron 1 of 12)",11856.0,Rho GTPase activating protein 6,ENSMUSG00000031355,-0.18724217588712,0.0257659206218088,FPC_Advanced_up,FPC_Control_up,0,0,0,0,0,0.0,0.0,0.0,0,0,0,0,0,0,0,0,0,0,1,1,1,0,1,0,0,,,,,,,0.0039299801215291,0.349,360787.0,0.0039299801215291,-0.349,FPC_Control_high_RI,symbol_exact,Arhgap6,,Arhgap6,54308,intron_body,1.0,1.0,0.0,0.49561403508771934,0.9144736842105263,0.5,0.0
L2a_dup8964__B3A_dup34763,17,not_prioritized,False,39.6,0-49,15,0.8082191780821918,3,0.0,0.40789473684210525,0.5482456140350876,0.0,0.0,0.0,0.46754385964912276,0.9188596491228069,0.16666666666666666,1,adaptive_gate_median_separation,conservative,True,control_enriched,high,high,high,both_FPC_Control_up,True,True,False,True,False,,,0.0,0.0,neutral,1,0,1,1,case_enriched,,,,promoter,promoter,acceptable_annotation_context,0.5,1.0,0.0,0.9166666666666666,MFE_norm+ddG_norm+ddG_Z,0.9210526315789473,mean_arm_fraction_plus_max_bpp,0.5,0.0,0.0,2,median_separation,15,61,0.0,0.0,1.0,0.0,0.0,0.0,0.0,0.0,0.0,1.0,0.0,0.0,0.0,0.0,0.5,1.0,1.0,0.44298245614035087,0.4276315789473684,0.0,0.0,0.5,1.0,0.0,0.4912280701754386,0.5460526315789473,0.0,0.0,L2a_dup8964,B3A_dup34763,Gm53342,Gm53342,Promoter (<=1kb),Promoter (<=1kb),L2,L2a,B2,B3A,direct,inverted,-74.9,-335.8744394618834,-23.8,-33.2,-17.900000000000006,-80.26905829596414,-1.842405493124384,-9.37,4.629816851845508,50,50,True,randomized_eulerian_exact_dinucleotide,30.84189228494632,0.9999807000325368,4754,244,0.3084189228494632,0.2795830072984971,60.70420017873101,223.120308310992,0.9983953597927218,0.9998227672047234,True,True,False,False,True,True,0.9967907195854436,3,3,1,-1.69892986555298,9.343009972426899e-13,LINE,Gm53342,Promoter (<=1kb),118567454.0,"predicted gene, 53342",,-1.95062276745639,1.58371722623866e-15,SINE,Gm53342,Promoter (<=1kb),118567454.0,"predicted gene, 53342",,-1.824776316504685,1.58371722623866e-15,FPC_Control_up,FPC_Control_up,0,0,0,0,0,0.0,0.0,0.0,0,0,0,0,0,0,0,0,0,0,0,0,0,0,0,0,0,,,,,,,,,657515.0,0.0128929402650923,-0.049,,none,,,Pzp,47951,intron_body,0.5,1.0,0.0,0.9166666666666666,0.9210526315789473,0.5,0.0
ORR1C2_dup3775__MIRb_dup15604,18,not_prioritized,False,38.93,0-49,16,0.7945205479452054,3,0.0,0.40789473684210525,0.5234962406015038,0.0,0.0,0.0,0.3328947368421053,0.5822368421052633,0.16666666666666666,1,adaptive_gate_median_separation,conservative,True,not_case_priority,high,high,high,discordant,True,True,False,True,False,,,0.0,0.0,neutral,2,0,2,2,case_enriched,,,,promoter,promoter,acceptable_annotation_context,1.0,1.0,0.0,0.5921052631578948,MFE_norm+ddG_norm+ddG_Z,0.5723684210526316,mean_arm_fraction_plus_max_bpp,0.5,0.0,0.0,2,median_separation,15,61,0.0,0.0,1.0,0.0,0.0,0.0,0.0,0.0,0.0,1.0,0.0,0.0,0.0,0.0,0.5,1.0,1.0,0.44298245614035087,0.4276315789473684,0.0,0.0,0.5,1.0,0.0,0.4912280701754386,0.5460526315789473,0.0,0.0,ORR1C2_dup3775,MIRb_dup15604,Gm33429,Gm33429,Promoter (1-2kb),Promoter (<=1kb),ERVL-MaLR,ORR1C2,MIR,MIRb,inverted,inverted,-171.8,-296.7184801381693,-102.9,-53.5,-15.400000000000006,-26.59758203799656,-0.089366719130946,-14.922,5.348747326167468,50,50,True,randomized_eulerian_exact_dinucleotide,52.89134331018783,0.9776509296537548,30905,1488,0.2309665646733092,0.1910423442083515,30.485871647509583,81.2634698275862,0.8946264600303199,0.9962870876844024,True,True,False,False,True,True,0.7892529200606397,3,3,1,1.55217386017506,0.0409074477284914,LTR,Gm33429,Promoter (1-2kb),102636331.0,"predicted gene, 33429",,-1.15534856050581,0.004060545012536,SINE,Gm33429,Promoter (<=1kb),102636331.0,"predicted gene, 33429",,0.19841264983462503,0.004060545012536,FPC_Advanced_up,FPC_Control_up,0,0,0,0,0,0.0,0.0,0.0,0,0,0,0,0,0,0,0,0,0,0,0,0,0,0,0,0,,,,,,,,,31095.0,0.0263534559568418,0.079,,none,,,Akr1d1,58942,intron_body,1.0,1.0,0.0,0.5921052631578948,0.5723684210526316,0.5,0.0
MIRc_dup20413__MER74A_dup648,19,not_prioritized,False,38.26,0-49,17,0.7808219178082192,3,0.0,0.40789473684210525,0.5162907268170426,0.0,0.0,0.0,0.32280701754385965,0.5570175438596492,0.16666666666666666,1,adaptive_gate_median_separation,conservative,True,not_case_priority,high,high,high,discordant,True,True,False,True,False,,,0.0,0.0,neutral,2,0,2,2,case_enriched,,,,intron,intron,acceptable_annotation_context,1.0,1.0,0.0,0.5087719298245615,MFE_norm+ddG_norm+ddG_Z,0.6052631578947368,mean_arm_fraction_plus_max_bpp,0.5,0.0,0.0,2,median_separation,15,61,0.0,0.0,1.0,0.0,0.0,0.0,0.0,0.0,0.0,1.0,0.0,0.0,0.0,0.0,0.5,1.0,1.0,0.44298245614035087,0.4276315789473684,0.0,0.0,0.5,1.0,0.0,0.4912280701754386,0.5460526315789473,0.0,0.0,MIRc_dup20413,MER74A_dup648,Arhgap6,Arhgap6,"Intron (ENSMUST00000033721.13/11856, intron 1 of 12)","Intron (ENSMUST00000033721.13/11856, intron 1 of 12)",MIR,MIRc,ERVL,MER74A,inverted,inverted,-163.7,-240.38179148311303,-28.3,-119.5,-15.899999999999975,-23.34801762114534,-0.8794255921558809,-11.8632,4.590268961929915,50,50,True,randomized_eulerian_exact_dinucleotide,52.52154441221374,0.9677823703056936,32525,2542,0.3089502612483161,0.2058660742760306,12.542129058775176,5.413686806411837,0.9644109454366704,0.3730212959799567,True,True,False,False,True,True,0.9288218908733408,3,3,1,2.37821681346233,0.000232570459743,SINE,Arhgap6,"Intron (ENSMUST00000033721.13/11856, intron 1 of 12)",11856.0,Rho GTPase activating protein 6,ENSMUSG00000031355,-1.6927892555497,0.0257659206218088,LTR,Arhgap6,"Intron (ENSMUST00000033721.13/11856, intron 1 of 12)",11856.0,Rho GTPase activating protein 6,ENSMUSG00000031355,0.34271377895631505,0.000232570459743,FPC_Advanced_up,FPC_Control_up,0,0,0,0,0,0.0,0.0,0.0,0,0,0,0,0,0,0,0,0,0,1,1,1,0,1,0,0,,,,,,,0.0039299801215291,0.349,360787.0,0.0039299801215291,-0.349,FPC_Control_high_RI,symbol_exact,Arhgap6,,Arhgap6,54308,intron_body,1.0,1.0,0.0,0.5087719298245615,0.6052631578947368,0.5,0.0
B1_Mus2_dup23468__RSINE1_dup41712,20,not_prioritized,False,37.59,0-49,18,0.7671232876712328,2,0.0,0.40789473684210525,0.5081453634085212,0.0,0.0,0.0,0.3114035087719298,0.7785087719298245,0.0,0,adaptive_gate_median_separation,conservative,True,control_enriched,high,high,high,both_FPC_Control_up,True,True,False,False,False,,,0.0,0.0,neutral,0,0,0,0,neutral,,,,intron,intron,acceptable_annotation_context,1.0,1.0,0.0,0.8596491228070176,MFE_norm+ddG_norm+ddG_Z,0.6973684210526315,mean_arm_fraction_plus_max_bpp,0.0,0.0,0.0,2,median_separation,15,61,0.0,0.0,1.0,0.0,0.0,0.0,0.0,0.0,0.0,1.0,0.0,0.0,0.0,0.0,0.5,1.0,1.0,0.44298245614035087,0.4276315789473684,0.0,0.0,0.5,1.0,0.0,0.4912280701754386,0.5460526315789473,0.0,0.0,B1_Mus2_dup23468,RSINE1_dup41712,Mug1,Mug1,"Intron (ENSMUST00000032228.9/17836, intron 14 of 35)","Intron (ENSMUST00000032228.9/17836, intron 14 of 35)",Alu,B1_Mus2,B4,RSINE1,inverted,inverted,-81.0,-322.70916334661354,-17.8,-48.9,-14.299999999999995,-56.97211155378485,-1.237628907352796,-8.972000000000001,4.305006103482363,50,50,True,randomized_eulerian_exact_dinucleotide,42.63740399574276,0.8984584629557284,5386,803,0.4737489332860306,0.36928876476644,170.63793103448276,609.3033819628647,0.9961500895117142,0.9958485224951964,True,True,False,False,True,True,0.9923001790234284,3,3,0,-1.05890635193189,0.0073244609695538,SINE,Mug1,"Intron (ENSMUST00000032228.9/17836, intron 14 of 35)",17836.0,murinoglobulin 1,ENSMUSG00000059908,-1.70860459121442,1.12094992727501e-07,SINE,Mug1,"Intron (ENSMUST00000032228.9/17836, intron 14 of 35)",17836.0,murinoglobulin 1,ENSMUSG00000059908,-1.383755471573155,1.12094992727501e-07,FPC_Control_up,FPC_Control_up,0,0,0,0,0,0.0,0.0,0.0,0,0,0,0,0,0,0,0,0,0,1,7,1,0,7,0,0,,,,,,,0.0001781608475667,0.421,5764.0,0.0262179999313154,-0.021,FPC_Advanced_high_RI,symbol_exact,Mug1,,Mug1,82312,intron_body,1.0,1.0,0.0,0.8596491228070176,0.6973684210526315,0.0,0.0
ORR1C2_dup3775__ID4_v_dup8797,21,not_prioritized,False,36.92,0-49,19,0.7534246575342466,2,0.0,0.40789473684210525,0.48778195488721804,0.0,0.0,0.0,0.28289473684210525,0.7072368421052632,0.0,0,adaptive_gate_median_separation,conservative,True,not_case_priority,high,high,high,discordant,True,True,False,False,False,,,0.0,0.0,neutral,1,1,2,0,neutral,,,,promoter,promoter,acceptable_annotation_context,1.0,1.0,0.0,0.6842105263157895,MFE_norm+ddG_norm+ddG_Z,0.7302631578947368,mean_arm_fraction_plus_max_bpp,0.0,0.0,0.0,2,median_separation,15,61,0.0,0.0,1.0,0.0,0.0,0.0,0.0,0.0,0.0,1.0,0.0,0.0,0.0,0.0,0.5,1.0,1.0,0.44298245614035087,0.4276315789473684,0.0,0.0,0.5,1.0,0.0,0.4912280701754386,0.5460526315789473,0.0,0.0,ORR1C2_dup3775,ID4_v_dup8797,Gm33429,Gm33429,Promoter (1-2kb),Promoter (2-3kb),ERVL-MaLR,ORR1C2,ID,ID4_v,inverted,inverted,-130.1,-293.018018018018,-102.9,-10.6,-16.599999999999994,-37.38738738738737,-0.6181999104099145,-13.9766,4.243611097032471,50,50,True,randomized_eulerian_exact_dinucleotide,51.60816538981199,0.948233404638725,12832,1108,0.5490230360618297,0.3482374685877891,17.409338786639402,44.01763803680981,0.7266978601773723,0.9856327346004868,True,True,False,False,True,True,0.4533957203547445,3,3,1,1.55217386017506,0.0409074477284914,LTR,Gm33429,Promoter (1-2kb),102636331.0,"predicted gene, 33429",,-5.37672832754334,4.61152509820971e-05,SINE,Gm33429,Promoter (2-3kb),102636331.0,"predicted gene, 33429",,-1.91227723368414,4.61152509820971e-05,FPC_Advanced_up,FPC_Control_up,0,0,0,0,0,0.0,0.0,0.0,0,0,0,0,0,0,0,0,0,0,0,0,0,0,0,0,0,,,,,,,,,30467.0,0.0263534559568418,0.079,,none,,,Akr1d1,58942,intron_body,1.0,1.0,0.0,0.6842105263157895,0.7302631578947368,0.0,0.0
MIRb_dup15134__MER5A_dup3192,22,not_prioritized,False,36.25,0-49,20,0.7397260273972602,2,0.0,0.40789473684210525,0.474937343358396,0.0,0.0,0.0,0.36491228070175435,0.9122807017543859,0.0,0,adaptive_gate_median_separation,conservative,True,not_case_priority,high,high,high,discordant,True,True,False,False,False,,,0.0,0.0,neutral,0,0,0,0,neutral,,,,promoter,promoter,acceptable_annotation_context,0.5,1.0,0.0,0.8903508771929826,MFE_norm+ddG_norm+ddG_Z,0.9342105263157894,mean_arm_fraction_plus_max_bpp,0.0,0.0,0.0,2,median_separation,15,61,0.0,0.0,1.0,0.0,0.0,0.0,0.0,0.0,0.0,1.0,0.0,0.0,0.0,0.0,0.5,1.0,1.0,0.44298245614035087,0.4276315789473684,0.0,0.0,0.5,1.0,0.0,0.4912280701754386,0.5460526315789473,0.0,0.0,MIRb_dup15134,MER5A_dup3192,Cidec,Cidec,Promoter (<=1kb),Promoter (1-2kb),MIR,MIRb,hAT-Charlie,MER5A,inverted,direct,-74.7,-304.8979591836735,-40.5,-15.6,-18.6,-75.91836734693878,-2.3615900602608173,-8.866,4.121799191060689,50,50,True,randomized_eulerian_exact_dinucleotide,37.528628897001965,0.9998972484578728,5350,525,0.4633164061358267,0.3460747545831633,12.17522412387938,16.08129584352078,0.2986143650846777,0.9935003230833556,True,True,False,False,True,True,0.4027712698306446,3,3,0,3.99280114035038,0.0021071092799585,SINE,Cidec,Promoter (<=1kb),14311.0,cell death-inducing DFFA-like effector c,ENSMUSG00000030278,-1.24343761946127,0.0133072780754307,DNA,Cidec,Promoter (1-2kb),14311.0,cell death-inducing DFFA-like effector c,ENSMUSG00000030278,1.374681760444555,0.0021071092799585,FPC_Advanced_up,FPC_Control_up,0,0,0,0,0,0.0,0.0,0.0,0,0,0,0,0,0,0,0,0,0,0,0,0,0,0,0,0,,,,,,,,,26228.0,0.0094548700177026,-0.324,,none,,,Ttll3,102779,intron_body,0.5,1.0,0.0,0.8903508771929826,0.9342105263157894,0.0,0.0
ID_B1_dup40210__L2a_dup8964,23,not_prioritized,False,35.58,0-49,21,0.726027397260274,3,0.0,0.40789473684210525,0.47211779448621555,0.0,0.0,0.0,0.3609649122807018,0.6524122807017545,0.16666666666666666,1,adaptive_gate_median_separation,conservative,True,control_enriched,high,high,high,both_FPC_Control_up,True,True,False,True,False,,,0.0,0.0,neutral,1,0,1,1,case_enriched,,,,promoter,promoter,acceptable_annotation_context,0.5,1.0,0.0,0.6008771929824562,MFE_norm+ddG_norm+ddG_Z,0.7039473684210527,mean_arm_fraction_plus_max_bpp,0.5,0.0,0.0,2,median_separation,15,61,0.0,0.0,1.0,0.0,0.0,0.0,0.0,0.0,0.0,1.0,0.0,0.0,0.0,0.0,0.5,1.0,1.0,0.44298245614035087,0.4276315789473684,0.0,0.0,0.5,1.0,0.0,0.4912280701754386,0.5460526315789473,0.0,0.0,ID_B1_dup40210,L2a_dup8964,Gm53342,Gm53342,Promoter (<=1kb),Promoter (<=1kb),B4,ID_B1,L2,L2a,direct,inverted,-58.0,-260.0896860986547,-22.5,-23.8,-11.700000000000005,-52.466367713004495,-0.3201126005804816,-10.446,3.917371567773473,50,50,True,randomized_eulerian_exact_dinucleotide,25.47252535914403,0.9813553310480958,4723,726,0.2547252535914402,0.2309094778491511,60.57985719654265,223.16600901916576,0.9984491603754272,0.9996842609116272,True,True,False,False,True,True,0.9968983207508544,3,2,1,-1.66462006320204,5.57677676572582e-09,SINE,Gm53342,Promoter (<=1kb),118567454.0,"predicted gene, 53342",,-1.69892986555298,9.343009972426899e-13,LINE,Gm53342,Promoter (<=1kb),118567454.0,"predicted gene, 53342",,-1.6817749643775102,9.343009972426899e-13,FPC_Control_up,FPC_Control_up,0,0,0,0,0,0.0,0.0,0.0,0,0,0,0,0,0,0,0,0,0,0,0,0,0,0,0,0,,,,,,,,,657374.0,0.0128929402650923,-0.049,,none,,,Pzp,47951,intron_body,0.5,1.0,0.0,0.6008771929824562,0.7039473684210527,0.5,0.0
ORR1B1_dup9915__L2_dup10146,24,not_prioritized,False,34.9,0-49,22,0.7123287671232876,2,0.0,0.40789473684210525,0.46898496240601506,0.0,0.0,0.0,0.35657894736842105,0.8914473684210527,0.0,0,adaptive_gate_median_separation,conservative,True,control_enriched,high,high,high,both_FPC_Control_up,True,True,False,False,False,,,0.0,0.0,neutral,0,1,1,-1,control_enriched,,,,promoter,promoter,acceptable_annotation_context,0.5,1.0,0.0,0.8947368421052633,MFE_norm+ddG_norm+ddG_Z,0.888157894736842,mean_arm_fraction_plus_max_bpp,0.0,0.0,0.0,2,median_separation,15,61,0.0,0.0,1.0,0.0,0.0,0.0,0.0,0.0,0.0,1.0,0.0,0.0,0.0,0.0,0.5,1.0,1.0,0.44298245614035087,0.4276315789473684,0.0,0.0,0.5,1.0,0.0,0.4912280701754386,0.5460526315789473,0.0,0.0,ORR1B1_dup9915,L2_dup10146,Gm33543,Gm33543,Promoter (1-2kb),Promoter (2-3kb),ERVL-MaLR,ORR1B1,L2,L2,direct,inverted,-255.1,-315.327564894932,-50.5,-162.6,-42.0,-51.9159456118665,-2.685785484930686,-22.5112,7.256275718722549,50,50,True,randomized_eulerian_exact_dinucleotide,86.89923964567005,0.9999491796902288,49240,2741,0.3845099099365931,0.2667826047501748,9.637117346938776,20.812500000000004,0.2200163236494385,0.881726113868971,True,True,False,False,True,True,0.5599673527011231,3,3,0,-2.97369718900334,4.67840813552673e-05,LTR,Gm33543,Promoter (1-2kb),102636491.0,"predicted gene, 33543",ENSMUSG00000110353,-3.62658506094049,5.320492222092449e-12,LINE,Gm33543,Promoter (2-3kb),102636491.0,"predicted gene, 33543",ENSMUSG00000110353,-3.300141124971915,5.320492222092449e-12,FPC_Control_up,FPC_Control_up,0,0,0,0,0,0.0,0.0,0.0,0,0,0,0,0,0,0,0,0,0,0,0,0,0,0,0,0,,,,,,,,,39917.0,0.0046383359036727,0.254,,none,,,4732465J04Rik,31697,intron_body,0.5,1.0,0.0,0.8947368421052633,0.888157894736842,0.0,0.0
B1F_dup13979__B3_dup53361,25,not_prioritized,False,34.23,0-49,23,0.6986301369863014,3,0.0,0.40789473684210525,0.46804511278195493,0.0,0.0,0.0,0.35526315789473684,0.6381578947368421,0.16666666666666666,1,adaptive_gate_median_separation,conservative,True,not_case_priority,high,high,high,discordant,True,True,False,True,False,,,0.0,0.0,neutral,2,0,2,2,case_enriched,,,,promoter,promoter,acceptable_annotation_context,0.5,1.0,0.0,0.7105263157894738,MFE_norm+ddG_norm+ddG_Z,0.5657894736842105,mean_arm_fraction_plus_max_bpp,0.5,0.0,0.0,2,median_separation,15,61,0.0,0.0,1.0,0.0,0.0,0.0,0.0,0.0,0.0,1.0,0.0,0.0,0.0,0.0,0.5,1.0,1.0,0.44298245614035087,0.4276315789473684,0.0,0.0,0.5,1.0,0.0,0.4912280701754386,0.5460526315789473,0.0,0.0,B1F_dup13979,B3_dup53361,Gm52871,Gm52871,Promoter (2-3kb),Promoter (1-2kb),Alu,B1F,B2,B3,inverted,direct,-108.0,-336.4485981308411,-36.5,-61.7,-9.799999999999995,-30.52959501557632,-0.2529169271415317,-8.888,3.605927093561605,50,50,True,randomized_eulerian_exact_dinucleotide,23.62873046759162,0.9918624115008609,10055,725,0.179005533845391,0.1520126358845781,11.121088435374151,16.379591836734694,0.419745534621972,0.9885995514577623,True,True,False,False,True,True,0.160508930756056,3,3,1,2.15235971726287,0.0305327765587804,SINE,Gm52871,Promoter (2-3kb),115490364.0,"predicted gene, 52871",,-1.1348516432691,0.0107560295562185,SINE,Gm52871,Promoter (1-2kb),115490364.0,"predicted gene, 52871",,0.508754036996885,0.0107560295562185,FPC_Advanced_up,FPC_Control_up,0,0,0,0,0,0.0,0.0,0.0,0,0,0,0,0,0,0,0,0,0,0,0,0,0,0,0,0,,,,,,,,,22775.0,0.0094548700177026,-0.324,,none,,,Ttll3,102779,intron_body,0.5,1.0,0.0,0.7105263157894738,0.5657894736842105,0.5,0.0
L1MdA_II_dup1315__RLTR9A3A_dup77,26,not_prioritized,False,33.56,0-49,24,0.684931506849315,3,0.0,0.40789473684210525,0.46021303258145363,0.0,0.0,0.0,0.2442982456140351,0.3607456140350877,0.16666666666666666,1,adaptive_gate_median_separation,conservative,True,control_enriched,high,high,high,both_FPC_Control_up,True,True,False,True,False,,,0.0,0.0,neutral,4,2,6,2,case_enriched,,,,promoter,promoter,acceptable_annotation_context,1.0,1.0,0.0,0.1754385964912281,MFE_norm+ddG_norm+ddG_Z,0.5460526315789473,mean_arm_fraction_plus_max_bpp,0.5,0.0,0.0,2,median_separation,15,61,0.0,0.0,1.0,0.0,0.0,0.0,0.0,0.0,0.0,1.0,0.0,0.0,0.0,0.0,0.5,1.0,1.0,0.44298245614035087,0.4276315789473684,0.0,0.0,0.5,1.0,0.0,0.4912280701754386,0.5460526315789473,0.0,0.0,L1MdA_II_dup1315,RLTR9A3A_dup77,Gm12909,Gm12909,Promoter (2-3kb),Promoter (1-2kb),L1,L1MdA_II,ERVK,RLTR9A3A,inverted,inverted,-337.6,-260.0924499229584,-248.3,-75.8,-13.5,-10.40061633281972,1.7705015684518968,-23.827600000000004,5.833149308661907,50,50,True,randomized_eulerian_exact_dinucleotide,77.60427177348046,0.9811123521734946,126826,3479,0.2323481190822768,0.1564252378468855,33.31009783368274,95.55817610062894,0.964466845337683,0.9361058549293844,True,True,False,False,True,True,0.928933690675366,3,3,1,-1.23920169265674,1.91723383706479e-05,LINE,Gm12909,Promoter (2-3kb),105243851.0,predicted gene 12909,,-4.11194401504059,0.0009375278245591,LTR,Gm12909,Promoter (1-2kb),105243851.0,predicted gene 12909,,-2.6755728538486654,1.91723383706479e-05,FPC_Control_up,FPC_Control_up,0,0,0,0,0,0.0,0.0,0.0,0,0,0,0,0,0,0,0,0,0,0,0,0,0,0,0,0,,,,,,,,,222708.0,0.0220572311065597,-0.3,,none,,,Fkbp15,114110,intron_body,1.0,1.0,0.0,0.1754385964912281,0.5460526315789473,0.5,0.0
B1F2_dup16503__PB1D10_dup56054,27,not_prioritized,False,32.89,0-49,25,0.6712328767123288,2,0.0,0.40789473684210525,0.45833333333333337,0.0,0.0,0.0,0.3416666666666667,0.8541666666666666,0.0,0,adaptive_gate_median_separation,conservative,True,control_enriched,uncertain,uncertain,high,both_FPC_Control_up,True,True,False,False,False,,,0.0,0.0,neutral,0,0,0,0,neutral,,,,promoter,promoter,acceptable_annotation_context,0.5,1.0,0.0,0.7675438596491228,MFE_norm+ddG_norm+ddG_Z,0.9407894736842105,mean_arm_fraction_plus_max_bpp,0.0,0.0,0.0,2,median_separation,15,61,0.0,0.0,1.0,0.0,0.0,0.0,0.0,0.0,0.0,1.0,0.0,0.0,0.0,0.0,0.5,1.0,1.0,0.44298245614035087,0.4276315789473684,0.0,0.0,0.5,1.0,0.0,0.4912280701754386,0.5460526315789473,0.0,0.0,B1F2_dup16503,PB1D10_dup56054,Ttc39c,Ttc39c,Promoter (2-3kb),Promoter (1-2kb),Alu,B1F2,Alu,PB1D10,direct,inverted,-48.6,-285.88235294117646,-10.0,-28.6,-10.0,-58.8235294117647,-1.1953696169040706,-6.136,3.2324729902433926,50,50,True,randomized_eulerian_exact_dinucleotide,33.63442546368966,0.9993147164250682,2588,580,0.5255378978701509,0.4214218992354984,105.03713080168777,435.8924050632912,1.0,0.9997502577282166,False,True,False,False,True,True,1.0,1,2,0,-1.72303882135925,3.66745068170422e-13,SINE,Ttc39c,Promoter (2-3kb),72747.0,tetratricopeptide repeat domain 39C,ENSMUSG00000024424,-1.74912649654506,2.17741131466024e-13,SINE,Ttc39c,Promoter (1-2kb),72747.0,tetratricopeptide repeat domain 39C,ENSMUSG00000024424,-1.736082658952155,2.17741131466024e-13,FPC_Control_up,FPC_Control_up,0,0,0,0,0,0.0,0.0,0.0,0,0,0,0,0,0,0,0,0,0,1,4,1,0,4,0,0,,,,,,,2.1747917418901883e-06,0.523,52569.0,0.0023614360578278,0.157,FPC_Advanced_high_RI,symbol_exact,Ttc39c,,Ttc39c,76297,intron_body,0.5,1.0,0.0,0.7675438596491228,0.9407894736842105,0.0,0.0
MTD_dup16534__MTD_dup14915,28,not_prioritized,False,32.22,0-49,26,0.6575342465753424,2,0.0,0.40789473684210525,0.45676691729323304,0.0,0.0,0.0,0.33947368421052626,0.8486842105263157,0.0,0,adaptive_gate_median_separation,conservative,True,control_enriched,high,high,high,both_FPC_Control_up,True,True,False,False,False,,,0.0,0.0,neutral,0,0,0,0,neutral,,,,promoter,promoter,acceptable_annotation_context,0.5,1.0,0.0,0.8421052631578947,MFE_norm+ddG_norm+ddG_Z,0.8552631578947368,mean_arm_fraction_plus_max_bpp,0.0,0.0,0.0,2,median_separation,15,61,0.0,0.0,1.0,0.0,0.0,0.0,0.0,0.0,0.0,1.0,0.0,0.0,0.0,0.0,0.5,1.0,1.0,0.44298245614035087,0.4276315789473684,0.0,0.0,0.5,1.0,0.0,0.4912280701754386,0.5460526315789473,0.0,0.0,MTD_dup16534,MTD_dup14915,Cyp3a25,Cyp3a25,Promoter (<=1kb),Promoter (1-2kb),ERVL-MaLR,MTD,ERVL-MaLR,MTD,inverted,direct,-173.5,-300.1730103806229,-44.3,-106.6,-22.600000000000023,-39.100346020761286,-2.998920519049424,-9.875999999999998,4.242860028859046,50,50,True,randomized_eulerian_exact_dinucleotide,63.43566399621867,0.9999074857692912,29905,1623,0.323651346919483,0.2448566472767816,88.6470588235294,361.1725490196079,0.0025215660252156,0.0027208040622952,True,True,False,False,True,True,0.9949568679495688,3,3,0,-1.17490128971906,0.0229379187754918,LTR,Cyp3a25,Promoter (<=1kb),56388.0,"cytochrome P450, family 3, subfamily a, polypeptide 25",ENSMUSG00000029630,-1.71341336131852,3.3501399941722e-09,LTR,Cyp3a25,Promoter (1-2kb),56388.0,"cytochrome P450, family 3, subfamily a, polypeptide 25",ENSMUSG00000029630,-1.44415732551879,3.3501399941722e-09,FPC_Control_up,FPC_Control_up,0,0,0,0,0,0.0,0.0,0.0,0,0,0,0,0,0,0,0,0,0,1,11,1,0,11,0,0,,,,,,,1.946584238826214e-10,0.224,6666.0,4.228449532751971e-05,-0.06,FPC_Control_high_RI,symbol_exact,Cyp3a25,,Cyp3a25,86476,intron_body,0.5,1.0,0.0,0.8421052631578947,0.8552631578947368,0.0,0.0
ID_B1_dup107846__MER74A_dup648,29,not_prioritized,False,31.55,0-49,27,0.6438356164383562,2,0.0,0.40789473684210525,0.4458020050125313,0.0,0.0,0.0,0.2241228070175439,0.5603070175438597,0.0,0,adaptive_gate_median_separation,conservative,True,not_case_priority,high,high,high,discordant,True,True,False,False,False,,,0.0,0.0,neutral,0,0,0,0,neutral,,,,intron,intron,acceptable_annotation_context,1.0,1.0,0.0,0.5614035087719299,MFE_norm+ddG_norm+ddG_Z,0.5592105263157895,mean_arm_fraction_plus_max_bpp,0.0,0.0,0.0,2,median_separation,15,61,0.0,0.0,1.0,0.0,0.0,0.0,0.0,0.0,0.0,1.0,0.0,0.0,0.0,0.0,0.5,1.0,1.0,0.44298245614035087,0.4276315789473684,0.0,0.0,0.5,1.0,0.0,0.4912280701754386,0.5460526315789473,0.0,0.0,ID_B1_dup107846,MER74A_dup648,Arhgap6,Arhgap6,"Intron (ENSMUST00000033721.13/11856, intron 1 of 12)","Intron (ENSMUST00000033721.13/11856, intron 1 of 12)",B4,ID_B1,ERVL,MER74A,inverted,inverted,-185.2,-259.02097902097904,-49.0,-119.5,-16.69999999999999,-23.356643356643342,-1.13416446056329,-11.354000000000005,4.713602114939188,50,50,True,randomized_eulerian_exact_dinucleotide,57.30514848864618,0.9666703151784256,38914,2747,0.2809075906306185,0.1965253691789552,8.559200249921899,5.3870665417057175,0.8954668223957953,0.2700069589422407,True,True,False,False,True,True,0.7909336447915907,3,3,0,1.7414819332102,0.0195150623891699,SINE,Arhgap6,"Intron (ENSMUST00000033721.13/11856, intron 1 of 12)",11856.0,Rho GTPase activating protein 6,ENSMUSG00000031355,-1.6927892555497,0.0257659206218088,LTR,Arhgap6,"Intron (ENSMUST00000033721.13/11856, intron 1 of 12)",11856.0,Rho GTPase activating protein 6,ENSMUSG00000031355,0.02434633883025006,0.0195150623891699,FPC_Advanced_up,FPC_Control_up,0,0,0,0,0,0.0,0.0,0.0,0,0,0,0,0,0,0,0,0,0,1,1,1,0,1,0,0,,,,,,,0.0039299801215291,0.349,360231.0,0.0039299801215291,-0.349,FPC_Control_high_RI,symbol_exact,Arhgap6,,Arhgap6,54308,intron_body,1.0,1.0,0.0,0.5614035087719299,0.5592105263157895,0.0,0.0
MTD_dup47960__RMER13A_dup896,30,not_prioritized,False,30.88,0-49,28,0.6301369863013698,2,0.0,0.40789473684210525,0.4404761904761905,0.0,0.0,0.0,0.21666666666666665,0.5416666666666666,0.0,0,adaptive_gate_median_separation,conservative,True,control_enriched,high,high,high,both_FPC_Control_up,True,True,False,False,False,,,0.0,0.0,neutral,0,0,0,0,neutral,,,,intron,intron,acceptable_annotation_context,1.0,1.0,0.0,0.41228070175438597,MFE_norm+ddG_norm+ddG_Z,0.6710526315789473,mean_arm_fraction_plus_max_bpp,0.0,0.0,0.0,2,median_separation,15,61,0.0,0.0,1.0,0.0,0.0,0.0,0.0,0.0,0.0,1.0,0.0,0.0,0.0,0.0,0.5,1.0,1.0,0.44298245614035087,0.4276315789473684,0.0,0.0,0.5,1.0,0.0,0.4912280701754386,0.5460526315789473,0.0,0.0,MTD_dup47960,RMER13A_dup896,Cyp2c37,Cyp2c37,"Intron (ENSMUST00000049178.3/13096, intron 8 of 8)","Intron (ENSMUST00000049178.3/13096, intron 7 of 8)",ERVL-MaLR,MTD,ERVK,RMER13A,inverted,inverted,-321.4,-266.28003314001654,-90.7,-214.6,-16.099999999999966,-13.338856669428306,-0.6156173286884978,-13.146200000000004,4.798110550742122,50,50,True,randomized_eulerian_exact_dinucleotide,95.54455229204366,0.9990085195798568,112795,3320,0.2443594687776052,0.1807241904501039,0.7687312687312686,10.44717782217782,0.896469568984189,0.5661299769307084,True,True,False,True,True,True,0.7929391379683779,3,3,0,-2.7084544947525,0.0003474712137876,LTR,Cyp2c37,"Intron (ENSMUST00000049178.3/13096, intron 8 of 8)",13096.0,"cytochrome P450, family 2. subfamily c, polypeptide 37",ENSMUSG00000042248,-5.8592879423933,5.15124669255419e-06,LTR,Cyp2c37,"Intron (ENSMUST00000049178.3/13096, intron 7 of 8)",13096.0,"cytochrome P450, family 2. subfamily c, polypeptide 37",ENSMUSG00000042248,-4.2838712185729,5.15124669255419e-06,FPC_Control_up,FPC_Control_up,0,0,0,0,0,0.0,0.0,0.0,0,0,0,0,0,0,0,0,0,0,1,1,1,0,1,0,0,,,,,,,0.0079786391799147,0.068,14318.0,0.0079786391799147,-0.068,FPC_Control_high_RI,symbol_exact,Cyp2c37,,Cyp2c37,107941,intron_body,1.0,1.0,0.0,0.41228070175438597,0.6710526315789473,0.0,0.0
MT2A_dup1341__ID_B1_dup10250,31,not_prioritized,False,30.21,0-49,29,0.6164383561643836,2,0.0,0.40789473684210525,0.43828320802005016,0.0,0.0,0.0,0.3135964912280702,0.7839912280701755,0.0,0,adaptive_gate_median_separation,conservative,True,not_case_priority,high,high,high,discordant,True,True,False,False,False,,,0.0,0.0,neutral,0,0,0,0,neutral,,,,intron,intron,acceptable_annotation_context,0.5,1.0,0.0,0.7719298245614036,MFE_norm+ddG_norm+ddG_Z,0.7960526315789473,mean_arm_fraction_plus_max_bpp,0.0,0.0,0.0,2,median_separation,15,61,0.0,0.0,1.0,0.0,0.0,0.0,0.0,0.0,0.0,1.0,0.0,0.0,0.0,0.0,0.5,1.0,1.0,0.44298245614035087,0.4276315789473684,0.0,0.0,0.5,1.0,0.0,0.4912280701754386,0.5460526315789473,0.0,0.0,MT2A_dup1341,ID_B1_dup10250,Gm25881,Gm25881,"Intron (ENSMUST00000143911.8/15378, intron 1 of 2)","Intron (ENSMUST00000143911.8/15378, intron 1 of 2)",ERVL,MT2A,B4,ID_B1,inverted,direct,-133.2,-334.6733668341708,-101.0,-17.4,-14.799999999999985,-37.18592964824117,-0.7740004837594585,-11.064,4.826870368159934,50,50,True,randomized_eulerian_exact_dinucleotide,27.58473066080384,0.9921700370874582,8305,563,0.437852867631807,0.260097673608148,20.799393939393937,66.34590909090909,0.1559777382790874,0.0015141030823302,True,True,False,False,True,True,0.6880445234418252,3,3,0,2.14997941268204,0.0327099196948971,LTR,Gm25881,"Intron (ENSMUST00000143911.8/15378, intron 1 of 2)",115489577.0,"predicted gene, 25881",ENSMUSG00000088408,-1.91322524592679,1.4098224124396399e-11,SINE,Gm25881,"Intron (ENSMUST00000143911.8/15378, intron 1 of 2)",115489577.0,"predicted gene, 25881",ENSMUSG00000088408,0.11837708337762509,1.4098224124396399e-11,FPC_Advanced_up,FPC_Control_up,0,0,0,0,0,0.0,0.0,0.0,0,0,0,0,0,0,0,0,0,0,0,0,0,0,0,0,0,,,,,,,,,37635.0,0.0007062875400603,-0.443,,none,,,Hnf4a,14141,intron_body,0.5,1.0,0.0,0.7719298245614036,0.7960526315789473,0.0,0.0
RMER16A3_dup750__MTA_Mm_dup15898,32,not_prioritized,False,29.53,0-49,30,0.6027397260273972,2,0.0,0.40789473684210525,0.43609022556390975,0.0,0.0,0.0,0.21052631578947367,0.5263157894736842,0.0,0,adaptive_gate_median_separation,conservative,True,control_enriched,high,high,high,both_FPC_Control_up,True,True,False,False,False,,,0.0,0.0,neutral,0,0,0,0,neutral,,,,distal_intergenic,distal_intergenic,acceptable_annotation_context,1.0,1.0,0.0,0.5921052631578947,MFE_norm+ddG_norm+ddG_Z,0.4605263157894737,mean_arm_fraction_plus_max_bpp,0.0,0.0,0.0,2,median_separation,15,61,0.0,0.0,1.0,0.0,0.0,0.0,0.0,0.0,0.0,1.0,0.0,0.0,0.0,0.0,0.5,1.0,1.0,0.44298245614035087,0.4276315789473684,0.0,0.0,0.5,1.0,0.0,0.4912280701754386,0.5460526315789473,0.0,0.0,RMER16A3_dup750,MTA_Mm_dup15898,Cyp2c37,Cyp2c37,Distal Intergenic,Distal Intergenic,ERVK,RMER16A3,ERVL-MaLR,MTA_Mm,inverted,inverted,-159.1,-294.0850277264325,-25.6,-120.8,-12.699999999999989,-23.475046210720866,-0.2578408574556604,-11.790000000000004,3.5293087720066785,50,50,True,randomized_eulerian_exact_dinucleotide,27.42871503740484,0.9803360727591656,19998,1303,0.1878679112151016,0.128653848059962,0.8404118404118404,10.832046332046332,0.6447166921898929,0.3515713182439256,True,True,False,False,True,True,0.2894333843797858,3,3,0,-2.01201194011556,0.0378346354527166,LTR,Cyp2c37,Distal Intergenic,13096.0,"cytochrome P450, family 2. subfamily c, polypeptide 37",ENSMUSG00000042248,-3.2319937405944,0.0016032499194477,LTR,Cyp2c37,Distal Intergenic,13096.0,"cytochrome P450, family 2. subfamily c, polypeptide 37",ENSMUSG00000042248,-2.62200284035498,0.0016032499194477,FPC_Control_up,FPC_Control_up,0,0,0,0,0,0.0,0.0,0.0,0,0,0,0,0,0,0,0,0,0,1,1,1,0,1,0,0,,,,,,,0.0079786391799147,0.068,20932.0,0.0233253766047961,-0.293,FPC_Control_high_RI,symbol_exact,Cyp2c37,,Cyp2c54,70585,intron_body,1.0,1.0,0.0,0.5921052631578947,0.4605263157894737,0.0,0.0
ID_B1_dup13970__ID_B1_dup10249,33,not_prioritized,False,28.86,0-49,31,0.589041095890411,2,0.0,0.40789473684210525,0.43421052631578944,0.0,0.0,0.0,0.3078947368421053,0.7697368421052632,0.0,0,adaptive_gate_median_separation,conservative,True,not_case_priority,high,high,high,discordant,True,True,False,False,False,,,0.0,0.0,neutral,0,0,0,0,neutral,,,,intron,intron,acceptable_annotation_context,0.5,1.0,0.0,0.6842105263157895,MFE_norm+ddG_norm+ddG_Z,0.8552631578947368,mean_arm_fraction_plus_max_bpp,0.0,0.0,0.0,2,median_separation,15,61,0.0,0.0,1.0,0.0,0.0,0.0,0.0,0.0,0.0,1.0,0.0,0.0,0.0,0.0,0.5,1.0,1.0,0.44298245614035087,0.4276315789473684,0.0,0.0,0.5,1.0,0.0,0.4912280701754386,0.5460526315789473,0.0,0.0,ID_B1_dup13970,ID_B1_dup10249,Gm25881,Gm25881,"Intron (ENSMUST00000143911.8/15378, intron 1 of 2)","Intron (ENSMUST00000143911.8/15378, intron 1 of 2)",B4,ID_B1,B4,ID_B1,inverted,direct,-65.0,-267.4897119341564,-12.7,-39.1,-13.200000000000005,-54.320987654321,-1.0006890280423604,-8.709999999999999,4.486908394292835,50,50,True,randomized_eulerian_exact_dinucleotide,33.021324122237914,0.998138074807018,5114,566,0.3404260218787414,0.2832997373853909,40.13908872901679,137.6160071942446,0.1225952921495996,0.0006600056198498,True,True,False,False,True,True,0.7548094157008007,3,3,0,2.9724887770298,0.0114296648442453,SINE,Gm25881,"Intron (ENSMUST00000143911.8/15378, intron 1 of 2)",115489577.0,"predicted gene, 25881",ENSMUSG00000088408,-1.92570398372844,1.5696239760357899e-12,SINE,Gm25881,"Intron (ENSMUST00000143911.8/15378, intron 1 of 2)",115489577.0,"predicted gene, 25881",ENSMUSG00000088408,0.5233923966506799,1.5696239760357899e-12,FPC_Advanced_up,FPC_Control_up,0,0,0,0,0,0.0,0.0,0.0,0,0,0,0,0,0,0,0,0,0,0,0,0,0,0,0,0,,,,,,,,,46410.0,0.0007062875400603,-0.443,,none,,,Hnf4a,14141,intron_body,0.5,1.0,0.0,0.6842105263157895,0.8552631578947368,0.0,0.0
MIRb_dup5939__B1_Mm_dup4008,34,not_prioritized,False,28.19,0-49,32,0.5753424657534246,2,0.0,0.40789473684210525,0.43295739348370926,0.0,0.0,0.0,0.306140350877193,0.7653508771929824,0.0,0,adaptive_gate_median_separation,conservative,True,not_case_priority,high,high,high,discordant,True,True,False,False,False,,,0.0,0.0,neutral,0,0,0,0,neutral,,,,promoter,promoter,acceptable_annotation_context,0.5,1.0,0.0,0.8070175438596491,MFE_norm+ddG_norm+ddG_Z,0.7236842105263158,mean_arm_fraction_plus_max_bpp,0.0,0.0,0.0,2,median_separation,15,61,0.0,0.0,1.0,0.0,0.0,0.0,0.0,0.0,0.0,1.0,0.0,0.0,0.0,0.0,0.5,1.0,1.0,0.44298245614035087,0.4276315789473684,0.0,0.0,0.5,1.0,0.0,0.4912280701754386,0.5460526315789473,0.0,0.0,MIRb_dup5939,B1_Mm_dup4008,Gm25881,Gm25881,Promoter (<=1kb),Promoter (<=1kb),MIR,MIRb,Alu,B1_Mm,inverted,direct,-92.3,-282.262996941896,-30.0,-44.2,-18.099999999999994,-55.35168195718652,-2.96317282315379,-7.432,3.60019500605629,50,50,True,randomized_eulerian_exact_dinucleotide,29.313199938477496,0.9999564810213512,9217,1093,0.1980621617464695,0.1809115276287585,13.312945973496433,24.037461773700308,0.4463246554364471,0.0124677968258007,True,True,False,False,True,True,0.1073506891271057,3,3,0,3.25222353391608,0.0017664119228946,SINE,Gm25881,Promoter (<=1kb),115489577.0,"predicted gene, 25881",ENSMUSG00000088408,-1.28959982710969,0.0051695923800068,SINE,Gm25881,Promoter (<=1kb),115489577.0,"predicted gene, 25881",ENSMUSG00000088408,0.981311853403195,0.0017664119228946,FPC_Advanced_up,FPC_Control_up,0,0,0,0,0,0.0,0.0,0.0,0,0,0,0,0,0,0,0,0,0,0,0,0,0,0,0,0,,,,,,,,,49567.0,0.0007062875400603,-0.443,,none,,,Hnf4a,14141,intron_body,0.5,1.0,0.0,0.8070175438596491,0.7236842105263158,0.0,0.0
Lx2B2_dup9623__RMER13A_dup896,35,not_prioritized,False,27.52,0-49,33,0.5616438356164384,2,0.0,0.40789473684210525,0.4326441102756892,0.0,0.0,0.0,0.20570175438596494,0.5142543859649124,0.0,0,adaptive_gate_median_separation,conservative,True,control_enriched,high,high,high,both_FPC_Control_up,True,True,False,False,False,,,0.0,0.0,neutral,0,0,0,0,neutral,,,,intron,intron,acceptable_annotation_context,1.0,1.0,0.0,0.456140350877193,MFE_norm+ddG_norm+ddG_Z,0.5723684210526316,mean_arm_fraction_plus_max_bpp,0.0,0.0,0.0,2,median_separation,15,61,0.0,0.0,1.0,0.0,0.0,0.0,0.0,0.0,0.0,1.0,0.0,0.0,0.0,0.0,0.5,1.0,1.0,0.44298245614035087,0.4276315789473684,0.0,0.0,0.5,1.0,0.0,0.4912280701754386,0.5460526315789473,0.0,0.0,Lx2B2_dup9623,RMER13A_dup896,Cyp2c37,Cyp2c37,"Intron (ENSMUST00000049178.3/13096, intron 7 of 8)","Intron (ENSMUST00000049178.3/13096, intron 7 of 8)",L1,Lx2B2,ERVK,RMER13A,inverted,inverted,-435.3,-245.3776775648253,-196.1,-214.6,-24.600000000000023,-13.866967305524252,-1.693604379352177,-14.837199999999998,5.76451036559932,50,50,True,randomized_eulerian_exact_dinucleotide,140.36378112628887,0.9853834705037848,296511,7703,0.1720144376547657,0.1592659772440263,0.4216459977452085,10.047068771138669,0.6016042780748664,0.3339972508205459,True,True,True,False,True,True,0.2032085561497327,5,3,0,-3.44102664709525,0.0016879962050134,LINE,Cyp2c37,"Intron (ENSMUST00000049178.3/13096, intron 7 of 8)",13096.0,"cytochrome P450, family 2. subfamily c, polypeptide 37",ENSMUSG00000042248,-5.8592879423933,5.15124669255419e-06,LTR,Cyp2c37,"Intron (ENSMUST00000049178.3/13096, intron 7 of 8)",13096.0,"cytochrome P450, family 2. subfamily c, polypeptide 37",ENSMUSG00000042248,-4.650157294744275,5.15124669255419e-06,FPC_Control_up,FPC_Control_up,0,0,0,0,0,0.0,0.0,0.0,0,0,0,0,0,0,0,0,0,0,1,1,1,0,1,0,0,,,,,,,0.0079786391799147,0.068,13360.0,0.0079786391799147,-0.068,FPC_Control_high_RI,symbol_exact,Cyp2c37,,Cyp2c37,107941,intron_body,1.0,1.0,0.0,0.456140350877193,0.5723684210526316,0.0,0.0
RMER1B_dup2373__B4_dup23606,36,not_prioritized,False,26.85,0-49,34,0.547945205479452,2,0.0,0.40789473684210525,0.4298245614035087,0.0,0.0,0.0,0.2017543859649123,0.5043859649122807,0.0,0,adaptive_gate_median_separation,conservative,True,not_case_priority,high,high,high,discordant,True,True,False,False,False,,,0.0,0.0,neutral,0,0,0,0,neutral,,,,promoter,promoter,acceptable_annotation_context,1.0,1.0,0.0,0.587719298245614,MFE_norm+ddG_norm+ddG_Z,0.4210526315789474,mean_arm_fraction_plus_max_bpp,0.0,0.0,0.0,2,median_separation,15,61,0.0,0.0,1.0,0.0,0.0,0.0,0.0,0.0,0.0,1.0,0.0,0.0,0.0,0.0,0.5,1.0,1.0,0.44298245614035087,0.4276315789473684,0.0,0.0,0.5,1.0,0.0,0.4912280701754386,0.5460526315789473,0.0,0.0,RMER1B_dup2373,B4_dup23606,Akr1d1,Akr1d1,Promoter (2-3kb),Promoter (1-2kb),L1-dep,RMER1B,B4,B4,inverted,inverted,-336.2,-351.673640167364,-276.0,-46.6,-13.599999999999966,-14.225941422594108,-0.1713870609558995,-12.849999999999998,4.37605963844,50,50,True,randomized_eulerian_exact_dinucleotide,29.704993754335536,0.9742073685449414,46262,1189,0.2007094172590239,0.1187365116953136,23.62962962962964,71.94197530864197,0.8742366190642052,0.9953809368546898,True,True,False,False,True,True,0.7484732381284105,3,3,0,2.3536533362592,0.0042401435931354,Retroposon,Akr1d1,Promoter (2-3kb),208665.0,"aldo-keto reductase family 1, member D1",ENSMUSG00000038641,-1.9405543790779,1.17234491105909e-06,SINE,Akr1d1,Promoter (1-2kb),208665.0,"aldo-keto reductase family 1, member D1",ENSMUSG00000038641,0.20654947859064998,1.17234491105909e-06,FPC_Advanced_up,FPC_Control_up,0,0,0,0,0,0.0,0.0,0.0,0,0,0,0,0,0,0,0,0,0,1,1,1,0,1,0,0,,,,,,,0.0263534559568418,0.079,26577.0,0.0263534559568418,0.079,FPC_Advanced_high_RI,symbol_exact,Akr1d1,,Akr1d1,58942,intron_body,1.0,1.0,0.0,0.587719298245614,0.4210526315789474,0.0,0.0
Lx2B2_dup9624__RMER13A_dup896,37,not_prioritized,False,26.18,0-49,35,0.5342465753424658,2,0.0,0.40789473684210525,0.42199248120300753,0.0,0.0,0.0,0.19078947368421054,0.4769736842105263,0.0,0,adaptive_gate_median_separation,conservative,True,control_enriched,high,high,high,both_FPC_Control_up,True,True,False,False,False,,,0.0,0.0,neutral,0,0,0,0,neutral,,,,intron,intron,acceptable_annotation_context,1.0,1.0,0.0,0.3552631578947369,MFE_norm+ddG_norm+ddG_Z,0.5986842105263158,mean_arm_fraction_plus_max_bpp,0.0,0.0,0.0,2,median_separation,15,61,0.0,0.0,1.0,0.0,0.0,0.0,0.0,0.0,0.0,1.0,0.0,0.0,0.0,0.0,0.5,1.0,1.0,0.44298245614035087,0.4276315789473684,0.0,0.0,0.5,1.0,0.0,0.4912280701754386,0.5460526315789473,0.0,0.0,Lx2B2_dup9624,RMER13A_dup896,Cyp2c37,Cyp2c37,"Intron (ENSMUST00000049178.3/13096, intron 7 of 8)","Intron (ENSMUST00000049178.3/13096, intron 7 of 8)",L1,Lx2B2,ERVK,RMER13A,inverted,inverted,-357.4,-268.1170292573143,-125.9,-214.6,-16.899999999999977,-12.67816954238558,0.0367830316277489,-17.0786,4.855499726272953,50,50,True,randomized_eulerian_exact_dinucleotide,97.09273876877722,0.9942545773058672,165072,5734,0.1878002684115613,0.153393233941551,0.4576144036009001,9.618717179294825,0.7863387978142077,0.4391951176711448,True,True,False,False,True,True,0.5726775956284154,3,3,0,-3.08574626459124,0.003550126535551,LINE,Cyp2c37,"Intron (ENSMUST00000049178.3/13096, intron 7 of 8)",13096.0,"cytochrome P450, family 2. subfamily c, polypeptide 37",ENSMUSG00000042248,-5.8592879423933,5.15124669255419e-06,LTR,Cyp2c37,"Intron (ENSMUST00000049178.3/13096, intron 7 of 8)",13096.0,"cytochrome P450, family 2. subfamily c, polypeptide 37",ENSMUSG00000042248,-4.472517103492271,5.15124669255419e-06,FPC_Control_up,FPC_Control_up,0,0,0,0,0,0.0,0.0,0.0,0,0,0,0,0,0,0,0,0,0,1,1,1,0,1,0,0,,,,,,,0.0079786391799147,0.068,14318.0,0.0079786391799147,-0.068,FPC_Control_high_RI,symbol_exact,Cyp2c37,,Cyp2c37,107941,intron_body,1.0,1.0,0.0,0.3552631578947369,0.5986842105263158,0.0,0.0
MIRb_dup15134__B1_Mus1_dup33048,38,not_prioritized,False,25.51,0-49,36,0.5205479452054794,2,0.0,0.40789473684210525,0.41823308270676696,0.0,0.0,0.0,0.28552631578947374,0.7138157894736843,0.0,0,adaptive_gate_median_separation,conservative,True,not_case_priority,high,high,high,discordant,True,True,False,False,False,,,0.0,0.0,neutral,0,0,0,0,neutral,,,,promoter,promoter,acceptable_annotation_context,0.5,1.0,0.0,0.7105263157894738,MFE_norm+ddG_norm+ddG_Z,0.7171052631578947,mean_arm_fraction_plus_max_bpp,0.0,0.0,0.0,2,median_separation,15,61,0.0,0.0,1.0,0.0,0.0,0.0,0.0,0.0,0.0,1.0,0.0,0.0,0.0,0.0,0.5,1.0,1.0,0.44298245614035087,0.4276315789473684,0.0,0.0,0.5,1.0,0.0,0.4912280701754386,0.5460526315789473,0.0,0.0,MIRb_dup15134,B1_Mus1_dup33048,Cidec,Cidec,Promoter (<=1kb),Promoter (1-2kb),MIR,MIRb,Alu,B1_Mus1,inverted,direct,-89.6,-289.0322580645161,-40.5,-36.9,-12.199999999999989,-39.35483870967738,-0.8606754465797652,-9.428,3.220726245898648,50,50,True,randomized_eulerian_exact_dinucleotide,31.73494548497017,0.9975413804947642,9055,1191,0.2173626403080149,0.205434202730136,11.646396396396396,11.946187258687258,0.2151006989529519,0.9922028077971922,True,True,False,False,True,True,0.5697986020940962,3,3,0,3.99280114035038,0.0021071092799585,SINE,Cidec,Promoter (<=1kb),14311.0,cell death-inducing DFFA-like effector c,ENSMUSG00000030278,-1.67628538475929,0.0342718583588412,SINE,Cidec,Promoter (1-2kb),14311.0,cell death-inducing DFFA-like effector c,ENSMUSG00000030278,1.158257877795545,0.0021071092799585,FPC_Advanced_up,FPC_Control_up,0,0,0,0,0,0.0,0.0,0.0,0,0,0,0,0,0,0,0,0,0,0,0,0,0,0,0,0,,,,,,,,,25601.0,0.0094548700177026,-0.324,,none,,,Ttll3,102779,intron_body,0.5,1.0,0.0,0.7105263157894738,0.7171052631578947,0.0,0.0
L2c_dup3890__MIRb_dup15604,39,not_prioritized,False,24.84,0-49,37,0.5068493150684932,2,0.0,0.40789473684210525,0.41478696741854637,0.0,0.0,0.0,0.1807017543859649,0.45175438596491224,0.0,0,adaptive_gate_median_separation,conservative,True,not_case_priority,high,high,high,discordant,True,True,False,False,False,,,0.0,0.0,neutral,0,0,0,0,neutral,,,,promoter,promoter,acceptable_annotation_context,1.0,1.0,0.0,0.2587719298245614,MFE_norm+ddG_norm+ddG_Z,0.6447368421052632,mean_arm_fraction_plus_max_bpp,0.0,0.0,0.0,2,median_separation,15,61,0.0,0.0,1.0,0.0,0.0,0.0,0.0,0.0,0.0,1.0,0.0,0.0,0.0,0.0,0.5,1.0,1.0,0.44298245614035087,0.4276315789473684,0.0,0.0,0.5,1.0,0.0,0.4912280701754386,0.5460526315789473,0.0,0.0,L2c_dup3890,MIRb_dup15604,Gm33429,Gm33429,Promoter (<=1kb),Promoter (<=1kb),L2,L2c,MIR,MIRb,inverted,inverted,-74.7,-215.27377521613835,-15.7,-53.5,-5.5,-15.850144092219022,0.7639518328461453,-8.568,4.015959996548466,50,50,True,randomized_eulerian_exact_dinucleotide,31.107344282565272,0.9844966938808392,10178,2222,0.2636215617166548,0.1997307465407843,10.330985915492958,17.280516431924884,0.515791865485117,0.9727976635196632,True,True,True,False,True,True,0.031583730970234,5,3,0,2.82201422129912,0.0029129864124382,LINE,Gm33429,Promoter (<=1kb),102636331.0,"predicted gene, 33429",,-1.15534856050581,0.004060545012536,SINE,Gm33429,Promoter (<=1kb),102636331.0,"predicted gene, 33429",,0.8333328303966551,0.0029129864124382,FPC_Advanced_up,FPC_Control_up,0,0,0,0,0,0.0,0.0,0.0,0,0,0,0,0,0,0,0,0,0,0,0,0,0,0,0,0,,,,,,,,,32258.0,0.0263534559568418,0.079,,none,,,Akr1d1,58942,intron_body,1.0,1.0,0.0,0.2587719298245614,0.6447368421052632,0.0,0.0
PB1D10_dup10761__Charlie4a_dup197,40,not_prioritized,False,24.16,0-49,38,0.4931506849315068,2,0.0,0.40789473684210525,0.4110275689223058,0.0,0.0,0.0,0.2754385964912281,0.6885964912280702,0.0,0,adaptive_gate_median_separation,conservative,True,control_enriched,uncertain,uncertain,uncertain,both_FPC_Control_up,True,True,False,False,False,,,0.0,0.0,neutral,0,0,0,0,neutral,,,,promoter,promoter,acceptable_annotation_context,0.5,1.0,0.0,0.6008771929824562,MFE_norm+ddG_norm+ddG_Z,0.7763157894736843,mean_arm_fraction_plus_max_bpp,0.0,0.0,0.0,2,median_separation,15,61,0.0,0.0,1.0,0.0,0.0,0.0,0.0,0.0,0.0,1.0,0.0,0.0,0.0,0.0,0.5,1.0,1.0,0.44298245614035087,0.4276315789473684,0.0,0.0,0.5,1.0,0.0,0.4912280701754386,0.5460526315789473,0.0,0.0,PB1D10_dup10761,Charlie4a_dup197,Gm15998,Gm15998,Promoter (1-2kb),Promoter (<=1kb),Alu,PB1D10,hAT-Charlie,Charlie4a,direct,inverted,-95.9,-217.95454545454547,-17.7,-64.3,-13.900000000000006,-31.590909090909104,-1.9993425206036983,-7.560000000000001,3.171042447537029,50,50,True,randomized_eulerian_exact_dinucleotide,32.59437469585063,0.9994168505393328,12337,1152,0.3164502397655401,0.2065847262564356,3.10193099081988,14.556980056980056,1.0,1.0,False,False,False,False,True,True,1.0,1,3,0,-1.05174973700077,0.0326469375487921,SINE,Gm15998,Promoter (1-2kb),100038411.0,predicted gene 15998,,-2.36813948910088,1.75222832369868e-10,DNA,Gm15998,Promoter (<=1kb),100038411.0,predicted gene 15998,,-1.709944613050825,1.75222832369868e-10,FPC_Control_up,FPC_Control_up,0,0,0,0,0,0.0,0.0,0.0,0,0,0,0,0,0,0,0,0,0,0,0,0,0,0,0,0,,,,,,,,,132903.0,0.0002770508967753,-0.227,,none,,,Gm45927,58533,intron_body,0.5,1.0,0.0,0.6008771929824562,0.7763157894736843,0.0,0.0
ORR1A2_dup9123__L2_dup10146,41,not_prioritized,False,23.49,0-49,39,0.4794520547945205,2,0.0,0.40789473684210525,0.4038220551378446,0.0,0.0,0.0,0.26535087719298245,0.6633771929824561,0.0,0,adaptive_gate_median_separation,conservative,True,control_enriched,high,high,high,both_FPC_Control_up,True,True,False,False,False,,,0.0,0.0,neutral,0,1,1,-1,control_enriched,,,,promoter,promoter,acceptable_annotation_context,0.5,1.0,0.0,0.7675438596491229,MFE_norm+ddG_norm+ddG_Z,0.5592105263157895,mean_arm_fraction_plus_max_bpp,0.0,0.0,0.0,2,median_separation,15,61,0.0,0.0,1.0,0.0,0.0,0.0,0.0,0.0,0.0,1.0,0.0,0.0,0.0,0.0,0.5,1.0,1.0,0.44298245614035087,0.4276315789473684,0.0,0.0,0.5,1.0,0.0,0.4912280701754386,0.5460526315789473,0.0,0.0,ORR1A2_dup9123,L2_dup10146,Gm33543,Gm33543,Promoter (1-2kb),Promoter (2-3kb),ERVL-MaLR,ORR1A2,L2,L2,direct,inverted,-279.1,-312.1923937360179,-90.9,-162.6,-25.600000000000023,-28.63534675615215,-1.3094336325768814,-19.4558,4.692257665559294,50,50,True,randomized_eulerian_exact_dinucleotide,79.80755424314468,0.966587868575532,69006,3772,0.2566159300422658,0.196753551850588,7.156658660261543,20.697157726180944,0.3017601431980906,0.9252632902333588,True,True,False,False,True,True,0.3964797136038188,3,3,0,-3.04413998524098,1.00288236209787e-07,LTR,Gm33543,Promoter (1-2kb),102636491.0,"predicted gene, 33543",ENSMUSG00000110353,-3.62658506094049,5.320492222092449e-12,LINE,Gm33543,Promoter (2-3kb),102636491.0,"predicted gene, 33543",ENSMUSG00000110353,-3.335362523090735,5.320492222092449e-12,FPC_Control_up,FPC_Control_up,0,0,0,0,0,0.0,0.0,0.0,0,0,0,0,0,0,0,0,0,0,0,0,0,0,0,0,0,,,,,,,,,39917.0,0.0046383359036727,0.254,,none,,,4732465J04Rik,31697,intron_body,0.5,1.0,0.0,0.7675438596491229,0.5592105263157895,0.0,0.0
RLTR31D_MM_dup2739__ID_B1_dup41104,42,not_prioritized,False,22.82,0-49,40,0.4657534246575342,2,0.0,0.40789473684210525,0.4025689223057644,0.0,0.0,0.0,0.2635964912280702,0.6589912280701755,0.0,0,adaptive_gate_median_separation,conservative,True,control_enriched,high,high,high,both_FPC_Control_up,True,True,False,False,False,,,0.0,0.0,neutral,0,0,0,0,neutral,,,,intron,intron,acceptable_annotation_context,0.5,1.0,0.0,0.6008771929824562,MFE_norm+ddG_norm+ddG_Z,0.7171052631578947,mean_arm_fraction_plus_max_bpp,0.0,0.0,0.0,2,median_separation,15,61,0.0,0.0,1.0,0.0,0.0,0.0,0.0,0.0,0.0,1.0,0.0,0.0,0.0,0.0,0.5,1.0,1.0,0.44298245614035087,0.4276315789473684,0.0,0.0,0.5,1.0,0.0,0.4912280701754386,0.5460526315789473,0.0,0.0,RLTR31D_MM_dup2739,ID_B1_dup41104,Sult2a8,Sult2a8,"Intron (ENSMUST00000168252.9/76971, intron 5 of 6)","Intron (ENSMUST00000168252.9/76971, intron 5 of 6)",ERVK,RLTR31D_MM,B4,ID_B1,inverted,direct,-41.6,-189.0909090909091,0.0,-23.5,-18.1,-82.27272727272728,-0.8407530956781203,-14.456,4.334209435245536,50,50,True,randomized_eulerian_exact_dinucleotide,28.28041597349085,0.9687649044851114,4519,1660,0.3213683633351233,0.2678069694459361,4.5605158730158735,384.9360119047618,0.0081574940178377,0.0088913973797438,True,True,False,False,True,True,0.9836850119643246,3,2,0,-5.12439827999433,5.41684622476998e-06,LTR,Sult2a8,"Intron (ENSMUST00000168252.9/76971, intron 5 of 6)",76971.0,"sulfotransferase family 2A, dehydroepiandrosterone (DHEA)-preferring, member 8",ENSMUSG00000030378,-5.22393435983062,3.63694361501598e-06,SINE,Sult2a8,"Intron (ENSMUST00000168252.9/76971, intron 5 of 6)",76971.0,"sulfotransferase family 2A, dehydroepiandrosterone (DHEA)-preferring, member 8",ENSMUSG00000030378,-5.174166319912475,3.63694361501598e-06,FPC_Control_up,FPC_Control_up,0,0,0,0,0,0.0,0.0,0.0,0,0,0,0,0,0,0,0,0,0,1,3,1,0,3,0,0,,,,,,,2.501778006689051e-08,0.664,1013.0,2.501778006689051e-08,0.664,FPC_Advanced_high_RI,symbol_exact,Sult2a8,,Sult2a8,33012,intron_body,0.5,1.0,0.0,0.6008771929824562,0.7171052631578947,0.0,0.0
MT2A_dup1341__ID_B1_dup10251,43,not_prioritized,False,22.15,0-49,41,0.4520547945205479,2,0.0,0.40789473684210525,0.3966165413533834,0.0,0.0,0.0,0.25526315789473686,0.6381578947368421,0.0,0,adaptive_gate_median_separation,conservative,True,not_case_priority,high,high,high,discordant,True,True,False,False,False,,,0.0,0.0,neutral,0,0,0,0,neutral,,,,intron,intron,acceptable_annotation_context,0.5,1.0,0.0,0.618421052631579,MFE_norm+ddG_norm+ddG_Z,0.6578947368421053,mean_arm_fraction_plus_max_bpp,0.0,0.0,0.0,2,median_separation,15,61,0.0,0.0,1.0,0.0,0.0,0.0,0.0,0.0,0.0,1.0,0.0,0.0,0.0,0.0,0.5,1.0,1.0,0.44298245614035087,0.4276315789473684,0.0,0.0,0.5,1.0,0.0,0.4912280701754386,0.5460526315789473,0.0,0.0,MT2A_dup1341,ID_B1_dup10251,Gm25881,Gm25881,"Intron (ENSMUST00000143911.8/15378, intron 1 of 2)","Intron (ENSMUST00000143911.8/15378, intron 1 of 2)",ERVL,MT2A,B4,ID_B1,inverted,direct,-118.7,-296.75,-101.0,-8.7,-9.0,-22.5,-0.7428293847560141,-6.807999999999998,2.9508794953231083,50,50,True,randomized_eulerian_exact_dinucleotide,27.88265857843614,0.955070349060391,7768,1068,0.4289639781297867,0.2560978973909175,24.12526997840173,77.59557235421167,0.0830498358698895,0.0002087580980745,True,True,False,False,True,True,0.833900328260221,3,3,0,2.14997941268204,0.0327099196948971,LTR,Gm25881,"Intron (ENSMUST00000143911.8/15378, intron 1 of 2)",115489577.0,"predicted gene, 25881",ENSMUSG00000088408,-1.28485590083573,6.02747663805385e-05,SINE,Gm25881,"Intron (ENSMUST00000143911.8/15378, intron 1 of 2)",115489577.0,"predicted gene, 25881",ENSMUSG00000088408,0.43256175592315504,6.02747663805385e-05,FPC_Advanced_up,FPC_Control_up,0,0,0,0,0,0.0,0.0,0.0,0,0,0,0,0,0,0,0,0,0,0,0,0,0,0,0,0,,,,,,,,,37507.0,0.0007062875400603,-0.443,,none,,,Hnf4a,14141,intron_body,0.5,1.0,0.0,0.618421052631579,0.6578947368421053,0.0,0.0
L1MdFanc_I_dup4375__L1MdF_V_dup5688,44,not_prioritized,False,21.48,0-49,42,0.4383561643835616,2,0.0,0.40789473684210525,0.3925438596491228,0.0,0.0,0.0,0.24956140350877193,0.6239035087719298,0.0,0,adaptive_gate_median_separation,conservative,True,not_case_priority,uncertain,uncertain,high,discordant,True,True,False,False,False,,,0.0,0.0,neutral,0,0,0,0,neutral,,,,intron,intron,acceptable_annotation_context,0.5,1.0,0.0,0.7149122807017544,MFE_norm+ddG_norm+ddG_Z,0.5328947368421053,mean_arm_fraction_plus_max_bpp,0.0,0.0,0.0,2,median_separation,15,61,0.0,0.0,1.0,0.0,0.0,0.0,0.0,0.0,0.0,1.0,0.0,0.0,0.0,0.0,0.5,1.0,1.0,0.44298245614035087,0.4276315789473684,0.0,0.0,0.5,1.0,0.0,0.4912280701754386,0.5460526315789473,0.0,0.0,L1MdFanc_I_dup4375,L1MdF_V_dup5688,Nlrp5-ps,Nlrp5-ps,"Intron (ENSMUST00000044683.12/100417675, intron 11 of 12)","Intron (ENSMUST00000044683.12/100417675, intron 11 of 12)",L1,L1MdFanc_I,L1,L1MdF_V,inverted,direct,-398.6,-348.4265734265735,-349.4,-25.1,-24.100000000000023,-21.066433566433588,-0.8195611704824668,-20.09,4.892862356618704,50,50,True,randomized_eulerian_exact_dinucleotide,65.72726498165109,0.885570432791271,74531,3303,0.3572133966394081,0.2128396488309806,1.0780017528483783,2.8045574057844,0.0,0.98890625,False,True,False,False,True,True,1.0,1,3,0,2.41606996485944,0.0246177971224482,LINE,Nlrp5-ps,"Intron (ENSMUST00000044683.12/100417675, intron 11 of 12)",100417675.0,"NLR family, pyrin domain containing 5, pseudogene",ENSMUSG00000121301,-3.44695329654151,0.0071974561438153,LINE,Nlrp5-ps,"Intron (ENSMUST00000044683.12/100417675, intron 11 of 12)",100417675.0,"NLR family, pyrin domain containing 5, pseudogene",ENSMUSG00000121301,-0.515441665841035,0.0071974561438153,FPC_Advanced_up,FPC_Control_up,0,0,0,0,0,0.0,0.0,0.0,0,0,0,0,0,0,0,0,0,0,1,1,1,0,1,0,0,,,,,,,0.0,0.775,20647.0,0.0,-0.775,FPC_Control_high_RI,symbol_exact,Nlrp5-ps,,Nlrp5-ps,100743,intron_body,0.5,1.0,0.0,0.7149122807017544,0.5328947368421053,0.0,0.0
MTC_dup4758__Charlie4a_dup197,45,not_prioritized,False,20.81,0-49,43,0.4246575342465753,2,0.0,0.40789473684210525,0.3903508771929825,0.0,0.0,0.0,0.24649122807017543,0.6162280701754386,0.0,0,adaptive_gate_median_separation,conservative,True,control_enriched,uncertain,uncertain,uncertain,both_FPC_Control_up,True,True,False,False,False,,,0.0,0.0,neutral,0,0,0,0,neutral,,,,promoter,promoter,acceptable_annotation_context,0.5,1.0,0.0,0.6929824561403509,MFE_norm+ddG_norm+ddG_Z,0.5394736842105263,mean_arm_fraction_plus_max_bpp,0.0,0.0,0.0,2,median_separation,15,61,0.0,0.0,1.0,0.0,0.0,0.0,0.0,0.0,0.0,1.0,0.0,0.0,0.0,0.0,0.5,1.0,1.0,0.44298245614035087,0.4276315789473684,0.0,0.0,0.5,1.0,0.0,0.4912280701754386,0.5460526315789473,0.0,0.0,MTC_dup4758,Charlie4a_dup197,Gm15998,Gm15998,Promoter (2-3kb),Promoter (<=1kb),ERVL-MaLR,MTC,hAT-Charlie,Charlie4a,direct,inverted,-194.6,-271.7877094972067,-109.5,-64.3,-20.799999999999983,-29.05027932960892,-2.3362593630986144,-10.222000000000005,4.527750714274388,50,50,True,randomized_eulerian_exact_dinucleotide,52.899781438721085,0.987527848843046,47607,1720,0.1569726452187569,0.1482749524757651,2.6466134642930217,13.411909146715775,1.0,1.0,False,False,False,False,True,True,1.0,1,3,0,-2.16165926686395,0.0002710533272071,LTR,Gm15998,Promoter (2-3kb),100038411.0,predicted gene 15998,,-2.36813948910088,1.75222832369868e-10,DNA,Gm15998,Promoter (<=1kb),100038411.0,predicted gene 15998,,-2.264899377982415,1.75222832369868e-10,FPC_Control_up,FPC_Control_up,0,0,0,0,0,0.0,0.0,0.0,0,0,0,0,0,0,0,0,0,0,0,0,0,0,0,0,0,,,,,,,,,132327.0,0.0002770508967753,-0.227,,none,,,Gm45927,58533,intron_body,0.5,1.0,0.0,0.6929824561403509,0.5394736842105263,0.0,0.0
L2b_dup2072__ID_B1_dup10248,46,not_prioritized,False,20.14,0-49,44,0.410958904109589,2,0.0,0.40789473684210525,0.38878446115288223,0.0,0.0,0.0,0.2442982456140351,0.6107456140350878,0.0,0,adaptive_gate_median_separation,conservative,True,not_case_priority,high,high,high,discordant,True,True,False,False,False,,,0.0,0.0,neutral,0,0,0,0,neutral,,,,promoter,promoter,acceptable_annotation_context,0.5,1.0,0.0,0.6228070175438597,MFE_norm+ddG_norm+ddG_Z,0.5986842105263158,mean_arm_fraction_plus_max_bpp,0.0,0.0,0.0,2,median_separation,15,61,0.0,0.0,1.0,0.0,0.0,0.0,0.0,0.0,0.0,1.0,0.0,0.0,0.0,0.0,0.5,1.0,1.0,0.44298245614035087,0.4276315789473684,0.0,0.0,0.5,1.0,0.0,0.4912280701754386,0.5460526315789473,0.0,0.0,L2b_dup2072,ID_B1_dup10248,Gm25881,Gm25881,Promoter (1-2kb),Promoter (<=1kb),L2,L2b,B4,ID_B1,inverted,direct,-65.4,-294.59459459459464,-18.5,-39.4,-7.500000000000007,-33.78378378378382,-0.0124144402664407,-7.457999999999999,3.383156960652012,50,50,True,randomized_eulerian_exact_dinucleotide,16.713052548246047,0.9903704662621986,4043,765,0.2228407006432806,0.1682674678326813,23.3905415713196,67.44050343249428,0.1205445948149356,0.0015905196545815,True,True,False,False,True,True,0.7589108103701288,3,3,0,3.59612748498422,0.0063346623222874,LINE,Gm25881,Promoter (1-2kb),115489577.0,"predicted gene, 25881",ENSMUSG00000088408,-1.58420130807102,2.66502996433943e-09,SINE,Gm25881,Promoter (<=1kb),115489577.0,"predicted gene, 25881",ENSMUSG00000088408,1.0059630884566,2.66502996433943e-09,FPC_Advanced_up,FPC_Control_up,0,0,0,0,0,0.0,0.0,0.0,0,0,0,0,0,0,0,0,0,0,0,0,0,0,0,0,0,,,,,,,,,51208.0,0.0007062875400603,-0.443,,none,,,Hnf4a,14141,intron_body,0.5,1.0,0.0,0.6228070175438597,0.5986842105263158,0.0,0.0
Lx8_dup55531__L1ME3B_dup402,47,not_prioritized,False,19.47,0-49,45,0.3972602739726027,2,0.0,0.40789473684210525,0.3818922305764411,0.0,0.0,0.0,0.13464912280701755,0.3366228070175439,0.0,0,adaptive_gate_median_separation,conservative,True,not_case_priority,high,high,high,discordant,True,True,False,False,False,,,0.0,0.0,neutral,0,0,0,0,neutral,,,,intron,intron,acceptable_annotation_context,1.0,1.0,0.0,0.2982456140350877,MFE_norm+ddG_norm+ddG_Z,0.375,mean_arm_fraction_plus_max_bpp,0.0,0.0,0.0,2,median_separation,15,61,0.0,0.0,1.0,0.0,0.0,0.0,0.0,0.0,0.0,1.0,0.0,0.0,0.0,0.0,0.5,1.0,1.0,0.44298245614035087,0.4276315789473684,0.0,0.0,0.5,1.0,0.0,0.4912280701754386,0.5460526315789473,0.0,0.0,Lx8_dup55531,L1ME3B_dup402,Arhgap6,Arhgap6,"Intron (ENSMUST00000033721.13/11856, intron 1 of 12)","Intron (ENSMUST00000033721.13/11856, intron 1 of 12)",L1,Lx8,L1,L1ME3B,inverted,inverted,-128.9,-235.6489945155393,-52.2,-68.1,-8.600000000000009,-15.722120658135298,0.6154086635453869,-11.073999999999996,4.020092901759301,50,50,True,randomized_eulerian_exact_dinucleotide,45.00866345421272,0.8023181774961211,26626,2914,0.2103208572626762,0.1727410043884142,6.144437215354587,3.984710474951204,0.9781166172525766,0.3247612049963262,True,True,False,False,True,True,0.9562332345051532,3,3,0,1.96161664221048,0.0128457796462463,LINE,Arhgap6,"Intron (ENSMUST00000033721.13/11856, intron 1 of 12)",11856.0,Rho GTPase activating protein 6,ENSMUSG00000031355,-2.81391835540512,0.0163956134622613,LINE,Arhgap6,"Intron (ENSMUST00000033721.13/11856, intron 1 of 12)",11856.0,Rho GTPase activating protein 6,ENSMUSG00000031355,-0.4261508565973201,0.0128457796462463,FPC_Advanced_up,FPC_Control_up,0,0,0,0,0,0.0,0.0,0.0,0,0,0,0,0,0,0,0,0,0,1,1,1,0,1,0,0,,,,,,,0.0039299801215291,0.349,250488.0,0.0039299801215291,-0.349,FPC_Control_high_RI,symbol_exact,Arhgap6,,Arhgap6,54308,intron_body,1.0,1.0,0.0,0.2982456140350877,0.375,0.0,0.0
ID_dup2967__B3_dup53361,48,not_prioritized,False,18.79,0-49,46,0.3835616438356164,3,0.0,0.40789473684210525,0.3790726817042606,0.0,0.0,0.0,0.2307017543859649,0.32675438596491224,0.16666666666666666,1,adaptive_gate_median_separation,conservative,True,not_case_priority,high,high,high,discordant,True,True,False,True,False,,,0.0,0.0,neutral,2,0,2,2,case_enriched,,,,promoter,promoter,acceptable_annotation_context,0.5,1.0,0.0,0.4824561403508772,MFE_norm+ddG_norm+ddG_Z,0.17105263157894735,mean_arm_fraction_plus_max_bpp,0.5,0.0,0.0,2,median_separation,15,61,0.0,0.0,1.0,0.0,0.0,0.0,0.0,0.0,0.0,1.0,0.0,0.0,0.0,0.0,0.5,1.0,1.0,0.44298245614035087,0.4276315789473684,0.0,0.0,0.5,1.0,0.0,0.4912280701754386,0.5460526315789473,0.0,0.0,ID_dup2967,B3_dup53361,Gm52871,Gm52871,Promoter (2-3kb),Promoter (1-2kb),ID,ID,B2,B3,inverted,direct,-71.3,-307.3275862068965,-5.4,-61.7,-4.199999999999989,-18.10344827586201,0.6749310657470341,-7.08,4.267102443732295,50,50,True,randomized_eulerian_exact_dinucleotide,9.269603867233316,0.3604100644360249,3117,665,0.2155721829589142,0.1323088530329844,11.510678871090771,16.30720823798627,0.4022398197541499,0.9893878266970708,True,True,False,False,True,True,0.1955203604917001,3,3,1,3.76417685408415,0.0043780151387617,SINE,Gm52871,Promoter (2-3kb),115490364.0,"predicted gene, 52871",,-1.1348516432691,0.0107560295562185,SINE,Gm52871,Promoter (1-2kb),115490364.0,"predicted gene, 52871",,1.314662605407525,0.0043780151387617,FPC_Advanced_up,FPC_Control_up,0,0,0,0,0,0.0,0.0,0.0,0,0,0,0,0,0,0,0,0,0,0,0,0,0,0,0,0,,,,,,,,,22775.0,0.0094548700177026,-0.324,,none,,,Ttll3,102779,intron_body,0.5,1.0,0.0,0.4824561403508772,0.17105263157894735,0.5,0.0
Lx8_dup50678__B2_Mm2_dup80394,49,not_prioritized,False,18.12,0-49,47,0.3698630136986301,2,0.0,0.40789473684210525,0.37750626566416035,0.0,0.0,0.0,0.12850877192982454,0.3212719298245614,0.0,0,adaptive_gate_median_separation,conservative,True,control_enriched,uncertain,uncertain,high,both_FPC_Control_up,True,True,False,False,False,,,0.0,0.0,neutral,0,0,0,0,neutral,,,,intron,intron,acceptable_annotation_context,1.0,1.0,0.0,0.24122807017543857,MFE_norm+ddG_norm+ddG_Z,0.4013157894736842,mean_arm_fraction_plus_max_bpp,0.0,0.0,0.0,2,median_separation,15,61,0.0,0.0,1.0,0.0,0.0,0.0,0.0,0.0,0.0,1.0,0.0,0.0,0.0,0.0,0.5,1.0,1.0,0.44298245614035087,0.4276315789473684,0.0,0.0,0.5,1.0,0.0,0.4912280701754386,0.5460526315789473,0.0,0.0,Lx8_dup50678,B2_Mm2_dup80394,Cyp2c37,Cyp2c37,"Intron (ENSMUST00000049178.3/13096, intron 8 of 8)","Intron (ENSMUST00000049178.3/13096, intron 8 of 8)",L1,Lx8,B2,B2_Mm2,inverted,inverted,-48.0,-197.5308641975309,-28.5,-14.8,-4.700000000000003,-19.341563786008244,1.002724732117812,-8.3158,3.60597468495987,50,50,True,randomized_eulerian_exact_dinucleotide,20.86430572017225,0.797329428840039,4885,1249,0.2608038215021531,0.1944028485430159,0.7972508591065292,17.14003436426117,0.0,0.2139742368803568,False,True,False,False,True,True,1.0,1,2,0,-2.72843934163899,0.0171695817172402,LINE,Cyp2c37,"Intron (ENSMUST00000049178.3/13096, intron 8 of 8)",13096.0,"cytochrome P450, family 2. subfamily c, polypeptide 37",ENSMUSG00000042248,-2.77136814318835,0.0156483831467278,SINE,Cyp2c37,"Intron (ENSMUST00000049178.3/13096, intron 8 of 8)",13096.0,"cytochrome P450, family 2. subfamily c, polypeptide 37",ENSMUSG00000042248,-2.74990374241367,0.0156483831467278,FPC_Control_up,FPC_Control_up,0,0,0,0,0,0.0,0.0,0.0,0,0,0,0,0,0,0,0,0,0,1,1,1,0,1,0,0,,,,,,,0.0079786391799147,0.068,17158.0,0.0079786391799147,-0.068,FPC_Control_high_RI,symbol_exact,Cyp2c37,,Cyp2c37,107941,intron_body,1.0,1.0,0.0,0.24122807017543857,0.4013157894736842,0.0,0.0
L1MdFanc_I_dup4377__L1MdF_V_dup5688,50,not_prioritized,False,17.45,0-49,48,0.3561643835616438,2,0.0,0.40789473684210525,0.37468671679197996,0.0,0.0,0.0,0.2245614035087719,0.5614035087719298,0.0,0,adaptive_gate_median_separation,conservative,True,not_case_priority,high,high,high,discordant,True,True,False,False,False,,,0.0,0.0,neutral,0,0,0,0,neutral,,,,intron,intron,acceptable_annotation_context,0.5,1.0,0.0,0.4122807017543859,MFE_norm+ddG_norm+ddG_Z,0.7105263157894737,mean_arm_fraction_plus_max_bpp,0.0,0.0,0.0,2,median_separation,15,61,0.0,0.0,1.0,0.0,0.0,0.0,0.0,0.0,0.0,1.0,0.0,0.0,0.0,0.0,0.5,1.0,1.0,0.44298245614035087,0.4276315789473684,0.0,0.0,0.5,1.0,0.0,0.4912280701754386,0.5460526315789473,0.0,0.0,L1MdFanc_I_dup4377,L1MdF_V_dup5688,Nlrp5-ps,Nlrp5-ps,"Intron (ENSMUST00000044683.12/100417675, intron 11 of 12)","Intron (ENSMUST00000044683.12/100417675, intron 11 of 12)",L1,L1MdFanc_I,L1,L1MdF_V,inverted,direct,-463.2,-223.66006760019312,-406.65,-25.1,-31.44999999999999,-15.185900531144368,-1.038784806845295,-25.4512,5.774824545439644,50,50,True,randomized_eulerian_exact_dinucleotide,97.06613808828033,0.9661262245040968,146218,4064,0.5275333591754364,0.2894863770143955,1.0276434858063717,5.298716995165489,0.0271411338962605,0.9948765637885356,True,True,False,False,True,True,0.945717732207479,3,3,0,3.73703796381728,0.0035234145286858,LINE,Nlrp5-ps,"Intron (ENSMUST00000044683.12/100417675, intron 11 of 12)",100417675.0,"NLR family, pyrin domain containing 5, pseudogene",ENSMUSG00000121301,-3.44695329654151,0.0071974561438153,LINE,Nlrp5-ps,"Intron (ENSMUST00000044683.12/100417675, intron 11 of 12)",100417675.0,"NLR family, pyrin domain containing 5, pseudogene",ENSMUSG00000121301,0.145042333637885,0.0035234145286858,FPC_Advanced_up,FPC_Control_up,0,0,0,0,0,0.0,0.0,0.0,0,0,0,0,0,0,0,0,0,0,1,1,1,0,1,0,0,,,,,,,0.0,0.775,18142.0,0.0,-0.775,FPC_Control_high_RI,symbol_exact,Nlrp5-ps,,Nlrp5-ps,100743,intron_body,0.5,1.0,0.0,0.4122807017543859,0.7105263157894737,0.0,0.0
MER5A_dup4677__ORR1D2_dup9276,51,not_prioritized,False,16.78,0-49,49,0.3424657534246575,2,0.0,0.40789473684210525,0.37155388471177947,0.0,0.0,0.0,0.22017543859649127,0.5504385964912282,0.0,0,adaptive_gate_median_separation,conservative,True,not_case_priority,high,high,high,discordant,True,True,False,False,False,,,0.0,0.0,neutral,0,0,0,0,neutral,,,,intron,intron,acceptable_annotation_context,0.5,1.0,0.0,0.5482456140350878,MFE_norm+ddG_norm+ddG_Z,0.5526315789473685,mean_arm_fraction_plus_max_bpp,0.0,0.0,0.0,2,median_separation,15,61,0.0,0.0,1.0,0.0,0.0,0.0,0.0,0.0,0.0,1.0,0.0,0.0,0.0,0.0,0.5,1.0,1.0,0.44298245614035087,0.4276315789473684,0.0,0.0,0.5,1.0,0.0,0.4912280701754386,0.5460526315789473,0.0,0.0,MER5A_dup4677,ORR1D2_dup9276,Gm33543,Gm33543,"Intron (ENSMUST00000352220.1/414105, intron 5 of 5)","Intron (ENSMUST00000352220.1/414105, intron 5 of 5)",hAT-Charlie,MER5A,ERVL-MaLR,ORR1D2,inverted,direct,-138.1,-289.5178197064989,-15.8,-112.3,-10.0,-20.964360587002098,-0.3087285404324128,-8.79,3.919300749795419,50,50,True,randomized_eulerian_exact_dinucleotide,20.37762454632032,0.9941142765410256,13965,711,0.2167832398544714,0.1349942629380977,23.9624551093699,17.297012732615084,0.0278485496682425,0.5662575558103651,True,True,False,False,True,True,0.944302900663515,3,3,0,1.20024347085436,0.0010545117296882,DNA,Gm33543,"Intron (ENSMUST00000352220.1/414105, intron 5 of 5)",102636491.0,"predicted gene, 33543",ENSMUSG00000110353,-3.48725265000428,5.85195946239432e-08,LTR,Gm33543,"Intron (ENSMUST00000352220.1/414105, intron 5 of 5)",102636491.0,"predicted gene, 33543",ENSMUSG00000110353,-1.14350458957496,5.85195946239432e-08,FPC_Advanced_up,FPC_Control_up,0,0,0,0,0,0.0,0.0,0.0,0,0,0,0,0,0,0,0,0,0,0,0,0,0,0,0,0,,,,,,,,,55193.0,0.0046383359036727,0.254,,none,,,4732465J04Rik,31697,intron_body,0.5,1.0,0.0,0.5482456140350878,0.5526315789473685,0.0,0.0
MMERVK9C_I_dup1055__MTA_Mm_dup15898,52,not_prioritized,False,16.11,0-49,50,0.3287671232876712,2,0.0,0.40789473684210525,0.3712406015037594,0.0,0.0,0.0,0.11973684210526317,0.2993421052631579,0.0,0,adaptive_gate_median_separation,conservative,True,control_enriched,high,high,high,both_FPC_Control_up,True,True,False,False,False,,,0.0,0.0,neutral,0,0,0,0,neutral,,,,distal_intergenic,distal_intergenic,acceptable_annotation_context,1.0,1.0,0.0,0.3815789473684211,MFE_norm+ddG_norm+ddG_Z,0.21710526315789475,mean_arm_fraction_plus_max_bpp,0.0,0.0,0.0,2,median_separation,15,61,0.0,0.0,1.0,0.0,0.0,0.0,0.0,0.0,0.0,1.0,0.0,0.0,0.0,0.0,0.5,1.0,1.0,0.44298245614035087,0.4276315789473684,0.0,0.0,0.5,1.0,0.0,0.4912280701754386,0.5460526315789473,0.0,0.0,MMERVK9C_I_dup1055,MTA_Mm_dup15898,Cyp2c37,Cyp2c37,Distal Intergenic,Distal Intergenic,ERVK,MMERVK9C_I,ERVL-MaLR,MTA_Mm,inverted,inverted,-220.6,-285.7512953367876,-87.9,-120.8,-11.900000000000006,-15.414507772020732,0.67069391522323,-15.636799999999994,5.5715430171395735,50,50,True,randomized_eulerian_exact_dinucleotide,42.91604457724786,0.7004039433726805,55824,4115,0.113835662008615,0.1112419380641149,0.4271092669432917,11.018672199170124,0.5725388601036269,0.239785351157974,True,True,True,False,True,True,0.1450777202072537,5,3,0,-2.35964411404789,0.0258629114104286,LTR,Cyp2c37,Distal Intergenic,13096.0,"cytochrome P450, family 2. subfamily c, polypeptide 37",ENSMUSG00000042248,-3.2319937405944,0.0016032499194477,LTR,Cyp2c37,Distal Intergenic,13096.0,"cytochrome P450, family 2. subfamily c, polypeptide 37",ENSMUSG00000042248,-2.795818927321145,0.0016032499194477,FPC_Control_up,FPC_Control_up,0,0,0,0,0,0.0,0.0,0.0,0,0,0,0,0,0,0,0,0,0,1,1,1,0,1,0,0,,,,,,,0.0079786391799147,0.068,20122.0,0.0233253766047961,-0.293,FPC_Control_high_RI,symbol_exact,Cyp2c37,,Cyp2c54,70585,intron_body,1.0,1.0,0.0,0.3815789473684211,0.21710526315789475,0.0,0.0
MIRb_dup5939__RSINE1_dup11214,53,not_prioritized,False,15.44,0-49,51,0.3150684931506849,2,0.0,0.40789473684210525,0.3699874686716792,0.0,0.0,0.0,0.21798245614035086,0.5449561403508771,0.0,0,adaptive_gate_median_separation,conservative,True,not_case_priority,high,high,high,discordant,True,True,False,False,False,,,0.0,0.0,neutral,0,0,0,0,neutral,,,,promoter,promoter,acceptable_annotation_context,0.5,1.0,0.0,0.37280701754385964,MFE_norm+ddG_norm+ddG_Z,0.7171052631578947,mean_arm_fraction_plus_max_bpp,0.0,0.0,0.0,2,median_separation,15,61,0.0,0.0,1.0,0.0,0.0,0.0,0.0,0.0,0.0,1.0,0.0,0.0,0.0,0.0,0.5,1.0,1.0,0.44298245614035087,0.4276315789473684,0.0,0.0,0.5,1.0,0.0,0.4912280701754386,0.5460526315789473,0.0,0.0,MIRb_dup5939,RSINE1_dup11214,Gm25881,Gm25881,Promoter (<=1kb),Promoter (<=1kb),MIR,MIRb,B4,RSINE1,inverted,direct,-79.9,-258.5760517799353,-30.0,-43.4,-6.5,-21.03559870550162,0.6211274722328239,-8.798,3.699723652117928,50,50,True,randomized_eulerian_exact_dinucleotide,37.41750406778628,0.9777991766084484,8230,1572,0.2878269543675867,0.2484316449709059,12.840567612687812,37.31761268781302,0.273830418860647,0.0045966470200082,True,True,False,False,True,True,0.4523391622787059,3,3,0,3.25222353391608,0.0017664119228946,SINE,Gm25881,Promoter (<=1kb),115489577.0,"predicted gene, 25881",ENSMUSG00000088408,-2.0383845156143,3.15064968616563e-06,SINE,Gm25881,Promoter (<=1kb),115489577.0,"predicted gene, 25881",ENSMUSG00000088408,0.6069195091508901,3.15064968616563e-06,FPC_Advanced_up,FPC_Control_up,0,0,0,0,0,0.0,0.0,0.0,0,0,0,0,0,0,0,0,0,0,0,0,0,0,0,0,0,,,,,,,,,49567.0,0.0007062875400603,-0.443,,none,,,Hnf4a,14141,intron_body,0.5,1.0,0.0,0.37280701754385964,0.7171052631578947,0.0,0.0
MIRb_dup5939__L2a_dup2430,54,not_prioritized,False,14.77,0-49,52,0.3013698630136986,2,0.0,0.40789473684210525,0.3696741854636591,0.0,0.0,0.0,0.21754385964912282,0.543859649122807,0.0,0,adaptive_gate_median_separation,conservative,True,not_case_priority,high,high,high,discordant,True,True,False,False,False,,,0.0,0.0,neutral,0,0,0,0,neutral,,,,promoter,promoter,acceptable_annotation_context,0.5,1.0,0.0,0.5482456140350878,MFE_norm+ddG_norm+ddG_Z,0.5394736842105263,mean_arm_fraction_plus_max_bpp,0.0,0.0,0.0,2,median_separation,15,61,0.0,0.0,1.0,0.0,0.0,0.0,0.0,0.0,0.0,1.0,0.0,0.0,0.0,0.0,0.5,1.0,1.0,0.44298245614035087,0.4276315789473684,0.0,0.0,0.5,1.0,0.0,0.4912280701754386,0.5460526315789473,0.0,0.0,MIRb_dup5939,L2a_dup2430,Gm25881,Gm25881,Promoter (<=1kb),Promoter (1-2kb),MIR,MIRb,L2,L2a,inverted,direct,-46.2,-202.63157894736844,-30.0,-8.6,-7.600000000000001,-33.333333333333336,-1.0557012634929204,-5.055999999999999,2.409772620317663,50,50,True,randomized_eulerian_exact_dinucleotide,18.83166891719434,0.8251580803263222,3195,698,0.3843197738202926,0.2447623140531472,15.962882096069867,35.60644104803494,0.3316463776045228,0.012141466480661,True,True,False,False,True,True,0.3367072447909544,3,2,0,3.25222353391608,0.0017664119228946,SINE,Gm25881,Promoter (<=1kb),115489577.0,"predicted gene, 25881",ENSMUSG00000088408,-1.79715743638221,0.0013015344211275,LINE,Gm25881,Promoter (1-2kb),115489577.0,"predicted gene, 25881",ENSMUSG00000088408,0.727533048766935,0.0013015344211275,FPC_Advanced_up,FPC_Control_up,0,0,0,0,0,0.0,0.0,0.0,0,0,0,0,0,0,0,0,0,0,0,0,0,0,0,0,0,,,,,,,,,49288.0,0.0007062875400603,-0.443,,none,,,Hnf4a,14141,intron_body,0.5,1.0,0.0,0.5482456140350878,0.5394736842105263,0.0,0.0
MT2A_dup1341__Lx8_dup5887,55,not_prioritized,False,14.1,0-49,53,0.2876712328767123,2,0.0,0.40789473684210525,0.35369674185463656,0.0,0.0,0.0,0.19517543859649122,0.48793859649122806,0.0,0,adaptive_gate_median_separation,conservative,True,not_case_priority,high,high,high,discordant,True,True,False,False,False,,,0.0,0.0,neutral,0,0,0,0,neutral,,,,intron,intron,acceptable_annotation_context,0.5,1.0,0.0,0.5877192982456141,MFE_norm+ddG_norm+ddG_Z,0.3881578947368421,mean_arm_fraction_plus_max_bpp,0.0,0.0,0.0,2,median_separation,15,61,0.0,0.0,1.0,0.0,0.0,0.0,0.0,0.0,0.0,1.0,0.0,0.0,0.0,0.0,0.5,1.0,1.0,0.44298245614035087,0.4276315789473684,0.0,0.0,0.5,1.0,0.0,0.4912280701754386,0.5460526315789473,0.0,0.0,MT2A_dup1341,Lx8_dup5887,Gm25881,Gm25881,"Intron (ENSMUST00000143911.8/15378, intron 1 of 2)","Intron (ENSMUST00000143911.8/15378, intron 1 of 2)",ERVL,MT2A,L1,Lx8,inverted,direct,-153.8,-328.63247863247864,-101.0,-42.7,-10.100000000000025,-21.58119658119663,0.3169582878159427,-11.481999999999998,4.360195183798123,50,50,True,randomized_eulerian_exact_dinucleotide,38.48095989982767,0.6273562432470359,17655,1273,0.289330525562614,0.2020995312885125,27.105339105339105,76.87489177489176,0.089629471890971,0.0014781986811652,True,True,False,False,True,True,0.820741056218058,3,3,0,2.14997941268204,0.0327099196948971,LTR,Gm25881,"Intron (ENSMUST00000143911.8/15378, intron 1 of 2)",115489577.0,"predicted gene, 25881",ENSMUSG00000088408,-1.57021251398667,1.70241846279929e-07,LINE,Gm25881,"Intron (ENSMUST00000143911.8/15378, intron 1 of 2)",115489577.0,"predicted gene, 25881",ENSMUSG00000088408,0.28988344934768506,1.70241846279929e-07,FPC_Advanced_up,FPC_Control_up,0,0,0,0,0,0.0,0.0,0.0,0,0,0,0,0,0,0,0,0,0,0,0,0,0,0,0,0,,,,,,,,,36815.0,0.0007062875400603,-0.443,,none,,,Hnf4a,14141,intron_body,0.5,1.0,0.0,0.5877192982456141,0.3881578947368421,0.0,0.0
Lx2_dup15139__B2_Mm2_dup80394,56,not_prioritized,False,13.42,0-49,54,0.273972602739726,2,0.0,0.40789473684210525,0.3533834586466165,0.0,0.0,0.0,0.09473684210526316,0.2368421052631579,0.0,0,adaptive_gate_median_separation,conservative,True,control_enriched,high,high,high,both_FPC_Control_up,True,True,False,False,False,,,0.0,0.0,neutral,0,0,0,0,neutral,,,,intron,intron,acceptable_annotation_context,1.0,1.0,0.0,0.27631578947368424,MFE_norm+ddG_norm+ddG_Z,0.19736842105263158,mean_arm_fraction_plus_max_bpp,0.0,0.0,0.0,2,median_separation,15,61,0.0,0.0,1.0,0.0,0.0,0.0,0.0,0.0,0.0,1.0,0.0,0.0,0.0,0.0,0.5,1.0,1.0,0.44298245614035087,0.4276315789473684,0.0,0.0,0.5,1.0,0.0,0.4912280701754386,0.5460526315789473,0.0,0.0,Lx2_dup15139,B2_Mm2_dup80394,Cyp2c37,Cyp2c37,"Intron (ENSMUST00000049178.3/13096, intron 8 of 8)","Intron (ENSMUST00000049178.3/13096, intron 8 of 8)",L1,Lx2,B2,B2_Mm2,inverted,inverted,-31.2,-147.86729857819904,-11.1,-14.8,-5.300000000000001,-25.11848341232228,0.9684047994065834,-8.6214,3.42976408422932,50,50,True,randomized_eulerian_exact_dinucleotide,13.326285603517563,0.441544451818594,3927,1631,0.1665785700439695,0.1341529705315938,1.2123793299261785,20.3675468483816,0.3208430913348946,0.3185705622817473,True,True,True,False,True,True,0.3583138173302108,5,2,0,-2.74074981242198,0.0032367160437041,LINE,Cyp2c37,"Intron (ENSMUST00000049178.3/13096, intron 8 of 8)",13096.0,"cytochrome P450, family 2. subfamily c, polypeptide 37",ENSMUSG00000042248,-2.77136814318835,0.0156483831467278,SINE,Cyp2c37,"Intron (ENSMUST00000049178.3/13096, intron 8 of 8)",13096.0,"cytochrome P450, family 2. subfamily c, polypeptide 37",ENSMUSG00000042248,-2.756058977805165,0.0032367160437041,FPC_Control_up,FPC_Control_up,0,0,0,0,0,0.0,0.0,0.0,0,0,0,0,0,0,0,0,0,0,1,1,1,0,1,0,0,,,,,,,0.0079786391799147,0.068,16862.0,0.0079786391799147,-0.068,FPC_Control_high_RI,symbol_exact,Cyp2c37,,Cyp2c37,107941,intron_body,1.0,1.0,0.0,0.27631578947368424,0.19736842105263158,0.0,0.0
MT2A_dup1340__B1F2_dup1733,57,not_prioritized,False,12.75,0-49,55,0.2602739726027397,2,0.0,0.40789473684210525,0.35150375939849626,0.0,0.0,0.0,0.19210526315789472,0.48026315789473684,0.0,0,adaptive_gate_median_separation,conservative,True,not_case_priority,possible,possible,possible,discordant,True,True,False,False,False,,,0.0,0.0,neutral,0,0,0,0,neutral,,,,intron,intron,acceptable_annotation_context,0.5,1.0,0.0,0.40789473684210525,MFE_norm+ddG_norm+ddG_Z,0.5526315789473685,mean_arm_fraction_plus_max_bpp,0.0,0.0,0.0,2,median_separation,15,61,0.0,0.0,1.0,0.0,0.0,0.0,0.0,0.0,0.0,1.0,0.0,0.0,0.0,0.0,0.5,1.0,1.0,0.44298245614035087,0.4276315789473684,0.0,0.0,0.5,1.0,0.0,0.4912280701754386,0.5460526315789473,0.0,0.0,MT2A_dup1340,B1F2_dup1733,Gm25881,Gm25881,"Intron (ENSMUST00000143911.8/15378, intron 1 of 2)","Intron (ENSMUST00000143911.8/15378, intron 1 of 2)",ERVL,MT2A,Alu,B1F2,inverted,direct,-10.9,-162.6865671641791,-7.0,0.0,-3.9,-58.2089552238806,0.8913919559762538,-5.804000000000001,2.135985171545258,50,50,True,randomized_eulerian_exact_dinucleotide,6.455227907063585,0.6194089091925388,244,182,0.5379356589219654,0.3276517195251971,20.77350427350428,65.04624542124543,0.1282217062920621,0.0004786676146162,True,True,False,False,True,True,0.7435565874158758,3,0,0,2.93902857021357,0.0139648536628148,LTR,Gm25881,"Intron (ENSMUST00000143911.8/15378, intron 1 of 2)",115489577.0,"predicted gene, 25881",ENSMUSG00000088408,-1.2264566285192,0.0323817229060259,SINE,Gm25881,"Intron (ENSMUST00000143911.8/15378, intron 1 of 2)",115489577.0,"predicted gene, 25881",ENSMUSG00000088408,0.856285970847185,0.0139648536628148,FPC_Advanced_up,FPC_Control_up,0,0,0,0,0,0.0,0.0,0.0,0,0,0,0,0,0,0,0,0,0,0,0,0,0,0,0,0,,,,,,,,,37572.0,0.0007062875400603,-0.443,,none,,,Hnf4a,14141,intron_body,0.5,1.0,0.0,0.40789473684210525,0.5526315789473685,0.0,0.0
B4_dup37170__ORR1B1_dup9916,58,not_prioritized,False,12.08,0-49,56,0.2465753424657534,2,0.0,0.40789473684210525,0.3511904761904762,0.0,0.0,0.0,0.19166666666666668,0.4791666666666667,0.0,0,adaptive_gate_median_separation,conservative,True,not_case_priority,high,high,high,discordant,True,True,False,False,False,,,0.0,0.0,neutral,0,1,1,-1,control_enriched,,,,intron,intron,acceptable_annotation_context,0.5,1.0,0.0,0.6096491228070176,MFE_norm+ddG_norm+ddG_Z,0.3486842105263158,mean_arm_fraction_plus_max_bpp,0.0,0.0,0.0,2,median_separation,15,61,0.0,0.0,1.0,0.0,0.0,0.0,0.0,0.0,0.0,1.0,0.0,0.0,0.0,0.0,0.5,1.0,1.0,0.44298245614035087,0.4276315789473684,0.0,0.0,0.5,1.0,0.0,0.4912280701754386,0.5460526315789473,0.0,0.0,B4_dup37170,ORR1B1_dup9916,Gm33543,Gm33543,"Intron (ENSMUST00000352220.1/414105, intron 5 of 5)","Intron (ENSMUST00000352220.1/414105, intron 5 of 5)",B4,B4,ERVL-MaLR,ORR1B1,inverted,direct,-159.8,-313.33333333333337,-29.3,-119.9,-10.599999999999994,-20.784313725490183,-0.3156007364586602,-9.199999999999998,4.435984578836302,50,50,True,randomized_eulerian_exact_dinucleotide,21.72458111799523,0.9397472964289812,17856,912,0.165836497083933,0.1115786457952583,20.558014755197853,19.83903420523139,0.0384477358736787,0.6570993914807302,True,True,False,False,True,True,0.9231045282526426,3,3,0,1.05211342713767,0.0175543974668061,SINE,Gm33543,"Intron (ENSMUST00000352220.1/414105, intron 5 of 5)",102636491.0,"predicted gene, 33543",ENSMUSG00000110353,-4.45066534418425,5.29951551540053e-07,LTR,Gm33543,"Intron (ENSMUST00000352220.1/414105, intron 5 of 5)",102636491.0,"predicted gene, 33543",ENSMUSG00000110353,-1.69927595852329,5.29951551540053e-07,FPC_Advanced_up,FPC_Control_up,0,0,0,0,0,0.0,0.0,0.0,0,0,0,0,0,0,0,0,0,0,0,0,0,0,0,0,0,,,,,,,,,47751.0,0.0046383359036727,0.254,,none,,,4732465J04Rik,31697,intron_body,0.5,1.0,0.0,0.6096491228070176,0.3486842105263158,0.0,0.0
MT2A_dup1340__ID_B1_dup10251,59,not_prioritized,False,11.41,0-49,57,0.2328767123287671,2,0.0,0.40789473684210525,0.3508771929824562,0.0,0.0,0.0,0.1912280701754386,0.47807017543859653,0.0,0,adaptive_gate_median_separation,conservative,True,not_case_priority,probable,probable,probable,discordant,True,True,False,False,False,,,0.0,0.0,neutral,0,0,0,0,neutral,,,,intron,intron,acceptable_annotation_context,0.5,1.0,0.0,0.456140350877193,MFE_norm+ddG_norm+ddG_Z,0.5,mean_arm_fraction_plus_max_bpp,0.0,0.0,0.0,2,median_separation,15,61,0.0,0.0,1.0,0.0,0.0,0.0,0.0,0.0,0.0,1.0,0.0,0.0,0.0,0.0,0.5,1.0,1.0,0.44298245614035087,0.4276315789473684,0.0,0.0,0.5,1.0,0.0,0.4912280701754386,0.5460526315789473,0.0,0.0,MT2A_dup1340,ID_B1_dup10251,Gm25881,Gm25881,"Intron (ENSMUST00000143911.8/15378, intron 1 of 2)","Intron (ENSMUST00000143911.8/15378, intron 1 of 2)",ERVL,MT2A,B4,ID_B1,inverted,direct,-21.5,-179.16666666666669,-7.0,-8.7,-5.800000000000001,-48.33333333333334,0.1742090365138011,-6.349999999999999,3.15712669679122,50,50,True,randomized_eulerian_exact_dinucleotide,13.62644167229319,0.818244644810059,1363,480,0.2477534849507852,0.2286955245699556,23.5771958537916,73.05482815057283,0.1075502695698452,0.00054887816025,True,True,False,False,True,True,0.7848994608603096,3,1,0,2.93902857021357,0.0139648536628148,LTR,Gm25881,"Intron (ENSMUST00000143911.8/15378, intron 1 of 2)",115489577.0,"predicted gene, 25881",ENSMUSG00000088408,-1.28485590083573,6.02747663805385e-05,SINE,Gm25881,"Intron (ENSMUST00000143911.8/15378, intron 1 of 2)",115489577.0,"predicted gene, 25881",ENSMUSG00000088408,0.82708633468892,6.02747663805385e-05,FPC_Advanced_up,FPC_Control_up,0,0,0,0,0,0.0,0.0,0.0,0,0,0,0,0,0,0,0,0,0,0,0,0,0,0,0,0,,,,,,,,,37507.0,0.0007062875400603,-0.443,,none,,,Hnf4a,14141,intron_body,0.5,1.0,0.0,0.456140350877193,0.5,0.0,0.0
MT2A_dup1341__B1F2_dup1733,60,not_prioritized,False,10.74,0-49,58,0.2191780821917808,2,0.0,0.40789473684210525,0.3483709273182957,0.0,0.0,0.0,0.18771929824561404,0.4692982456140351,0.0,0,adaptive_gate_median_separation,conservative,True,not_case_priority,uncertain,high,uncertain,discordant,True,True,False,False,False,,,0.0,0.0,neutral,0,0,0,0,neutral,,,,intron,intron,acceptable_annotation_context,0.5,1.0,0.0,0.49122807017543857,MFE_norm+ddG_norm+ddG_Z,0.4473684210526316,mean_arm_fraction_plus_max_bpp,0.0,0.0,0.0,2,median_separation,15,61,0.0,0.0,1.0,0.0,0.0,0.0,0.0,0.0,0.0,1.0,0.0,0.0,0.0,0.0,0.5,1.0,1.0,0.44298245614035087,0.4276315789473684,0.0,0.0,0.5,1.0,0.0,0.4912280701754386,0.5460526315789473,0.0,0.0,MT2A_dup1341,B1F2_dup1733,Gm25881,Gm25881,"Intron (ENSMUST00000143911.8/15378, intron 1 of 2)","Intron (ENSMUST00000143911.8/15378, intron 1 of 2)",ERVL,MT2A,Alu,B1F2,inverted,direct,-104.7,-301.7291066282421,-101.0,0.0,-3.700000000000003,-10.662824207492804,-0.3587813834410947,-2.984000000000001,1.995644236422752,50,50,True,randomized_eulerian_exact_dinucleotide,5.6244522525662735,0.5566608655941502,1313,347,0.4687043543805227,0.2427468820448379,20.36850921273032,67.35050251256281,0.1027138157894736,0.0,True,False,False,False,True,True,0.7945723684210528,3,3,0,2.14997941268204,0.0327099196948971,LTR,Gm25881,"Intron (ENSMUST00000143911.8/15378, intron 1 of 2)",115489577.0,"predicted gene, 25881",ENSMUSG00000088408,-1.2264566285192,0.0323817229060259,SINE,Gm25881,"Intron (ENSMUST00000143911.8/15378, intron 1 of 2)",115489577.0,"predicted gene, 25881",ENSMUSG00000088408,0.4617613920814201,0.0323817229060259,FPC_Advanced_up,FPC_Control_up,0,0,0,0,0,0.0,0.0,0.0,0,0,0,0,0,0,0,0,0,0,0,0,0,0,0,0,0,,,,,,,,,37572.0,0.0007062875400603,-0.443,,none,,,Hnf4a,14141,intron_body,0.5,1.0,0.0,0.49122807017543857,0.4473684210526316,0.0,0.0
RLTR31D_MM_dup2303__B3_dup53361,61,not_prioritized,False,10.07,0-49,59,0.2054794520547945,2,0.0,0.40789473684210525,0.34398496240601506,0.0,0.0,0.0,0.18157894736842106,0.45394736842105265,0.0,0,adaptive_gate_median_separation,conservative,True,not_case_priority,high,high,high,discordant,True,True,False,False,False,,,0.0,0.0,neutral,0,0,0,0,neutral,,,,promoter,promoter,acceptable_annotation_context,0.5,1.0,0.0,0.4868421052631579,MFE_norm+ddG_norm+ddG_Z,0.42105263157894735,mean_arm_fraction_plus_max_bpp,0.0,0.0,0.0,2,median_separation,15,61,0.0,0.0,1.0,0.0,0.0,0.0,0.0,0.0,0.0,1.0,0.0,0.0,0.0,0.0,0.5,1.0,1.0,0.44298245614035087,0.4276315789473684,0.0,0.0,0.5,1.0,0.0,0.4912280701754386,0.5460526315789473,0.0,0.0,RLTR31D_MM_dup2303,B3_dup53361,Gm52871,Gm52871,Promoter (<=1kb),Promoter (1-2kb),ERVK,RLTR31D_MM,B2,B3,inverted,direct,-108.2,-260.7228915662651,-26.4,-61.7,-20.10000000000001,-48.433734939759056,0.8109649711965596,-24.860199999999995,5.86979730206648,50,50,True,randomized_eulerian_exact_dinucleotide,45.2032738929542,0.605154403513574,17787,3319,0.239170761338382,0.2195926237951959,16.80462519936204,16.697667464114833,0.4319982916528259,0.9852785787202034,True,True,False,False,True,True,0.1360034166943482,3,3,0,5.55172037564964,2.28081462243327e-06,LTR,Gm52871,Promoter (<=1kb),115490364.0,"predicted gene, 52871",,-1.1348516432691,0.0107560295562185,SINE,Gm52871,Promoter (1-2kb),115490364.0,"predicted gene, 52871",,2.2084343661902697,2.28081462243327e-06,FPC_Advanced_up,FPC_Control_up,0,0,0,0,0,0.0,0.0,0.0,0,0,0,0,0,0,0,0,0,0,0,0,0,0,0,0,0,,,,,,,,,22128.0,0.0094548700177026,-0.324,,none,,,Ttll3,102779,intron_body,0.5,1.0,0.0,0.4868421052631579,0.42105263157894735,0.0,0.0
MT2A_dup1340__ID_B1_dup10250,62,not_prioritized,False,9.4,0-49,60,0.1917808219178082,2,0.0,0.40789473684210525,0.3433583959899749,0.0,0.0,0.0,0.1807017543859649,0.45175438596491224,0.0,0,adaptive_gate_median_separation,conservative,True,not_case_priority,probable,probable,probable,discordant,True,True,False,False,False,,,0.0,0.0,neutral,0,0,0,0,neutral,,,,intron,intron,acceptable_annotation_context,0.5,1.0,0.0,0.40350877192982454,MFE_norm+ddG_norm+ddG_Z,0.5,mean_arm_fraction_plus_max_bpp,0.0,0.0,0.0,2,median_separation,15,61,0.0,0.0,1.0,0.0,0.0,0.0,0.0,0.0,0.0,1.0,0.0,0.0,0.0,0.0,0.5,1.0,1.0,0.44298245614035087,0.4276315789473684,0.0,0.0,0.5,1.0,0.0,0.4912280701754386,0.5460526315789473,0.0,0.0,MT2A_dup1340,ID_B1_dup10250,Gm25881,Gm25881,"Intron (ENSMUST00000143911.8/15378, intron 1 of 2)","Intron (ENSMUST00000143911.8/15378, intron 1 of 2)",ERVL,MT2A,B4,ID_B1,inverted,direct,-27.6,-233.8983050847458,-7.0,-17.4,-3.200000000000003,-27.11864406779664,0.5085058088973631,-4.632000000000001,2.816093690463687,50,50,True,randomized_eulerian_exact_dinucleotide,13.81440634606368,0.7914580332682774,1320,543,0.251171024473885,0.2352236578406225,37.439890710382514,112.45491803278688,0.2163759760636357,0.0040088924523488,True,True,False,False,True,True,0.5672480478727286,3,1,0,2.93902857021357,0.0139648536628148,LTR,Gm25881,"Intron (ENSMUST00000143911.8/15378, intron 1 of 2)",115489577.0,"predicted gene, 25881",ENSMUSG00000088408,-1.91322524592679,1.4098224124396399e-11,SINE,Gm25881,"Intron (ENSMUST00000143911.8/15378, intron 1 of 2)",115489577.0,"predicted gene, 25881",ENSMUSG00000088408,0.5129016621433901,1.4098224124396399e-11,FPC_Advanced_up,FPC_Control_up,0,0,0,0,0,0.0,0.0,0.0,0,0,0,0,0,0,0,0,0,0,0,0,0,0,0,0,0,,,,,,,,,38063.0,0.0007062875400603,-0.443,,none,,,Hnf4a,14141,intron_body,0.5,1.0,0.0,0.40350877192982454,0.5,0.0,0.0
ETnERV2-int_dup1463__MT2_Mm_dup2384,63,not_prioritized,False,8.73,0-49,61,0.1780821917808219,2,0.0,0.40789473684210525,0.34273182957393483,0.0,0.0,0.0,0.07982456140350877,0.19956140350877194,0.0,0,adaptive_gate_median_separation,conservative,True,control_enriched,high,high,high,both_FPC_Control_up,True,True,False,False,False,,,0.0,0.0,neutral,0,0,0,0,neutral,,,,distal_intergenic,distal_intergenic,acceptable_annotation_context,1.0,1.0,0.0,0.14912280701754385,MFE_norm+ddG_norm+ddG_Z,0.25,mean_arm_fraction_plus_max_bpp,0.0,0.0,0.0,2,median_separation,15,61,0.0,0.0,1.0,0.0,0.0,0.0,0.0,0.0,0.0,1.0,0.0,0.0,0.0,0.0,0.5,1.0,1.0,0.44298245614035087,0.4276315789473684,0.0,0.0,0.5,1.0,0.0,0.4912280701754386,0.5460526315789473,0.0,0.0,ETnERV2-int_dup1463,MT2_Mm_dup2384,Cyp2c37,Cyp2c37,Distal Intergenic,Distal Intergenic,ERVK,ETnERV2-int,ERVL,MT2_Mm,inverted,inverted,-546.8,-242.2684980062029,-413.3,-124.7,-8.799999999999955,-3.898980948161256,1.0355381566383155,-13.6592,4.692439355179866,50,50,True,randomized_eulerian_exact_dinucleotide,67.04968039375159,0.8665437853688177,305714,5879,0.1527327571611653,0.0948068847394802,0.3218754115632819,4.311932042670881,0.8158756137479543,0.3259724194804601,True,True,False,False,True,True,0.6317512274959085,3,3,0,-1.21368260317789,0.0499418200285405,LTR,Cyp2c37,Distal Intergenic,13096.0,"cytochrome P450, family 2. subfamily c, polypeptide 37",ENSMUSG00000042248,-2.11688306317149,0.033790649586066,LTR,Cyp2c37,Distal Intergenic,13096.0,"cytochrome P450, family 2. subfamily c, polypeptide 37",ENSMUSG00000042248,-1.66528283317469,0.033790649586066,FPC_Control_up,FPC_Control_up,0,0,0,0,0,0.0,0.0,0.0,0,0,0,0,0,0,0,0,0,0,1,1,1,0,1,0,0,,,,,,,0.0079786391799147,0.068,9626.0,0.0233253766047961,-0.293,FPC_Control_high_RI,symbol_exact,Cyp2c37,,Cyp2c54,70585,intron_body,1.0,1.0,0.0,0.14912280701754385,0.25,0.0,0.0
B2_Mm1t_dup14146__ORR1B1_dup9916,64,not_prioritized,False,8.05,0-49,62,0.1643835616438356,2,0.0,0.40789473684210525,0.33427318295739344,0.0,0.0,0.0,0.1679824561403509,0.41995614035087725,0.0,0,adaptive_gate_median_separation,conservative,True,not_case_priority,high,high,high,discordant,True,True,False,False,False,,,0.0,0.0,neutral,0,1,1,-1,control_enriched,,,,intron,intron,acceptable_annotation_context,0.5,1.0,0.0,0.3859649122807018,MFE_norm+ddG_norm+ddG_Z,0.45394736842105265,mean_arm_fraction_plus_max_bpp,0.0,0.0,0.0,2,median_separation,15,61,0.0,0.0,1.0,0.0,0.0,0.0,0.0,0.0,0.0,1.0,0.0,0.0,0.0,0.0,0.5,1.0,1.0,0.44298245614035087,0.4276315789473684,0.0,0.0,0.5,1.0,0.0,0.4912280701754386,0.5460526315789473,0.0,0.0,B2_Mm1t_dup14146,ORR1B1_dup9916,Gm33543,Gm33543,"Intron (ENSMUST00000352220.1/414105, intron 5 of 5)","Intron (ENSMUST00000352220.1/414105, intron 5 of 5)",B2,B2_Mm1t,ERVL-MaLR,ORR1B1,inverted,direct,-165.5,-311.09022556390977,-39.4,-119.9,-6.199999999999989,-11.654135338345842,0.9236649889689068,-10.2132,4.344865343959796,50,50,True,randomized_eulerian_exact_dinucleotide,17.78428944900962,0.9928792732861924,20687,636,0.1162371859412393,0.0815807162542735,17.829829829829826,18.304804804804803,0.0544576689871996,0.6939340497088016,True,True,False,False,True,True,0.8910846620256008,3,3,0,1.58009713708476,0.0262463983908269,SINE,Gm33543,"Intron (ENSMUST00000352220.1/414105, intron 5 of 5)",102636491.0,"predicted gene, 33543",ENSMUSG00000110353,-4.45066534418425,5.29951551540053e-07,LTR,Gm33543,"Intron (ENSMUST00000352220.1/414105, intron 5 of 5)",102636491.0,"predicted gene, 33543",ENSMUSG00000110353,-1.435284103549745,5.29951551540053e-07,FPC_Advanced_up,FPC_Control_up,0,0,0,0,0,0.0,0.0,0.0,0,0,0,0,0,0,0,0,0,0,0,0,0,0,0,0,0,,,,,,,,,47413.0,0.0046383359036727,0.254,,none,,,4732465J04Rik,31697,intron_body,0.5,1.0,0.0,0.3859649122807018,0.45394736842105265,0.0,0.0
RLTR31D_MM_dup2739__RLTR51A_Mm_dup1759,65,not_prioritized,False,7.38,0-49,63,0.1506849315068493,2,0.0,0.40789473684210525,0.32299498746867167,0.0,0.0,0.0,0.15219298245614038,0.3804824561403509,0.0,0,adaptive_gate_median_separation,conservative,True,control_enriched,possible,possible,possible,both_FPC_Control_up,True,True,False,False,False,,,0.0,0.0,neutral,0,0,0,0,neutral,,,,intron,intron,acceptable_annotation_context,0.5,1.0,0.0,0.4912280701754386,MFE_norm+ddG_norm+ddG_Z,0.26973684210526316,mean_arm_fraction_plus_max_bpp,0.0,0.0,0.0,2,median_separation,15,61,0.0,0.0,1.0,0.0,0.0,0.0,0.0,0.0,0.0,1.0,0.0,0.0,0.0,0.0,0.5,1.0,1.0,0.44298245614035087,0.4276315789473684,0.0,0.0,0.5,1.0,0.0,0.4912280701754386,0.5460526315789473,0.0,0.0,RLTR31D_MM_dup2739,RLTR51A_Mm_dup1759,Sult2a8,Sult2a8,"Intron (ENSMUST00000168252.9/76971, intron 5 of 6)","Intron (ENSMUST00000168252.9/76971, intron 5 of 6)",ERVK,RLTR31D_MM,ERVK,RLTR51A_Mm,inverted,direct,-8.6,-38.05309734513274,0.0,-3.2,-5.4,-23.89380530973451,-1.8869690704398536,-3.339200000000001,1.0921217693937215,50,50,True,randomized_eulerian_exact_dinucleotide,5.493756485272021,0.9343716010384954,1474,298,0.0624290509690002,0.0511194402862103,10.723404255319148,748.0691489361702,0.2081128747795415,0.1215611823346629,True,True,False,False,True,True,0.583774250440917,3,0,0,-5.12439827999433,5.41684622476998e-06,LTR,Sult2a8,"Intron (ENSMUST00000168252.9/76971, intron 5 of 6)",76971.0,"sulfotransferase family 2A, dehydroepiandrosterone (DHEA)-preferring, member 8",ENSMUSG00000030378,-6.19607934095277,3.18147592995521e-99,LTR,Sult2a8,"Intron (ENSMUST00000168252.9/76971, intron 5 of 6)",76971.0,"sulfotransferase family 2A, dehydroepiandrosterone (DHEA)-preferring, member 8",ENSMUSG00000030378,-5.66023881047355,3.18147592995521e-99,FPC_Control_up,FPC_Control_up,0,0,0,0,0,0.0,0.0,0.0,0,0,0,0,0,0,0,0,0,0,1,3,1,0,3,0,0,,,,,,,2.501778006689051e-08,0.664,960.0,2.501778006689051e-08,0.664,FPC_Advanced_high_RI,symbol_exact,Sult2a8,,Sult2a8,33012,intron_body,0.5,1.0,0.0,0.4912280701754386,0.26973684210526316,0.0,0.0
L1MdGf_I_dup2917__MER74A_dup648,66,not_prioritized,False,6.71,0-49,64,0.136986301369863,2,0.0,0.40789473684210525,0.3223684210526316,0.0,0.0,0.0,0.05131578947368422,0.12828947368421054,0.0,0,adaptive_gate_median_separation,conservative,True,not_case_priority,high,high,high,discordant,True,True,False,False,False,,,0.0,0.0,neutral,0,0,0,0,neutral,,,,intron,intron,acceptable_annotation_context,1.0,1.0,0.0,0.23684210526315794,MFE_norm+ddG_norm+ddG_Z,0.019736842105263157,mean_arm_fraction_plus_max_bpp,0.0,0.0,0.0,2,median_separation,15,61,0.0,0.0,1.0,0.0,0.0,0.0,0.0,0.0,0.0,1.0,0.0,0.0,0.0,0.0,0.5,1.0,1.0,0.44298245614035087,0.4276315789473684,0.0,0.0,0.5,1.0,0.0,0.4912280701754386,0.5460526315789473,0.0,0.0,L1MdGf_I_dup2917,MER74A_dup648,Arhgap6,Arhgap6,"Intron (ENSMUST00000033721.13/11856, intron 1 of 12)","Intron (ENSMUST00000033721.13/11856, intron 1 of 12)",L1,L1MdGf_I,ERVL,MER74A,inverted,inverted,-2034.4,-288.5673758865248,-1899.9,-119.5,-15.0,-2.127659574468085,1.0432042231825889,-22.529,7.217187040357886,50,50,True,randomized_eulerian_exact_dinucleotide,0.0,0.0,0,0,0.0,0.0,2.3716150768582858,1.7486734049273531,0.7858081471747701,0.1959612015244838,True,True,False,False,True,True,0.5716162943495402,3,3,0,2.43808882866232,0.0001250241863259,LINE,Arhgap6,"Intron (ENSMUST00000033721.13/11856, intron 1 of 12)",11856.0,Rho GTPase activating protein 6,ENSMUSG00000031355,-1.6927892555497,0.0257659206218088,LTR,Arhgap6,"Intron (ENSMUST00000033721.13/11856, intron 1 of 12)",11856.0,Rho GTPase activating protein 6,ENSMUSG00000031355,0.3726497865563101,0.0001250241863259,FPC_Advanced_up,FPC_Control_up,0,0,0,0,0,0.0,0.0,0.0,0,0,0,0,0,0,0,0,0,0,1,1,1,0,1,0,0,,,,,,,0.0039299801215291,0.349,353383.0,0.0039299801215291,-0.349,FPC_Control_high_RI,symbol_exact,Arhgap6,,Arhgap6,54308,intron_body,1.0,1.0,0.0,0.23684210526315794,0.019736842105263157,0.0,0.0
ID_B1_dup13970__B3_dup13645,67,not_prioritized,False,6.04,0-49,65,0.1232876712328767,2,0.0,0.40789473684210525,0.32142857142857145,0.0,0.0,0.0,0.15,0.375,0.0,0,adaptive_gate_median_separation,conservative,True,not_case_priority,high,high,high,discordant,True,True,False,False,False,,,0.0,0.0,neutral,0,0,0,0,neutral,,,,intron,intron,acceptable_annotation_context,0.5,1.0,0.0,0.3947368421052632,MFE_norm+ddG_norm+ddG_Z,0.35526315789473684,mean_arm_fraction_plus_max_bpp,0.0,0.0,0.0,2,median_separation,15,61,0.0,0.0,1.0,0.0,0.0,0.0,0.0,0.0,0.0,1.0,0.0,0.0,0.0,0.0,0.5,1.0,1.0,0.44298245614035087,0.4276315789473684,0.0,0.0,0.5,1.0,0.0,0.4912280701754386,0.5460526315789473,0.0,0.0,ID_B1_dup13970,B3_dup13645,Gm25881,Gm25881,"Intron (ENSMUST00000143911.8/15378, intron 1 of 2)","Intron (ENSMUST00000143911.8/15378, intron 1 of 2)",B4,ID_B1,B2,B3,inverted,direct,-36.5,-172.98578199052133,-12.7,-16.9,-6.900000000000002,-32.70142180094788,0.4123168107712702,-8.116800000000001,2.9511287636414374,50,50,True,randomized_eulerian_exact_dinucleotide,13.878551510250674,0.9302224000340704,3564,736,0.1430778506211409,0.1324097652678103,34.79879101899827,113.50647668393782,0.0975258704121894,0.0020370433770413,True,True,False,False,True,True,0.8049482591756212,3,2,0,2.9724887770298,0.0114296648442453,SINE,Gm25881,"Intron (ENSMUST00000143911.8/15378, intron 1 of 2)",115489577.0,"predicted gene, 25881",ENSMUSG00000088408,-1.53727248282695,1.5859495290044e-07,SINE,Gm25881,"Intron (ENSMUST00000143911.8/15378, intron 1 of 2)",115489577.0,"predicted gene, 25881",ENSMUSG00000088408,0.717608147101425,1.5859495290044e-07,FPC_Advanced_up,FPC_Control_up,0,0,0,0,0,0.0,0.0,0.0,0,0,0,0,0,0,0,0,0,0,0,0,0,0,0,0,0,,,,,,,,,45916.0,0.0007062875400603,-0.443,,none,,,Hnf4a,14141,intron_body,0.5,1.0,0.0,0.3947368421052632,0.35526315789473684,0.0,0.0
MIRb_dup23752__ORR1D2_dup9276,68,not_prioritized,False,5.37,0-49,66,0.1095890410958904,2,0.0,0.40789473684210525,0.3201754385964913,0.0,0.0,0.0,0.1482456140350877,0.3706140350877193,0.0,0,adaptive_gate_median_separation,conservative,True,not_case_priority,high,high,high,discordant,True,True,False,False,False,,,0.0,0.0,neutral,0,0,0,0,neutral,,,,intron,intron,acceptable_annotation_context,0.5,1.0,0.0,0.3991228070175438,MFE_norm+ddG_norm+ddG_Z,0.34210526315789475,mean_arm_fraction_plus_max_bpp,0.0,0.0,0.0,2,median_separation,15,61,0.0,0.0,1.0,0.0,0.0,0.0,0.0,0.0,0.0,1.0,0.0,0.0,0.0,0.0,0.5,1.0,1.0,0.44298245614035087,0.4276315789473684,0.0,0.0,0.5,1.0,0.0,0.4912280701754386,0.5460526315789473,0.0,0.0,MIRb_dup23752,ORR1D2_dup9276,Gm33543,Gm33543,"Intron (ENSMUST00000352220.1/414105, intron 5 of 5)","Intron (ENSMUST00000352220.1/414105, intron 5 of 5)",MIR,MIRb,ERVL-MaLR,ORR1D2,inverted,direct,-134.2,-288.6021505376344,-15.3,-112.3,-6.599999999999994,-14.193548387096762,0.5845614766333386,-8.44,3.147658669875248,50,50,True,randomized_eulerian_exact_dinucleotide,20.16164452472857,0.848201349466639,12545,1344,0.2458737137162021,0.1492575416162323,18.824790985096325,16.18320610687023,0.0360515187209145,0.6459905660377357,True,True,False,True,True,True,0.927896962558171,3,3,0,1.24257995703024,0.0055222623096945,SINE,Gm33543,"Intron (ENSMUST00000352220.1/414105, intron 5 of 5)",102636491.0,"predicted gene, 33543",ENSMUSG00000110353,-3.48725265000428,5.85195946239432e-08,LTR,Gm33543,"Intron (ENSMUST00000352220.1/414105, intron 5 of 5)",102636491.0,"predicted gene, 33543",ENSMUSG00000110353,-1.12233634648702,5.85195946239432e-08,FPC_Advanced_up,FPC_Control_up,0,0,0,0,0,0.0,0.0,0.0,0,0,0,0,0,0,0,0,0,0,0,0,0,0,0,0,0,,,,,,,,,55297.0,0.0046383359036727,0.254,,none,,,4732465J04Rik,31697,intron_body,0.5,1.0,0.0,0.3991228070175438,0.34210526315789475,0.0,0.0
ID_B1_dup13970__B3_dup13646,69,not_prioritized,False,4.7,0-49,67,0.0958904109589041,2,0.0,0.40789473684210525,0.3057644110275689,0.0,0.0,0.0,0.1280701754385965,0.3201754385964912,0.0,0,adaptive_gate_median_separation,conservative,True,not_case_priority,high,high,high,discordant,True,True,False,False,False,,,0.0,0.0,neutral,0,0,0,0,neutral,,,,intron,intron,acceptable_annotation_context,0.5,1.0,0.0,0.3114035087719298,MFE_norm+ddG_norm+ddG_Z,0.32894736842105265,mean_arm_fraction_plus_max_bpp,0.0,0.0,0.0,2,median_separation,15,61,0.0,0.0,1.0,0.0,0.0,0.0,0.0,0.0,0.0,1.0,0.0,0.0,0.0,0.0,0.5,1.0,1.0,0.44298245614035087,0.4276315789473684,0.0,0.0,0.5,1.0,0.0,0.4912280701754386,0.5460526315789473,0.0,0.0,ID_B1_dup13970,B3_dup13646,Gm25881,Gm25881,"Intron (ENSMUST00000143911.8/15378, intron 1 of 2)","Intron (ENSMUST00000143911.8/15378, intron 1 of 2)",B4,ID_B1,B2,B3,inverted,direct,-47.9,-261.74863387978144,-12.7,-32.1,-3.1000000000000014,-16.93989071038252,0.9653538661373838,-6.826000000000001,3.859724532837512,50,50,True,randomized_eulerian_exact_dinucleotide,14.884961237520145,0.6921658610864257,2939,772,0.1730809446223272,0.1632670766282777,33.32484567901234,107.68547453703704,0.1076663039199796,0.0021200501933303,True,True,False,False,True,True,0.7846673921600408,3,2,0,2.9724887770298,0.0114296648442453,SINE,Gm25881,"Intron (ENSMUST00000143911.8/15378, intron 1 of 2)",115489577.0,"predicted gene, 25881",ENSMUSG00000088408,-2.04675838673807,0.0001245295154384,SINE,Gm25881,"Intron (ENSMUST00000143911.8/15378, intron 1 of 2)",115489577.0,"predicted gene, 25881",ENSMUSG00000088408,0.4628651951458649,0.0001245295154384,FPC_Advanced_up,FPC_Control_up,0,0,0,0,0,0.0,0.0,0.0,0,0,0,0,0,0,0,0,0,0,0,0,0,0,0,0,0,,,,,,,,,45824.0,0.0007062875400603,-0.443,,none,,,Hnf4a,14141,intron_body,0.5,1.0,0.0,0.3114035087719298,0.32894736842105265,0.0,0.0
RSINE1_dup38359__B3_dup53361,70,not_prioritized,False,4.03,0-49,68,0.0821917808219178,2,0.0,0.40789473684210525,0.29949874686716793,0.0,0.0,0.0,0.11929824561403508,0.2982456140350877,0.0,0,adaptive_gate_median_separation,conservative,True,not_case_priority,high,high,high,discordant,True,True,False,False,False,,,0.0,0.0,neutral,0,0,0,0,neutral,,,,promoter,promoter,acceptable_annotation_context,0.5,1.0,0.0,0.3333333333333333,MFE_norm+ddG_norm+ddG_Z,0.2631578947368421,mean_arm_fraction_plus_max_bpp,0.0,0.0,0.0,2,median_separation,15,61,0.0,0.0,1.0,0.0,0.0,0.0,0.0,0.0,0.0,1.0,0.0,0.0,0.0,0.0,0.5,1.0,1.0,0.44298245614035087,0.4276315789473684,0.0,0.0,0.5,1.0,0.0,0.4912280701754386,0.5460526315789473,0.0,0.0,RSINE1_dup38359,B3_dup53361,Gm52871,Gm52871,Promoter (1-2kb),Promoter (1-2kb),B4,RSINE1,B2,B3,inverted,direct,-115.5,-332.85302593659947,-51.2,-61.7,-2.5999999999999943,-7.492795389048975,1.736676292784848,-9.288,3.851034316404159,50,50,True,randomized_eulerian_exact_dinucleotide,23.662065719550498,0.6543898408861674,11909,2523,0.1497599096174082,0.1374780122678324,12.082251082251084,18.8771645021645,0.4681117878896453,0.9826573025655726,True,True,True,False,True,True,0.0637764242207094,5,3,0,2.01326244063842,0.0275829433074243,SINE,Gm52871,Promoter (1-2kb),115490364.0,"predicted gene, 52871",,-1.1348516432691,0.0107560295562185,SINE,Gm52871,Promoter (1-2kb),115490364.0,"predicted gene, 52871",,0.43920539868466,0.0107560295562185,FPC_Advanced_up,FPC_Control_up,0,0,0,0,0,0.0,0.0,0.0,0,0,0,0,0,0,0,0,0,0,0,0,0,0,0,0,0,,,,,,,,,22775.0,0.0094548700177026,-0.324,,none,,,Ttll3,102779,intron_body,0.5,1.0,0.0,0.3333333333333333,0.2631578947368421,0.0,0.0
B4_dup38534__MER74B_dup234,71,not_prioritized,False,3.36,0-49,69,0.0684931506849315,2,0.0,0.40789473684210525,0.2982456140350877,0.0,0.0,0.0,0.11754385964912281,0.29385964912280704,0.0,0,adaptive_gate_median_separation,conservative,True,control_enriched,high,high,high,both_FPC_Control_up,True,True,False,False,False,,,0.0,0.0,neutral,0,2,2,-2,control_enriched,,,,promoter,promoter,acceptable_annotation_context,0.5,1.0,0.0,0.23245614035087725,MFE_norm+ddG_norm+ddG_Z,0.35526315789473684,mean_arm_fraction_plus_max_bpp,0.0,0.0,0.0,2,median_separation,15,61,0.0,0.0,1.0,0.0,0.0,0.0,0.0,0.0,0.0,1.0,0.0,0.0,0.0,0.0,0.5,1.0,1.0,0.44298245614035087,0.4276315789473684,0.0,0.0,0.5,1.0,0.0,0.4912280701754386,0.5460526315789473,0.0,0.0,B4_dup38534,MER74B_dup234,Gm33543,Gm33543,Promoter (<=1kb),Promoter (<=1kb),B4,B4,ERVL,MER74B,direct,inverted,-172.1,-281.2091503267974,-18.6,-147.4,-6.099999999999994,-9.9673202614379,1.42824562202213,-13.330000000000002,5.062154498162349,50,50,True,randomized_eulerian_exact_dinucleotide,31.54175465441862,0.4002717267310678,21003,3396,0.3504639406046513,0.2054443789751404,16.49227799227799,22.25032175032175,0.1001859872280099,0.7416273823639993,True,True,True,False,True,True,0.7996280255439802,5,3,0,-2.12882126052507,0.0204054099068982,SINE,Gm33543,Promoter (<=1kb),102636491.0,"predicted gene, 33543",ENSMUSG00000110353,-3.26211601475405,3.28238905884695e-13,LTR,Gm33543,Promoter (<=1kb),102636491.0,"predicted gene, 33543",ENSMUSG00000110353,-2.69546863763956,3.28238905884695e-13,FPC_Control_up,FPC_Control_up,0,0,0,0,0,0.0,0.0,0.0,0,0,0,0,0,0,0,0,0,0,0,0,0,0,0,0,0,,,,,,,,,59067.0,0.0046383359036727,0.254,,none,,,4732465J04Rik,31697,intron_body,0.5,1.0,0.0,0.23245614035087725,0.35526315789473684,0.0,0.0
L1MdV_III_dup5657__ORR1B1_dup9916,72,not_prioritized,False,2.68,0-49,70,0.0547945205479452,2,0.0,0.40789473684210525,0.2966791979949875,0.0,0.0,0.0,0.11535087719298245,0.2883771929824561,0.0,0,adaptive_gate_median_separation,conservative,True,not_case_priority,high,high,high,discordant,True,True,False,False,False,,,0.0,0.0,neutral,0,2,2,-2,control_enriched,,,,intron,intron,acceptable_annotation_context,0.5,1.0,0.0,0.28070175438596495,MFE_norm+ddG_norm+ddG_Z,0.29605263157894735,mean_arm_fraction_plus_max_bpp,0.0,0.0,0.0,2,median_separation,15,61,0.0,0.0,1.0,0.0,0.0,0.0,0.0,0.0,0.0,1.0,0.0,0.0,0.0,0.0,0.5,1.0,1.0,0.44298245614035087,0.4276315789473684,0.0,0.0,0.5,1.0,0.0,0.4912280701754386,0.5460526315789473,0.0,0.0,L1MdV_III_dup5657,ORR1B1_dup9916,Gm33543,Gm33543,"Intron (ENSMUST00000352220.1/414105, intron 5 of 5)","Intron (ENSMUST00000352220.1/414105, intron 5 of 5)",L1,L1MdV_III,ERVL-MaLR,ORR1B1,inverted,direct,-418.7,-289.55739972337483,-289.0,-119.9,-9.800000000000011,-6.777316735822968,1.0098600317457345,-16.604400000000005,6.737963466320475,50,50,True,randomized_eulerian_exact_dinucleotide,54.501300257801184,0.9241076199579944,144791,3358,0.1438029030548843,0.0974409549284736,10.715206878022569,27.31475013433638,0.1912809454557612,0.8801953465039762,True,True,True,False,True,True,0.6174381090884776,5,3,0,1.27714178012421,0.0379846933195513,LINE,Gm33543,"Intron (ENSMUST00000352220.1/414105, intron 5 of 5)",102636491.0,"predicted gene, 33543",ENSMUSG00000110353,-4.45066534418425,5.29951551540053e-07,LTR,Gm33543,"Intron (ENSMUST00000352220.1/414105, intron 5 of 5)",102636491.0,"predicted gene, 33543",ENSMUSG00000110353,-1.58676178203002,5.29951551540053e-07,FPC_Advanced_up,FPC_Control_up,0,0,0,0,0,0.0,0.0,0.0,0,0,0,0,0,0,0,0,0,0,0,0,0,0,0,0,0,,,,,,,,,48366.0,0.0046383359036727,0.254,,none,,,4732465J04Rik,31697,intron_body,0.5,1.0,0.0,0.28070175438596495,0.29605263157894735,0.0,0.0
L2b_dup2072__RLTR17B_Mm_dup6456,73,not_prioritized,False,2.01,0-49,71,0.0410958904109589,2,0.0,0.40789473684210525,0.2910401002506266,0.0,0.0,0.0,0.10745614035087721,0.268640350877193,0.0,0,adaptive_gate_median_separation,conservative,True,not_case_priority,high,high,high,discordant,True,True,False,False,False,,,0.0,0.0,neutral,0,0,0,0,neutral,,,,promoter,promoter,acceptable_annotation_context,0.5,1.0,0.0,0.4385964912280702,MFE_norm+ddG_norm+ddG_Z,0.09868421052631579,mean_arm_fraction_plus_max_bpp,0.0,0.0,0.0,2,median_separation,15,61,0.0,0.0,1.0,0.0,0.0,0.0,0.0,0.0,0.0,1.0,0.0,0.0,0.0,0.0,0.5,1.0,1.0,0.44298245614035087,0.4276315789473684,0.0,0.0,0.5,1.0,0.0,0.4912280701754386,0.5460526315789473,0.0,0.0,L2b_dup2072,RLTR17B_Mm_dup6456,Gm25881,Gm25881,Promoter (1-2kb),Promoter (2-3kb),L2,L2b,ERVK,RLTR17B_Mm,inverted,direct,-69.8,-337.19806763285027,-18.5,-49.1,-2.200000000000003,-10.628019323671513,0.7769041196376885,-4.546000000000002,3.0196776419387032,50,50,True,randomized_eulerian_exact_dinucleotide,9.299733181571051,0.2974670785646488,4187,1241,0.1239964424209473,0.0972244832618791,43.50167384026781,136.8590387374462,0.0488335788571051,0.0002096639349203,True,True,False,False,True,True,0.9023328422857898,3,3,0,3.59612748498422,0.0063346623222874,LINE,Gm25881,Promoter (1-2kb),115489577.0,"predicted gene, 25881",ENSMUSG00000088408,-1.46340678563015,5.47307762432324e-06,LTR,Gm25881,Promoter (2-3kb),115489577.0,"predicted gene, 25881",ENSMUSG00000088408,1.0663603496770349,5.47307762432324e-06,FPC_Advanced_up,FPC_Control_up,0,0,0,0,0,0.0,0.0,0.0,0,0,0,0,0,0,0,0,0,0,0,0,0,0,0,0,0,,,,,,,,,52007.0,0.0007062875400603,-0.443,,none,,,Hnf4a,14141,intron_body,0.5,1.0,0.0,0.4385964912280702,0.09868421052631579,0.0,0.0
RLTR31D_MM_dup2739__B3A_dup35539,74,not_prioritized,False,1.34,0-49,72,0.0273972602739726,2,0.0,0.40789473684210525,0.2825814536340852,0.0,0.0,0.0,0.0956140350877193,0.23903508771929827,0.0,0,adaptive_gate_median_separation,conservative,True,control_enriched,high,high,high,both_FPC_Control_up,True,True,False,False,False,,,0.0,0.0,neutral,0,0,0,0,neutral,,,,intron,intron,acceptable_annotation_context,0.5,1.0,0.0,0.34649122807017546,MFE_norm+ddG_norm+ddG_Z,0.13157894736842105,mean_arm_fraction_plus_max_bpp,0.0,0.0,0.0,2,median_separation,15,61,0.0,0.0,1.0,0.0,0.0,0.0,0.0,0.0,0.0,1.0,0.0,0.0,0.0,0.0,0.5,1.0,1.0,0.44298245614035087,0.4276315789473684,0.0,0.0,0.5,1.0,0.0,0.4912280701754386,0.5460526315789473,0.0,0.0,RLTR31D_MM_dup2739,B3A_dup35539,Sult2a8,Sult2a8,"Intron (ENSMUST00000168252.9/76971, intron 5 of 6)","Intron (ENSMUST00000168252.9/76971, intron 5 of 6)",ERVK,RLTR31D_MM,B2,B3A,inverted,direct,-41.1,-176.39484978540773,0.0,-35.7,-5.399999999999999,-23.17596566523605,0.2987741424176232,-6.1822,2.618031110960904,50,50,True,randomized_eulerian_exact_dinucleotide,9.375050342433662,0.5451568484925522,4281,2146,0.1065346629822007,0.0855950912925957,3.925449871465296,332.30055698371893,0.0054573237284435,0.0060708660960469,True,True,False,False,True,True,0.989085352543113,3,2,0,-5.12439827999433,5.41684622476998e-06,LTR,Sult2a8,"Intron (ENSMUST00000168252.9/76971, intron 5 of 6)",76971.0,"sulfotransferase family 2A, dehydroepiandrosterone (DHEA)-preferring, member 8",ENSMUSG00000030378,-5.38482835581509,2.96740557693151e-54,SINE,Sult2a8,"Intron (ENSMUST00000168252.9/76971, intron 5 of 6)",76971.0,"sulfotransferase family 2A, dehydroepiandrosterone (DHEA)-preferring, member 8",ENSMUSG00000030378,-5.25461331790471,2.96740557693151e-54,FPC_Control_up,FPC_Control_up,0,0,0,0,0,0.0,0.0,0.0,0,0,0,0,0,0,0,0,0,0,1,3,1,0,3,0,0,,,,,,,2.501778006689051e-08,0.664,1013.0,2.501778006689051e-08,0.664,FPC_Advanced_high_RI,symbol_exact,Sult2a8,,Sult2a8,33012,intron_body,0.5,1.0,0.0,0.34649122807017546,0.13157894736842105,0.0,0.0
RLTR31D_MM_dup2739__IAPLTR2a2_Mm_dup671,75,not_prioritized,False,0.67,0-49,73,0.0136986301369863,2,0.0,0.40789473684210525,0.2756892230576441,0.0,0.0,0.0,0.08596491228070177,0.21491228070175442,0.0,0,adaptive_gate_median_separation,conservative,True,control_enriched,possible,possible,possible,both_FPC_Control_up,True,True,False,False,False,,,0.0,0.0,neutral,0,0,0,0,neutral,,,,intron,intron,acceptable_annotation_context,0.5,1.0,0.0,0.3771929824561404,MFE_norm+ddG_norm+ddG_Z,0.05263157894736842,mean_arm_fraction_plus_max_bpp,0.0,0.0,0.0,2,median_separation,15,61,0.0,0.0,1.0,0.0,0.0,0.0,0.0,0.0,0.0,1.0,0.0,0.0,0.0,0.0,0.5,1.0,1.0,0.44298245614035087,0.4276315789473684,0.0,0.0,0.5,1.0,0.0,0.4912280701754386,0.5460526315789473,0.0,0.0,RLTR31D_MM_dup2739,IAPLTR2a2_Mm_dup671,Sult2a8,Sult2a8,"Intron (ENSMUST00000168252.9/76971, intron 5 of 6)","Intron (ENSMUST00000168252.9/76971, intron 5 of 6)",ERVK,RLTR31D_MM,ERVK,IAPLTR2a2_Mm,inverted,direct,-9.0,-43.0622009569378,0.0,-5.0,-4.0,-19.138755980861244,-0.8581161359787455,-3.232,0.8949837531303836,50,50,True,randomized_eulerian_exact_dinucleotide,4.030673593729194,0.3403707528569362,1648,927,0.0458031090196499,0.0395572305169703,26.539772727272734,1754.675189393939,0.1520017126953542,0.1115170132605696,True,True,False,False,True,True,0.6959965746092915,3,0,0,-5.12439827999433,5.41684622476998e-06,LTR,Sult2a8,"Intron (ENSMUST00000168252.9/76971, intron 5 of 6)",76971.0,"sulfotransferase family 2A, dehydroepiandrosterone (DHEA)-preferring, member 8",ENSMUSG00000030378,-5.71962449099556,3.94591154728441e-80,LTR,Sult2a8,"Intron (ENSMUST00000168252.9/76971, intron 5 of 6)",76971.0,"sulfotransferase family 2A, dehydroepiandrosterone (DHEA)-preferring, member 8",ENSMUSG00000030378,-5.422011385494946,3.94591154728441e-80,FPC_Control_up,FPC_Control_up,0,0,0,0,0,0.0,0.0,0.0,0,0,0,0,0,0,0,0,0,0,1,3,1,0,3,0,0,,,,,,,2.501778006689051e-08,0.664,573.0,2.501778006689051e-08,0.664,FPC_Advanced_high_RI,symbol_exact,Sult2a8,,Sult2a8,33012,intron_body,0.5,1.0,0.0,0.3771929824561404,0.05263157894736842,0.0,0.0
RLTR31D_MM_dup2739__B1_Mur2_dup10508,76,not_prioritized,False,0.0,0-49,74,0.0,2,0.0,0.40789473684210525,0.24718045112781953,0.0,0.0,0.0,0.04605263157894736,0.1151315789473684,0.0,0,adaptive_gate_median_separation,conservative,True,control_enriched,probable,probable,probable,both_FPC_Control_up,True,True,False,False,False,,,0.0,0.0,neutral,0,0,0,0,neutral,,,,intron,intron,acceptable_annotation_context,0.5,1.0,0.0,0.14473684210526314,MFE_norm+ddG_norm+ddG_Z,0.08552631578947367,mean_arm_fraction_plus_max_bpp,0.0,0.0,0.0,2,median_separation,15,61,0.0,0.0,1.0,0.0,0.0,0.0,0.0,0.0,0.0,1.0,0.0,0.0,0.0,0.0,0.5,1.0,1.0,0.44298245614035087,0.4276315789473684,0.0,0.0,0.5,1.0,0.0,0.4912280701754386,0.5460526315789473,0.0,0.0,RLTR31D_MM_dup2739,B1_Mur2_dup10508,Sult2a8,Sult2a8,"Intron (ENSMUST00000168252.9/76971, intron 5 of 6)","Intron (ENSMUST00000168252.9/76971, intron 5 of 6)",ERVK,RLTR31D_MM,Alu,B1_Mur2,inverted,direct,-28.4,-137.19806763285024,0.0,-25.2,-3.2,-15.45893719806763,1.41649139560549,-8.8546,3.991976243232243,50,50,True,randomized_eulerian_exact_dinucleotide,7.950163423827894,0.3483129300573889,3927,1828,0.0903427661798624,0.078575431089208,3.827823691460055,322.4240702479339,0.0067470313062252,0.0074237479834607,True,True,False,False,True,True,0.9865059373875495,3,1,0,-5.12439827999433,5.41684622476998e-06,LTR,Sult2a8,"Intron (ENSMUST00000168252.9/76971, intron 5 of 6)",76971.0,"sulfotransferase family 2A, dehydroepiandrosterone (DHEA)-preferring, member 8",ENSMUSG00000030378,-7.21221312337574,1.5520095400252502e-09,SINE,Sult2a8,"Intron (ENSMUST00000168252.9/76971, intron 5 of 6)",76971.0,"sulfotransferase family 2A, dehydroepiandrosterone (DHEA)-preferring, member 8",ENSMUSG00000030378,-6.168305701685036,1.5520095400252502e-09,FPC_Control_up,FPC_Control_up,0,0,0,0,0,0.0,0.0,0.0,0,0,0,0,0,0,0,0,0,0,1,3,1,0,3,0,0,,,,,,,2.501778006689051e-08,0.664,1013.0,2.501778006689051e-08,0.664,FPC_Advanced_high_RI,symbol_exact,Sult2a8,,Sult2a8,33012,intron_body,0.5,1.0,0.0,0.14473684210526314,0.08552631578947367,0.0,0.0
