dataset	pair_id	label	group_id	outer_fold
GSE308489__w1000_standardized	B3A_dup58292__B1_Mur1_dup27377	1	BAHCC1|BAHCC1	2
GSE308489__w1000_standardized	B3A_dup58292__B2_Mm2_dup57042	1	BAHCC1|BAHCC1	2
GSE308489__w1000_standardized	IAPLTR1a_Mm_dup1094__RLTR10C_dup1140	1	ACTG1|ACTG1	5
GSE308489__w1000_standardized	B3_dup25534__MTB_Mm_dup827	1	H2AC19|H2AC19	4
GSE308489__w1000_standardized	MTB_Mm_dup827__B1_Mus1_dup16131	1	H2AC19|H2AC19	4
GSE308489__w1000_standardized	LTRIS2_dup959__B3_dup103083	1	H4C11|H4C11	3
GSE308489__w1000_standardized	IAPEz-int_dup4340__RLTR10C_dup1140	1	ACTG1|ACTG1	5
GSE308489__w1000_standardized	MT2B1_dup1517__MTB_Mm_dup827	1	H2AC18|H2AC19	5
GSE308489__w1000_standardized	MERVL-int_dup1259__ERVB7_2-LTR_MM_dup211	1	GM20234|GM20234	1
GSE308489__w1000_standardized	B3_dup96080__B1_Mus2_dup42660	1	BAHCC1|BAHCC1	2
GSE308489__w1000_standardized	ORR1B1_dup14478__MTC_dup21515	0	GM41496|GM41496	2
GSE308489__w1000_standardized	B2_Mm2_dup62664__RLTR21_dup1326	1	H4C11|H4C11	3
GSE308489__w1000_standardized	B3_dup25534__MLT1D_dup1225	1	H2AC19|H2AC19	4
GSE308489__w1000_standardized	RSINE1_dup12203__RSINE1_dup8301	0	PDSS1|PDSS1	4
GSE308489__w1000_standardized	MMERVK10C-int_dup2081__B2_Mm2_dup57703	1	GM25679|GM26444	1
GSE308489__w1000_standardized	B1F_dup24562__ORR1A4_dup4622	1	3300002P09RIK|3300002P09RIK	2
GSE308489__w1000_standardized	B1_Mus1_dup77942__MTC_dup21515	0	GM41496|GM41496	2
GSE308489__w1000_standardized	B2_Mm2_dup50336__MTE2a_dup8716	0	AGAP2|AGAP2	1
GSE308489__w1000_standardized	RMER16_Mm_dup35__B2_Mm1a_dup492	0	GM46174|GM46174	3
GSE308489__w1000_standardized	MERV1_LTR_dup402__B3_dup103083	1	H4C11|H4C11	3
GSE308489__w1000_standardized	RLTR21_dup1324__B2_Mm2_dup62664	1	H4C11|H4C11	3
GSE308489__w1000_standardized	MER105_dup92__B1_Mur2_dup17827	0	SERTAD2|SERTAD2	3
GSE308489__w1000_standardized	MLTR12_dup312__MERVL-int_dup1379	1	H4C11|H4C11	3
GSE308489__w1000_standardized	MLTR25A_dup1564__ETnERV2-int_dup1087	1	H4C18|H4C18	3
GSE308489__w1000_standardized	RLTR50B_dup222__MERVL-int_dup1379	1	H4C11|H4C11	3
GSE308489__w1000_standardized	RLTR50B_dup222__MTB_Mm_dup3617	1	H4C11|H4C11	3
GSE308489__w1000_standardized	B1_Mus2_dup70143__B1_Mm_dup42591	1	B1_Mus2_dup70143__B1_Mm_dup42591	1
GSE308489__w1000_standardized	MER5B_dup389__RSINE1_dup12203	0	PDSS1|PDSS1	4
GSE308489__w1000_standardized	RSINE1_dup12204__RSINE1_dup8301	0	PDSS1|PDSS1	4
GSE308489__w1000_standardized	ETnERV2-int_dup1087__ERVB3_1-I_MM_dup156	1	H4C18|H4C18	3
GSE308489__w1000_standardized	MLTR12_dup312__MT2B1_dup5046	1	H4C11|H4C11	3
GSE308489__w1000_standardized	MLT1A0_dup1795__RLTR33_dup211	1	GM20627|GM20627	2
GSE308489__w1000_standardized	Lx7_dup4543__RLTR18_dup89	0	ATP11B|ATP11B	2
GSE308489__w1000_standardized	MMERVK10C-int_dup2082__B2_Mm2_dup57703	1	GM26444|GM26444	3
GSE308489__w1000_standardized	RLTR50B_dup222__RLTR21_dup1323	1	H4C11|H4C11	3
GSE308489__w1000_standardized	MIRb_dup15679__B2_Mm1a_dup6026	0	NFE2L3|NFE2L3	2
GSE308489__w1000_standardized	B1_Mus2_dup70142__B1_Mm_dup42591	1	B1_Mus2_dup70142__B1_Mm_dup42591	2
GSE308489__w1000_standardized	MT2B1_dup1517__MLT1D_dup1225	1	H2AC18|H2AC19	5
GSE308489__w1000_standardized	RLTR10C_dup1107__RLTR10C_dup1141	1	ACTG1|ACTG1	5
GSE308489__w1000_standardized	RLTR21_dup1323__B2_Mm2_dup62664	1	H4C11|H4C11	3
GSE308489__w1000_standardized	RSINE1_dup23897__ORR1A3_dup1178	0	SFPQ|SFPQ	5
GSE308489__w1000_standardized	RLTR50B_dup222__RLTR17D_Mm_dup684	1	H4C11|H4C11	3
GSE308489__w1000_standardized	RLTR14_dup1568__B3_dup105894	1	H4C18|H4C18	3
GSE308489__w1000_standardized	L1_Rod_dup9204__MT2B1_dup5046	1	H4C11|H4C11	3
GSE308489__w1000_standardized	RLTR50B_dup222__RLTR21_dup1324	1	H4C11|H4C11	3
GSE308489__w1000_standardized	RLTR10C_dup1107__RLTR10C_dup1140	1	ACTG1|ACTG1	5
GSE308489__w1000_standardized	MER5B_dup389__B3_dup14839	0	PDSS1|PDSS1	4
GSE308489__w1000_standardized	RMER5_dup4989__L2_dup12298	1	H4C12|H4C12	5
GSE308489__w1000_standardized	RMER5_dup4989__B3A_dup67188	1	H2AC15|H4C12	5
GSE308489__w1000_standardized	RLTR14_dup1568__PB1D9_dup21035	1	H4C18|H4C18	3
GSE308489__w1000_standardized	MT2B1_dup5046__L1_Rod_dup9205	1	H4C11|H4C11	3
GSE308489__w1000_standardized	AmnSINE1_dup797__RSINE1_dup62774	1	MIDN|MIDN	1
GSE308489__w1000_standardized	MLT2C2_dup161__B1_Mus1_dup20007	1	TAS1R1|TAS1R1	4
GSE308489__w1000_standardized	B2_Mm1t_dup25230__B3A_dup86895	0	UBE2A|UBE2A	3
GSE308489__w1000_standardized	ORR1B1-int_dup6276__B2_Mm1t_dup1658	1	GM52547|GM52547	3
GSE308489__w1000_standardized	ORR1B1-int_dup6276__RSINE1_dup8346	1	GM52547|GM52547	3
GSE308489__w1000_standardized	B1_Mus1_dup64466__B1_Mur1_dup29928	1	H4C18|H4C18	3
GSE308489__w1000_standardized	IAPEz-int_dup4340__MMERVK10C-int_dup1888	1	ACTG1|ACTG1	5
GSE308489__w1000_standardized	IAPEz-int_dup4340__RLTR10C_dup1141	1	ACTG1|ACTG1	5
GSE308489__w1000_standardized	RLTR53_Mm_dup353__B1_Mus2_dup48528	1	H4C11|H4C11	3
GSE308489__w1000_standardized	L3_dup5595__B1_Mus2_dup37674	1	CNN2|CNN2	3
GSE308489__w1000_standardized	ID_dup6228__B1_Mur1_dup29928	1	H4C18|H4C18	3
GSE308489__w1000_standardized	MTE2b_dup14170__RMER19B_dup4300	1	GRM4|GRM4	2
GSE308489__w1000_standardized	IAPLTR1a_Mm_dup1094__RLTR10C_dup1141	1	ACTG1|ACTG1	5
GSE308489__w1000_standardized	L2b_dup12600__MIR3_dup13118	1	GRM4|GRM4	2
GSE308489__w1000_standardized	MLTR18A_MM_dup385__Lx2_dup13624	0	4930453N24RIK|4930453N24RIK	3
GSE308489__w1000_standardized	B3_dup123862__B1_Mus1_dup80539	1	GRM4|GRM4	2
GSE308489__w1000_standardized	RLTR17B_Mm_dup1953__MTD_dup3798	1	FCGR3|FCGR3	4
GSE308489__w1000_standardized	MTD_dup3800__RLTR17B_Mm_dup1955	1	FCGR3|FCGR3	4
GSE308489__w1000_standardized	RLTR53_Mm_dup353__B3_dup103083	1	H4C11|H4C11	3
GSE308489__w1000_standardized	RMER6A_dup628__RLTR19_dup139	1	GM20627|GM20627	2
GSE308489__w1000_standardized	RMER19A_dup364__ORR1G_dup1406	1	PPM1L|PPM1L	5
GSE308489__w1000_standardized	MMETn-int_dup171__B2_Mm1t_dup4807	0	DCAF10|SLC25A51	3
GSE308489__w1000_standardized	L1MdV_III_dup2926__L1MdF_II_dup924	1	ABCB1A|ABCB1B	2
GSE308489__w1000_standardized	B3A_dup67187__LTR102_Mam_dup133	1	H4C12|H4C12	5
GSE308489__w1000_standardized	L1MdF_III_dup484__L1MdF_II_dup278	1	PTGS2OS2|PTGS2OS2	3
GSE308489__w1000_standardized	B3A_dup58292__PB1D9_dup19225	1	BAHCC1|BAHCC1	2
GSE308489__w1000_standardized	RMER19A_dup836__B1F1_dup6753	0	UBE2S|UBE2S	4
GSE308489__w1000_standardized	RLTR53_Mm_dup353__RMER5_dup4988	1	H4C11|H4C11	3
GSE308489__w1000_standardized	MER21B_dup491__MIRc_dup5780	0	PISD|PISD	2
GSE308489__w1000_standardized	MURVY-LTR_dup399__MTD_dup31607	0	PUS10|PUS10	1
GSE308489__w1000_standardized	RLTR14_dup1568__B1_Mur1_dup29928	1	H4C18|H4C18	3
GSE308489__w1000_standardized	MLTR25A_dup1564__RMER16-int_dup1563	1	H4C18|H4C18	3
GSE308489__w1000_standardized	B1_Mus1_dup85963__Lx9_dup41305	0	SART1|SART1	2
GSE308489__w1000_standardized	B3A_dup67187__PB1D11_dup10830	1	H4C12|H4C12	5
GSE308489__w1000_standardized	RSINE1_dup34109__B4A_dup28200	0	TMED5|TMED5	5
GSE308489__w1000_standardized	ID4_dup13747__RLTR12B2_dup61	0	GM12227|GM12227	5
GSE308489__w1000_standardized	B3_dup123862__L3b_dup2187	1	GRM4|GRM4	2
GSE308489__w1000_standardized	LTR102_Mam_dup133__L2_dup12297	1	H4C12|H4C12	5
GSE308489__w1000_standardized	PB1D11_dup10830__L2_dup12297	1	H4C12|H4C12	5
GSE308489__w1000_standardized	ERVB3_1-I_MM_dup156__RMER16-int_dup1563	1	H4C18|H4C18	3
GSE308489__w1000_standardized	Charlie1a_dup1418__L1ME3D_dup109	0	NFYB|NFYB	3
GSE308489__w1000_standardized	MTE-int_dup4322__B2_Mm2_dup75599	0	CCNF|CCNF	4
GSE308489__w1000_standardized	MT2B1_dup1517__MT2B_dup1390	1	H2AC18|H2AC18	5
GSE308489__w1000_standardized	MT2B2_dup1967__B1_Mus1_dup45909	0	LSMEM2|LSMEM2	5
GSE308489__w1000_standardized	B1_Mus1_dup45909__B4A_dup55205	0	LSMEM2|LSMEM2	5
GSE308489__w1000_standardized	RSINE1_dup23424__B3_dup34525	0	CCDC17|CCDC17	5
GSE308489__w1000_standardized	RLTR20A4_dup12818__PB1D9_dup25775	0	GM30421|GM30421	5
GSE308489__w1000_standardized	PB1D7_dup13755__ID_B1_dup64771	1	CBARP|CBARP	4
GSE308489__w1000_standardized	MTD_dup16428__B4A_dup29370	0	ACHE|ACHE	1
GSE308489__w1000_standardized	ORR1B2_dup2702__RMER30_dup869	0	TMED5|TMED5	5
GSE308489__w1000_standardized	B3_dup83858__L1ME4b_dup978	0	SIRT1|SIRT1	4
GSE308489__w1000_standardized	B3_dup83858__ORR1B1-int_dup35977	0	SIRT1|SIRT1	4
GSE308489__w1000_standardized	RMER30_dup869__PB1_dup3177	0	TMED5|TMED5	5
GSE308489__w1000_standardized	RMER30_dup869__ORR1G_dup2435	0	TMED5|TMED5	5
GSE308489__w1000_standardized	RMER30_dup869__B1_Mur3_dup8276	0	TMED5|TMED5	5
GSE308489__w1000_standardized	RMER30_dup869__B2_Mm1t_dup6909	0	TMED5|TMED5	5
GSE308489__w1000_standardized	MER20_dup4138__PB1D10_dup47253	0	TM9SF1|TM9SF1	2
GSE308489__w1000_standardized	MIR_dup31812__ID4_v_dup21733	1	GRM4|GRM4	2
GSE308489__w1000_standardized	B1_Mur2_dup25366__URR1B_dup12920	0	EIF4EBP3|EIF4EBP3	2
GSE308489__w1000_standardized	ID_B1_dup31965__RSINE1_dup29977	0	CCNI|CCNI	2
GSE308489__w1000_standardized	B3_dup136243__RLTR31B_Mm_dup316	0	NT5C2|NT5C2	4
GSE308489__w1000_standardized	B1_Mur4_dup21797__MTA_Mm_dup13712	0	GM24523|GM24523	4
GSE308489__w1000_standardized	B1_Mus1_dup29078__ID_B1_dup30255	1	TTYH3|TTYH3	1
GSE308489__w1000_standardized	B3_dup135588__B1F_dup38719	0	AK3|AK3	1
GSE308489__w1000_standardized	B4A_dup84113__B3A_dup75773	0	GTPBP8|GTPBP8	4
GSE308489__w1000_standardized	B3_dup141062__RMER6A_dup3858	0	AKAP17B|AKAP17B	4
GSE308489__w1000_standardized	L2b_dup1756__B3A_dup8158	0	SLC39A13|SLC39A13	5
GSE308489__w1000_standardized	B1_Mus2_dup65787__B2_Mm2_dup80626	0	NT5C2|NT5C2	4
GSE308489__w1000_standardized	B2_Mm2_dup72953__B3A_dup75773	0	GTPBP8|GTPBP8	4
GSE308489__w1000_standardized	ID4_v_dup24588__RMER6A_dup3858	0	AKAP17B|AKAP17B	4
GSE308489__w1000_standardized	ID_B1_dup102143__RLTR31B_Mm_dup316	0	NT5C2|NT5C2	4
GSE308489__w1000_standardized	ID_B1_dup68400__B1_Mus1_dup59038	0	GM11517|GM11517	4
GSE308489__w1000_standardized	L1ME2_dup682__RMER4B_dup2103	1	FBXO17|FBXO17	3
GSE308489__w1000_standardized	Lx9_dup42107__B2_Mm2_dup80626	0	NT5C2|NT5C2	4
GSE308489__w1000_standardized	PB1_dup11026__B1F2_dup16984	0	NT5C2|NT5C2	4
GSE308489__w1000_standardized	ORR1E_dup7661__L1MEg1_dup25	0	CCNI|CCNI	2
GSE184962_4__w5000_expanded	B1_Mur2_chr10_127069036_127069123_+__B1_Mur4_chr10_127065281_127065379_-	0	CDK4|TSPAN31	2
GSE184962_4__w5000_expanded	B1_Mur2_chr10_127069036_127069123_+__B2_Mm2_chr10_127065717_127065901_-	0	CDK4|TSPAN31	2
GSE184962_4__w5000_expanded	B1_Mur2_chr10_127069036_127069123_+__ID4_chr10_127065431_127065520_-	0	CDK4|TSPAN31	2
GSE184962_4__w5000_expanded	L2_chr2_31673884_31674326_-__PB1D10_chr2_31678348_31678455_-	0	EXOSC2|EXOSC2	4
GSE184962_4__w5000_expanded	L2_chr2_31673584_31673682_-__PB1D10_chr2_31678348_31678455_-	0	EXOSC2|EXOSC2	4
GSE184962_4__w5000_expanded	B1F_chr2_31676107_31676237_-__PB1D10_chr2_31678348_31678455_-	0	EXOSC2|EXOSC2	4
GSE184962_4__w5000_expanded	B1_Mur4_chr10_127065281_127065379_-__ID4__chr10_127067521_127067583_+	0	CDK4|CDK4	1
GSE184962_4__w5000_expanded	B2_Mm2_chr10_127065717_127065901_-__ID4__chr10_127067521_127067583_+	0	CDK4|CDK4	1
GSE184962_4__w5000_expanded	B1_Mur4_chr10_127065281_127065379_-__ID_B1_chr10_127068000_127068100_+	0	CDK4|TSPAN31	2
GSE184962_4__w5000_expanded	ID4_chr10_127065431_127065520_-__ID_B1_chr10_127068000_127068100_+	0	CDK4|TSPAN31	2
GSE184962_4__w5000_expanded	B2_Mm2_chr10_127065717_127065901_-__ID_B1_chr10_127068000_127068100_+	0	CDK4|TSPAN31	2
GSE184962_4__w5000_expanded	ID4_chr10_127065431_127065520_-__ID4__chr10_127067521_127067583_+	0	CDK4|CDK4	1
GSE184962_4__w5000_expanded	RMER5_chr3_65958801_65958921_+__B1_Mm_chr3_65958921_65959068_-	0	CCNL1|CCNL1	5
GSE184962_4__w5000_expanded	RMER5_chr3_65958801_65958921_+__ORR1F_chr3_65959577_65959724_-	0	CCNL1|CCNL1	5
GSE184962_4__w5000_expanded	B1_Mur4_chr10_127065281_127065379_-__B1_Mus1_chr10_127067812_127067954_+	0	CDK4|TSPAN31	2
GSE184962_4__w5000_expanded	ID4_chr10_127065431_127065520_-__B1_Mus1_chr10_127067812_127067954_+	0	CDK4|TSPAN31	2
GSE184962_4__w5000_expanded	B2_Mm2_chr10_127065717_127065901_-__B1_Mus1_chr10_127067812_127067954_+	0	CDK4|TSPAN31	2
GSE184962_4__w5000_expanded	B1_Mur4_chr13_54584969_54585120_+__PB1D7_chr13_54582220_54582333_-	0	ARL10|NOP16	4
GSE184962_4__w5000_expanded	B1F_chr7_45718326_45718455_-__PB1D10_chr7_45717017_45717122_+	0	RPL18|SPHK2	2
GSE184962_4__w5000_expanded	MIRb_chr6_86527780_86527942_-__LFSINE_Vert_chr6_86525256_86525286_+	0	1600020E01RIK|1600020E01RIK	3
GSE184962_4__w5000_expanded	B1_Mus2_chr4_46505136_46505282_+__B1_Mur1_chr4_46503485_46503628_-	0	GM22247|GM22247	1
GSE184962_4__w5000_expanded	MIRc_chr9_21589075_21589153_-__L3_chr9_21591897_21591974_+	0	CARM1|TIMM29	3
GSE184962_4__w5000_expanded	RMER1C_chr17_36001541_36001829_-__RMER19B_chr17_36006203_36006415_-	1	RMER1C_chr17_36001541_36001829_-__RMER19B_chr17_36006203_36006415_-	2
GSE184962_4__w5000_expanded	ORR1A1-int_chr17_36004833_36005218_-__RMER19B_chr17_36006203_36006415_-	1	ORR1A1-int_chr17_36004833_36005218_-__RMER19B_chr17_36006203_36006415_-	4
GSE184962_4__w5000_expanded	ORR1A1-int_chr17_36004833_36005218_-__ORR1A1-int_chr17_36005365_36006132_-	1	ORR1A1-int_chr17_36004833_36005218_-__ORR1A1-int_chr17_36005365_36006132_-	2
GSE184962_4__w5000_expanded	RMER19B_chr17_36006203_36006415_-__RLTR9A3_chr17_36004537_36004657_-	1	RMER19B_chr17_36006203_36006415_-__RLTR9A3_chr17_36004537_36004657_-	4
GSE184962_4__w5000_expanded	MT2B2_chr10_82955392_82955521_+__LTR102_Mam_chr10_82954973_82955050_-	0	GM4799|GM4799	3
GSE184962_4__w5000_expanded	RLTR9A3_chr17_36004261_36004384_-__ORR1A1-int_chr17_36005365_36006132_-	1	RLTR9A3_chr17_36004261_36004384_-__ORR1A1-int_chr17_36005365_36006132_-	4
GSE184962_4__w5000_expanded	MTC_chr17_36003426_36003834_-__ORR1A1-int_chr17_36005365_36006132_-	1	MTC_chr17_36003426_36003834_-__ORR1A1-int_chr17_36005365_36006132_-	5
GSE184962_4__w5000_expanded	MTD_chr15_90236983_90237284_+__ID_B1_chr15_90232384_90232569_-	1	MIR7648|MIR7648	3
GSE184962_4__w5000_expanded	RLTR9A3_chr17_36004261_36004384_-__RMER19B_chr17_36006203_36006415_-	1	RLTR9A3_chr17_36004261_36004384_-__RMER19B_chr17_36006203_36006415_-	5
GSE184962_4__w5000_expanded	ORR1A1-int_chr17_36004833_36005218_-__RMER19B_chr17_36006607_36006659_-	1	ORR1A1-int_chr17_36004833_36005218_-__RMER19B_chr17_36006607_36006659_-	5
GSE184962_4__w5000_expanded	RMER1C_chr17_36001541_36001829_-__ORR1A1-int_chr17_36005365_36006132_-	1	RMER1C_chr17_36001541_36001829_-__ORR1A1-int_chr17_36005365_36006132_-	1
GSE184962_4__w5000_expanded	MTC_chr17_36003426_36003834_-__RMER19B_chr17_36006203_36006415_-	1	MTC_chr17_36003426_36003834_-__RMER19B_chr17_36006203_36006415_-	1
GSE184962_4__w5000_expanded	RLTR9A3_chr17_36004537_36004657_-__ORR1A1-int_chr17_36005365_36006132_-	1	RLTR9A3_chr17_36004537_36004657_-__ORR1A1-int_chr17_36005365_36006132_-	5
GSE184962_4__w5000_expanded	MTC_chr17_36003426_36003834_-__RMER19B_chr17_36006607_36006659_-	1	MTC_chr17_36003426_36003834_-__RMER19B_chr17_36006607_36006659_-	3
GSE184962_4__w5000_expanded	RMER1C_chr17_36001541_36001829_-__RMER19B_chr17_36006607_36006659_-	1	RMER1C_chr17_36001541_36001829_-__RMER19B_chr17_36006607_36006659_-	3
GSE184962_4__w5000_expanded	MTD_chr15_90236983_90237284_+__MIR_chr15_90232854_90232957_-	1	MIR7648|MIR7648	3
GSE184962_4__w5000_expanded	PB1D10_chr5_110259304_110259412_+__RSINE1_chr5_110256335_110256433_-	0	|ANKLE2	4
GSE184962_4__w5000_expanded	RLTR9A3_chr17_36004537_36004657_-__RMER19B_chr17_36006607_36006659_-	1	RLTR9A3_chr17_36004537_36004657_-__RMER19B_chr17_36006607_36006659_-	4
GSE184962_4__w5000_expanded	RLTR9A3_chr17_36004261_36004384_-__RMER19B_chr17_36006607_36006659_-	1	RLTR9A3_chr17_36004261_36004384_-__RMER19B_chr17_36006607_36006659_-	3
GSE184962_4__w5000_expanded	PB1D10_chr15_100478585_100478688_-__B1F2_chr15_100480464_100480586_+	0	LETMD1|LETMD1	2
GSE184962_4__w5000_expanded	L2b_chr8_71624418_71624459_-__PB1D10_chr8_71619539_71619657_-	0	COLGALT1|COLGALT1	3
GSE184962_4__w5000_expanded	RSINE1_chr8_72218964_72219121_+__PB1D9_chr8_72224019_72224093_-	0	FAM32A|FAM32A	4
GSE184962_4__w5000_expanded	RSINE1_chr8_72218964_72219121_+__B3A_chr8_72224098_72224234_-	0	FAM32A|FAM32A	4
GSE184962_4__w5000_expanded	ORR1A3_chr13_74692928_74693248_+__ORR1F_chr13_74691867_74692082_-	1	CAST|CAST	5
GSE184962_4__w5000_expanded	L2a_chr17_86998394_86998492_-__L3b_chr17_86997117_86997170_-	1	RHOQ|RHOQ	3
GSE184962_4__w5000_expanded	PB1D9_chr4_116703277_116703374_+__MTD_chr4_116700206_116700321_-	0	MMACHC|MMACHC	4
GSE184962_4__w5000_expanded	B1_Mus2_chr4_116702950_116703097_+__B1_Mus1_chr4_116699869_116700005_-	0	MMACHC|MMACHC	4
GSE184962_4__w5000_expanded	B1_Mus2_chr4_116702950_116703097_+__MTD_chr4_116700206_116700321_-	0	MMACHC|MMACHC	4
GSE184962_4__w5000_expanded	ID_B1_chr17_56172421_56172556_-__B3_chr17_56175972_56176103_+	0	ID_B1_chr17_56172421_56172556_-__B3_chr17_56175972_56176103_+	5
GSE184962_4__w5000_expanded	URR1B_chr4_116702730_116702915_+__MTD_chr4_116700206_116700321_-	0	MMACHC|MMACHC	4
GSE184962_4__w5000_expanded	URR1B_chr4_116702730_116702915_+__B1_Mus1_chr4_116699869_116700005_-	0	MMACHC|MMACHC	4
GSE184962_4__w5000_expanded	PB1D9_chr4_116703277_116703374_+__B1_Mus1_chr4_116699869_116700005_-	0	MMACHC|MMACHC	4
GSE184962_4__w5000_expanded	PB1D9_chr4_116703277_116703374_+__B3_chr4_116699668_116699749_-	0	MMACHC|MMACHC	4
GSE184962_4__w5000_expanded	PB1D11_chr6_120889675_120889748_-__RSINE1_chr6_120891949_120892096_-	1	BID|BID	1
GSE184962_4__w5000_expanded	B1_Mus2_chr4_116702950_116703097_+__B3_chr4_116699668_116699749_-	0	MMACHC|MMACHC	4
GSE184962_4__w5000_expanded	B3_chr4_116699668_116699749_-__URR1B_chr4_116702730_116702915_+	0	MMACHC|MMACHC	4
GSE244103__w1000_standardized	AluJb_dup101138__AluJb_dup104201	1	AluJb_dup101138__AluJb_dup104201	1
GSE244103__w1000_standardized	AluJb_dup101138__L2a_dup144412	1	AluJb_dup101138__L2a_dup144412	2
GSE244103__w1000_standardized	AluJb_dup101470__AluJb_dup104551	1	AluJb_dup101470__AluJb_dup104551	3
GSE244103__w1000_standardized	AluJb_dup105624__LTR9_dup675	0	AluJb_dup105624__LTR9_dup675	4
GSE244103__w1000_standardized	AluJb_dup107976__MIR_dup153577	0	AluJb_dup107976__MIR_dup153577	5
GSE244103__w1000_standardized	AluJb_dup108298__AluJb_dup110990	1	AluJb_dup108298__AluJb_dup110990	1
GSE244103__w1000_standardized	AluJb_dup108463__AluY_dup93009	1	AluJb_dup108463__AluY_dup93009	2
GSE244103__w1000_standardized	AluJb_dup108982__AluSp_dup44585	0	AluJb_dup108982__AluSp_dup44585	3
GSE244103__w1000_standardized	AluJb_dup1108__AluJb_dup7045	0	AluJb_dup1108__AluJb_dup7045	4
GSE244103__w1000_standardized	AluJb_dup1108__MIR_dup9331	0	AluJb_dup1108__MIR_dup9331	5
GSE244103__w1000_standardized	AluJb_dup111687__AluY_dup91172	0	AluJb_dup111687__AluY_dup91172	1
GSE244103__w1000_standardized	AluJb_dup111765__AluSp_dup43254	1	AluJb_dup111765__AluSp_dup43254	2
GSE244103__w1000_standardized	AluJb_dup113897__MIRc_dup91413	0	AluJb_dup113897__MIRc_dup91413	3
GSE244103__w1000_standardized	AluJb_dup115043__MIRc_dup89789	0	AluJb_dup115043__MIRc_dup89789	4
GSE244103__w1000_standardized	AluJb_dup11562__L1MEd_dup861	0	AluJb_dup11562__L1MEd_dup861	5
GSE244103__w1000_standardized	AluJb_dup11562__L1MEd_dup862	0	AluJb_dup11562__L1MEd_dup862	2
GSE244103__w1000_standardized	AluJb_dup11562__MLT1A0_dup706	0	AluJb_dup11562__MLT1A0_dup706	1
GSE244103__w1000_standardized	AluJb_dup118020__AluSz_dup97280	1	AluJb_dup118020__AluSz_dup97280	3
GSE244103__w1000_standardized	AluJb_dup118020__AluY_dup99818	1	AluJb_dup118020__AluY_dup99818	5
GSE244103__w1000_standardized	AluJb_dup118362__AluY_dup100163	0	AluJb_dup118362__AluY_dup100163	4
GSE244103__w1000_standardized	AluJb_dup118566__MER5A_dup32296	0	AluJb_dup118566__MER5A_dup32296	1
GSE244103__w1000_standardized	AluJb_dup119076__MIRb_dup206692	0	AluJb_dup119076__MIRb_dup206692	2
GSE244103__w1000_standardized	AluJb_dup154__AluSx_dup5117	1	AluJb_dup154__AluSx_dup5117	3
GSE244103__w1000_standardized	AluJb_dup21079__AluSx_dup14160	1	AluJb_dup21079__AluSx_dup14160	4
GSE244103__w1000_standardized	AluJb_dup27325__AluSx1_dup19662	1	AluJb_dup27325__AluSx1_dup19662	5
GSE244103__w1000_standardized	AluJb_dup36104__MIR_dup60502	1	AluJb_dup36104__MIR_dup60502	1
GSE244103__w1000_standardized	AluJb_dup36105__MIR_dup60502	1	AluJb_dup36105__MIR_dup60502	2
GSE244103__w1000_standardized	AluJb_dup3933__L1MC4_dup1467	1	AluJb_dup3933__L1MC4_dup1467	3
GSE244103__w1000_standardized	AluJb_dup3933__L1MC4_dup1470	1	AluJb_dup3933__L1MC4_dup1470	4
GSE244103__w1000_standardized	AluJb_dup41250__MIRb_dup85722	1	AluJb_dup41250__MIRb_dup85722	5
GSE244103__w1000_standardized	AluJb_dup41340__AluSc_dup12767	1	AluJb_dup41340__AluSc_dup12767	1
GSE244103__w1000_standardized	AluJb_dup44164__Tigger19b_dup1337	1	AluJb_dup44164__Tigger19b_dup1337	4
GSE244103__w1000_standardized	AluJb_dup4421__Charlie21a_dup84	0	AluJb_dup4421__Charlie21a_dup84	2
GSE244103__w1000_standardized	AluJb_dup46907__L2b_dup41184	0	AluJb_dup46907__L2b_dup41184	3
GSE244103__w1000_standardized	AluJb_dup46913__L1MB3_dup6835	1	AluJb_dup46913__L1MB3_dup6835	5
GSE244103__w1000_standardized	AluJb_dup46913__L1MB3_dup6836	1	AluJb_dup46913__L1MB3_dup6836	2
GSE244103__w1000_standardized	AluJb_dup4913__AluSx_dup9244	1	AluJb_dup4913__AluSx_dup9244	3
GSE244103__w1000_standardized	AluJb_dup49327__AluJr_dup35196	0	AluJb_dup49327__AluJr_dup35196	1
GSE244103__w1000_standardized	AluJb_dup51216__L1ME3G_dup6821	1	AluJb_dup51216__L1ME3G_dup6821	4
GSE244103__w1000_standardized	AluJb_dup51988__AluJr_dup31557	1	AluJb_dup51988__AluJr_dup31557	5
GSE244103__w1000_standardized	AluJb_dup51988__L2c_dup60962	1	AluJb_dup51988__L2c_dup60962	1
GSE244103__w1000_standardized	AluJb_dup53411__AluSx1_dup50165	1	AluJb_dup53411__AluSx1_dup50165	2
GSE244103__w1000_standardized	AluJb_dup53411__L1ME4b_dup10320	1	AluJb_dup53411__L1ME4b_dup10320	5
GSE244103__w1000_standardized	AluJb_dup55546__MER102b_dup1879	1	AluJb_dup55546__MER102b_dup1879	3
GSE244103__w1000_standardized	AluJb_dup55548__L2_dup30225	1	AluJb_dup55548__L2_dup30225	4
GSE244103__w1000_standardized	AluJb_dup58630__L1ME2_dup6912	1	AluJb_dup58630__L1ME2_dup6912	3
GSE244103__w1000_standardized	AluJb_dup58630__LTR67B_dup2134	1	AluJb_dup58630__LTR67B_dup2134	1
GSE244103__w1000_standardized	AluJb_dup61139__AluSp_dup25289	0	AluJb_dup61139__AluSp_dup25289	2
GSE244103__w1000_standardized	AluJb_dup61139__AluSz_dup51161	0	AluJb_dup61139__AluSz_dup51161	4
GSE244103__w1000_standardized	AluJb_dup65182__AluSp_dup26922	1	AluJb_dup65182__AluSp_dup26922	5
GSE244103__w1000_standardized	AluJb_dup6702__MIR3_dup351	1	AluJb_dup6702__MIR3_dup351	3
GSE244103__w1000_standardized	AluJb_dup6743__AluSx_dup755	1	AluJb_dup6743__AluSx_dup755	1
GSE244103__w1000_standardized	AluJb_dup72121__AluSx4_dup6561	1	AluJb_dup72121__AluSx4_dup6561	2
GSE244103__w1000_standardized	AluJb_dup73531__AluSc5_dup3958	1	AluJb_dup73531__AluSc5_dup3958	5
GSE244103__w1000_standardized	AluJb_dup73942__AluSp_dup28136	0	AluJb_dup73942__AluSp_dup28136	4
GSE244103__w1000_standardized	AluJb_dup73942__L2c_dup86274	0	AluJb_dup73942__L2c_dup86274	1
GSE244103__w1000_standardized	AluJb_dup75126__AluY_dup66306	1	AluJb_dup75126__AluY_dup66306	2
GSE244103__w1000_standardized	AluJb_dup76737__L1M5_dup37069	0	AluJb_dup76737__L1M5_dup37069	3
GSE244103__w1000_standardized	AluJb_dup78254__AluSx1_dup72854	1	AluJb_dup78254__AluSx1_dup72854	5
GSE244103__w1000_standardized	AluJb_dup8275__L2b_dup1859	0	AluJb_dup8275__L2b_dup1859	4
GSE244103__w1000_standardized	AluJb_dup8275__MIR3_dup1462	0	AluJb_dup8275__MIR3_dup1462	4
GSE244103__w1000_standardized	AluJb_dup86132__MER102b_dup2738	0	AluJb_dup86132__MER102b_dup2738	1
GSE244103__w1000_standardized	AluJb_dup87358__L2-3_Crp_dup1294	1	AluJb_dup87358__L2-3_Crp_dup1294	2
GSE244103__w1000_standardized	AluJb_dup87998__AluJb_dup85957	1	AluJb_dup87998__AluJb_dup85957	3
GSE244103__w1000_standardized	AluJb_dup89701__AluJr_dup60750	1	AluJb_dup89701__AluJr_dup60750	5
GSE244103__w1000_standardized	AluJb_dup89701__AluSx1_dup81670	1	AluJb_dup89701__AluSx1_dup81670	2
GSE244103__w1000_standardized	AluJb_dup89701__AluSx_dup82745	1	AluJb_dup89701__AluSx_dup82745	1
GSE244103__w1000_standardized	AluJb_dup91686__AluJo_dup53763	0	AluJb_dup91686__AluJo_dup53763	3
GSE244103__w1000_standardized	AluJb_dup91686__L2c_dup108908	0	AluJb_dup91686__L2c_dup108908	4
GSE244103__w1000_standardized	AluJb_dup91686__MER21B_dup1977	0	AluJb_dup91686__MER21B_dup1977	5
GSE244103__w1000_standardized	AluJb_dup91876__L1ME3B_dup6170	1	AluJb_dup91876__L1ME3B_dup6170	1
GSE244103__w1000_standardized	AluJb_dup92491__L1MEc_dup14620	0	AluJb_dup92491__L1MEc_dup14620	2
GSE244103__w1000_standardized	AluJb_dup92491__L1MEg_dup11526	0	AluJb_dup92491__L1MEg_dup11526	3
GSE244103__w1000_standardized	AluJb_dup96092__AluSp_dup36762	1	AluJb_dup96092__AluSp_dup36762	4
GSE244103__w1000_standardized	AluJb_dup97059__MIRb_dup176469	0	AluJb_dup97059__MIRb_dup176469	5
GSE244103__w1000_standardized	AluJb_dup98190__AluSz_dup76728	0	AluJb_dup98190__AluSz_dup76728	2
GSE244103__w1000_standardized	AluJb_dup98190__L1MC5a_dup13407	0	AluJb_dup98190__L1MC5a_dup13407	1
GSE244103__w1000_standardized	AluJo_dup111__AluSx_dup5117	1	AluJo_dup111__AluSx_dup5117	3
GSE244103__w1000_standardized	AluJo_dup111__AluYk2_dup26	1	AluJo_dup111__AluYk2_dup26	4
GSE244103__w1000_standardized	AluJo_dup1345__AluSg_dup2349	1	AluJo_dup1345__AluSg_dup2349	5
GSE244103__w1000_standardized	AluJo_dup21514__THE1B_dup6722	0	AluJo_dup21514__THE1B_dup6722	1
GSE244103__w1000_standardized	AluJo_dup24965__L2c_dup51504	0	AluJo_dup24965__L2c_dup51504	2
GSE244103__w1000_standardized	AluJo_dup27__AluJo_dup3433	0	AluJo_dup27__AluJo_dup3433	3
GSE244103__w1000_standardized	AluJo_dup27__AluSx1_dup4701	0	AluJo_dup27__AluSx1_dup4701	4
GSE244103__w1000_standardized	AluJo_dup28593__L2_dup26804	1	AluJo_dup28593__L2_dup26804	5
GSE244103__w1000_standardized	AluJo_dup3070__MER74B_dup71	0	AluJo_dup3070__MER74B_dup71	3
GSE244103__w1000_standardized	AluJo_dup33331__L1MC5_dup7474	1	AluJo_dup33331__L1MC5_dup7474	1
GSE244103__w1000_standardized	AluJo_dup33351__AluSg_dup16991	1	AluJo_dup33351__AluSg_dup16991	2
GSE244103__w1000_standardized	AluJo_dup33351__AluY_dup49485	1	AluJo_dup33351__AluY_dup49485	4
GSE244103__w1000_standardized	AluJo_dup33352__AluY_dup49485	1	AluJo_dup33352__AluY_dup49485	5
GSE244103__w1000_standardized	AluJo_dup35066__MIR_dup82764	1	AluJo_dup35066__MIR_dup82764	1
GSE244103__w1000_standardized	AluJo_dup39031__AluSp_dup26922	1	AluJo_dup39031__AluSp_dup26922	2
GSE244103__w1000_standardized	AluJo_dup41916__L1ME2_dup8041	0	AluJo_dup41916__L1ME2_dup8041	4
GSE244103__w1000_standardized	AluJo_dup43618__AluSc_dup20169	1	AluJo_dup43618__AluSc_dup20169	5
GSE244103__w1000_standardized	AluJo_dup44133__L1ME1_dup19147	0	AluJo_dup44133__L1ME1_dup19147	3
GSE244103__w1000_standardized	AluJo_dup52597__MSTA-int_dup2251	0	AluJo_dup52597__MSTA-int_dup2251	1
GSE244103__w1000_standardized	AluJo_dup5276__L2_dup1179	0	AluJo_dup5276__L2_dup1179	2
GSE244103__w1000_standardized	AluJo_dup53742__AluSz_dup73543	1	AluJo_dup53742__AluSz_dup73543	3
GSE244103__w1000_standardized	AluJo_dup53856__AluJr_dup60750	1	AluJo_dup53856__AluJr_dup60750	4
GSE244103__w1000_standardized	AluJo_dup56597__AluSx_dup87532	0	AluJo_dup56597__AluSx_dup87532	5
GSE244103__w1000_standardized	AluJo_dup56597__MamRep137_dup1947	0	AluJo_dup56597__MamRep137_dup1947	2
GSE244103__w1000_standardized	AluJo_dup56601__THE1B_dup18303	0	AluJo_dup56601__THE1B_dup18303	4
GSE244103__w1000_standardized	AluJo_dup56817__AluJo_dup58807	1	AluJo_dup56817__AluJo_dup58807	1
GSE244103__w1000_standardized	AluJo_dup63540__AluSx_dup92235	0	AluJo_dup63540__AluSx_dup92235	3
GSE244103__w1000_standardized	AluJo_dup68283__MER91A_dup3033	1	AluJo_dup68283__MER91A_dup3033	5
GSE244103__w1000_standardized	AluJo_dup70530__AluSz6_dup44062	1	AluJo_dup70530__AluSz6_dup44062	2
GSE244103__w1000_standardized	AluJo_dup71491__AluSq_dup16948	1	AluJo_dup71491__AluSq_dup16948	3
GSE244103__w1000_standardized	AluJo_dup72355__AluSx_dup107588	1	AluJo_dup72355__AluSx_dup107588	1
GSE244103__w1000_standardized	AluJo_dup74106__AluSx1_dup109372	1	AluJo_dup74106__AluSx1_dup109372	4
GSE244103__w1000_standardized	AluJr4_dup3473__AluSx3_dup4033	0	AluJr4_dup3473__AluSx3_dup4033	5
GSE244103__w1000_standardized	AluJr4_dup489__AluJb_dup9285	1	AluJr4_dup489__AluJb_dup9285	1
GSE244103__w1000_standardized	AluJr_dup10783__AluSx1_dup10594	1	AluJr_dup10783__AluSx1_dup10594	2
GSE244103__w1000_standardized	AluJr_dup11270__AluSx4_dup1161	0	AluJr_dup11270__AluSx4_dup1161	3
GSE244103__w1000_standardized	AluJr_dup12585__AluSx1_dup13087	1	AluJr_dup12585__AluSx1_dup13087	4
GSE244103__w1000_standardized	AluJr_dup16723__MLT1H_dup1748	0	AluJr_dup16723__MLT1H_dup1748	5
GSE244103__w1000_standardized	AluJr_dup16886__AluSz_dup18137	1	AluJr_dup16886__AluSz_dup18137	1
GSE244103__w1000_standardized	AluJr_dup1758__MamSINE1_dup353	0	AluJr_dup1758__MamSINE1_dup353	2
GSE244103__w1000_standardized	AluJr_dup2249__AluJb_dup9967	0	AluJr_dup2249__AluJb_dup9967	3
GSE244103__w1000_standardized	AluJr_dup23169__L2c_dup51330	1	AluJr_dup23169__L2c_dup51330	4
GSE244103__w1000_standardized	AluJr_dup23169__MIR_dup62620	1	AluJr_dup23169__MIR_dup62620	5
GSE244103__w1000_standardized	AluJr_dup23432__Charlie18a_dup731	1	AluJr_dup23432__Charlie18a_dup731	1
GSE244103__w1000_standardized	AluJr_dup30828__AluJb_dup51355	1	AluJr_dup30828__AluJb_dup51355	3
GSE244103__w1000_standardized	AluJr_dup34037__MIRb_dup96124	0	AluJr_dup34037__MIRb_dup96124	5
GSE244103__w1000_standardized	AluJr_dup34348__AluSx3_dup12580	1	AluJr_dup34348__AluSx3_dup12580	2
GSE244103__w1000_standardized	AluJr_dup34478__AluSg_dup14136	0	AluJr_dup34478__AluSg_dup14136	4
GSE244103__w1000_standardized	AluJr_dup37168__AluJo_dup35054	1	AluJr_dup37168__AluJo_dup35054	1
GSE244103__w1000_standardized	AluJr_dup3780__AluSc_dup82	1	AluJr_dup3780__AluSc_dup82	3
GSE244103__w1000_standardized	AluJr_dup39046__AluSx1_dup49650	1	AluJr_dup39046__AluSx1_dup49650	4
GSE244103__w1000_standardized	AluJr_dup400__AluJb_dup6702	1	AluJr_dup400__AluJb_dup6702	2
GSE244103__w1000_standardized	AluJr_dup41179__MIR3_dup43635	0	AluJr_dup41179__MIR3_dup43635	5
GSE244103__w1000_standardized	AluJr_dup41434__L1M4_dup9594	0	AluJr_dup41434__L1M4_dup9594	1
GSE244103__w1000_standardized	AluJr_dup46786__AluJb_dup66725	0	AluJr_dup46786__AluJb_dup66725	2
GSE244103__w1000_standardized	AluJr_dup4792__MIRc_dup1516	0	AluJr_dup4792__MIRc_dup1516	3
GSE244103__w1000_standardized	AluJr_dup48954__AluY_dup60028	1	AluJr_dup48954__AluY_dup60028	4
GSE244103__w1000_standardized	AluJr_dup50716__AluSz_dup63894	1	AluJr_dup50716__AluSz_dup63894	5
GSE244103__w1000_standardized	AluJr_dup50961__AluSx_dup72177	0	AluJr_dup50961__AluSx_dup72177	1
GSE244103__w1000_standardized	AluJr_dup50961__MIRb_dup152885	0	AluJr_dup50961__MIRb_dup152885	2
GSE244103__w1000_standardized	AluJr_dup54307__MER58A_dup8804	0	AluJr_dup54307__MER58A_dup8804	5
GSE244103__w1000_standardized	AluJr_dup54307__MER5B_dup16545	0	AluJr_dup54307__MER5B_dup16545	4
GSE244103__w1000_standardized	AluJr_dup54914__AluSc8_dup14494	0	AluJr_dup54914__AluSc8_dup14494	3
GSE244103__w1000_standardized	AluJr_dup56585__AluSx1_dup77559	1	AluJr_dup56585__AluSx1_dup77559	1
GSE244103__w1000_standardized	AluJr_dup57507__L2a_dup130549	0	AluJr_dup57507__L2a_dup130549	2
GSE244103__w1000_standardized	AluJr_dup60750__AluSx1_dup79820	1	AluJr_dup60750__AluSx1_dup79820	3
GSE244103__w1000_standardized	AluJr_dup60750__MIR_dup132151	1	AluJr_dup60750__MIR_dup132151	4
GSE244103__w1000_standardized	AluJr_dup62665__AluSx1_dup87075	1	AluJr_dup62665__AluSx1_dup87075	5
GSE244103__w1000_standardized	AluJr_dup62665__FLAM_C_dup18383	1	AluJr_dup62665__FLAM_C_dup18383	1
GSE244103__w1000_standardized	AluJr_dup65035__AluSz_dup76002	0	AluJr_dup65035__AluSz_dup76002	4
GSE244103__w1000_standardized	AluJr_dup69088__AluSq2_dup48030	0	AluJr_dup69088__AluSq2_dup48030	5
GSE244103__w1000_standardized	AluJr_dup72295__AluSq4_dup1584	1	AluJr_dup72295__AluSq4_dup1584	2
GSE244103__w1000_standardized	AluJr_dup72576__AluSx_dup101997	1	AluJr_dup72576__AluSx_dup101997	3
GSE244103__w1000_standardized	AluJr_dup72576__AluYk12_dup178	1	AluJr_dup72576__AluYk12_dup178	3
GSE244103__w1000_standardized	AluJr_dup72576__MER77B_dup1072	1	AluJr_dup72576__MER77B_dup1072	1
GSE244103__w1000_standardized	AluJr_dup73384__AluSz6_dup42509	1	AluJr_dup73384__AluSz6_dup42509	2
GSE244103__w1000_standardized	AluJr_dup74154__MER21C_dup4754	0	AluJr_dup74154__MER21C_dup4754	4
GSE244103__w1000_standardized	AluJr_dup74982__AluSz_dup87650	1	AluJr_dup74982__AluSz_dup87650	5
GSE244103__w1000_standardized	AluJr_dup75290__AluSx3_dup27601	1	AluJr_dup75290__AluSx3_dup27601	2
GSE244103__w1000_standardized	AluJr_dup77115__AluSz_dup94273	0	AluJr_dup77115__AluSz_dup94273	3
GSE244103__w1000_standardized	AluJr_dup80261__AluSp_dup48091	1	AluJr_dup80261__AluSp_dup48091	4
GSE244103__w1000_standardized	AluJr_dup84214__AluSg7_dup8329	1	AluJr_dup84214__AluSg7_dup8329	1
GSE244103__w1000_standardized	AluJr_dup85490__AluSz_dup103319	1	AluJr_dup85490__AluSz_dup103319	5
GSE244103__w1000_standardized	AluJr_dup8822__L1MC5a_dup2379	0	AluJr_dup8822__L1MC5a_dup2379	1
GSE244103__w1000_standardized	AluJr_dup9490__MER124_dup116	1	AluJr_dup9490__MER124_dup116	2
GSE244103__w1000_standardized	AluSc5_dup1015__AluSq_dup2160	0	AluSc5_dup1015__AluSq_dup2160	3
GSE244103__w1000_standardized	AluSc8_dup10561__MIR_dup93364	0	AluSc8_dup10561__MIR_dup93364	4
GSE244103__w1000_standardized	AluSc8_dup12681__AluSz6_dup26721	1	AluSc8_dup12681__AluSz6_dup26721	5
GSE244103__w1000_standardized	AluSc8_dup12681__L1PA6_dup3690	1	AluSc8_dup12681__L1PA6_dup3690	1
GSE244103__w1000_standardized	AluSc8_dup14062__MER102b_dup2439	0	AluSc8_dup14062__MER102b_dup2439	2
GSE244103__w1000_standardized	AluSc8_dup14062__MER58A_dup8804	0	AluSc8_dup14062__MER58A_dup8804	5
GSE244103__w1000_standardized	AluSc8_dup14062__MER5B_dup16545	0	AluSc8_dup14062__MER5B_dup16545	3
GSE244103__w1000_standardized	AluSc8_dup14063__MER102b_dup2439	0	AluSc8_dup14063__MER102b_dup2439	4
GSE244103__w1000_standardized	AluSc8_dup14063__MER58A_dup8804	0	AluSc8_dup14063__MER58A_dup8804	4
GSE244103__w1000_standardized	AluSc8_dup14063__MER5B_dup16545	0	AluSc8_dup14063__MER5B_dup16545	1
GSE244103__w1000_standardized	AluSc8_dup15583__LTR78B_dup2615	0	AluSc8_dup15583__LTR78B_dup2615	2
GSE244103__w1000_standardized	AluSc8_dup19447__AluSp_dup43426	1	AluSc8_dup19447__AluSp_dup43426	3
GSE244103__w1000_standardized	AluSc8_dup20444__AluY_dup99818	1	AluSc8_dup20444__AluY_dup99818	5
GSE244103__w1000_standardized	AluSc8_dup20444__MIRb_dup209293	1	AluSc8_dup20444__MIRb_dup209293	1
GSE244103__w1000_standardized	AluSc8_dup21590__AluSz_dup99604	1	AluSc8_dup21590__AluSz_dup99604	2
GSE244103__w1000_standardized	AluSc8_dup254__AluSx_dup6563	1	AluSc8_dup254__AluSx_dup6563	3
GSE244103__w1000_standardized	AluSc8_dup487__AluSx1_dup7295	1	AluSc8_dup487__AluSx1_dup7295	4
GSE244103__w1000_standardized	AluSc8_dup598__L1MC4_dup1467	1	AluSc8_dup598__L1MC4_dup1467	5
GSE244103__w1000_standardized	AluSc_dup11783__AluSc_dup12767	1	AluSc_dup11783__AluSc_dup12767	5
GSE244103__w1000_standardized	AluSc_dup11783__AluSz_dup34768	1	AluSc_dup11783__AluSz_dup34768	1
GSE244103__w1000_standardized	AluSc_dup14382__L1ME3D_dup1951	1	AluSc_dup14382__L1ME3D_dup1951	2
GSE244103__w1000_standardized	AluSc_dup14382__L1ME3D_dup1952	1	AluSc_dup14382__L1ME3D_dup1952	3
GSE244103__w1000_standardized	AluSc_dup14382__L1ME3D_dup1953	1	AluSc_dup14382__L1ME3D_dup1953	4
GSE244103__w1000_standardized	AluSc_dup15083__L2c_dup61050	1	AluSc_dup15083__L2c_dup61050	1
GSE244103__w1000_standardized	AluSc_dup15346__AluSc_dup14382	1	AluSc_dup15346__AluSc_dup14382	2
GSE244103__w1000_standardized	AluSc_dup15346__AluSz_dup39309	1	AluSc_dup15346__AluSz_dup39309	3
GSE244103__w1000_standardized	AluSc_dup15447__LTR33_dup4573	0	AluSc_dup15447__LTR33_dup4573	4
GSE244103__w1000_standardized	AluSc_dup19610__AluJr_dup43412	1	AluSc_dup19610__AluJr_dup43412	5
GSE244103__w1000_standardized	AluSc_dup24246__LTR3_dup47	0	AluSc_dup24246__LTR3_dup47	4
GSE244103__w1000_standardized	AluSc_dup27046__AluJr_dup63954	1	AluSc_dup27046__AluJr_dup63954	1
GSE244103__w1000_standardized	AluSc_dup28388__AluJo_dup63540	0	AluSc_dup28388__AluJo_dup63540	2
GSE244103__w1000_standardized	AluSc_dup28388__MSTD_dup6491	0	AluSc_dup28388__MSTD_dup6491	3
GSE244103__w1000_standardized	AluSc_dup30620__AluSz6_dup40852	0	AluSc_dup30620__AluSz6_dup40852	5
GSE244103__w1000_standardized	AluSc_dup30620__MLT1E1_dup915	0	AluSc_dup30620__MLT1E1_dup915	5
GSE244103__w1000_standardized	AluSc_dup30620__MLT1E1_dup916	0	AluSc_dup30620__MLT1E1_dup916	1
GSE244103__w1000_standardized	AluSc_dup31419__MIRb_dup202393	1	AluSc_dup31419__MIRb_dup202393	2
GSE244103__w1000_standardized	AluSc_dup32143__AluSp_dup46892	1	AluSc_dup32143__AluSp_dup46892	3
GSE244103__w1000_standardized	AluSc_dup32143__MIRb_dup205906	1	AluSc_dup32143__MIRb_dup205906	4
GSE244103__w1000_standardized	AluSc_dup32378__AluJr_dup78800	1	AluSc_dup32378__AluJr_dup78800	1
GSE244103__w1000_standardized	AluSc_dup32379__AluSx_dup107589	1	AluSc_dup32379__AluSx_dup107589	4
GSE244103__w1000_standardized	AluSc_dup32379__MARNA_dup2955	1	AluSc_dup32379__MARNA_dup2955	2
GSE244103__w1000_standardized	AluSc_dup325__MamRep434_dup103	1	AluSc_dup325__MamRep434_dup103	3
GSE244103__w1000_standardized	AluSc_dup33143__AluSx1_dup109425	1	AluSc_dup33143__AluSx1_dup109425	5
GSE244103__w1000_standardized	AluSc_dup34__AluSx1_dup4802	1	AluSc_dup34__AluSx1_dup4802	1
GSE244103__w1000_standardized	AluSc_dup3932__MER124_dup116	1	AluSc_dup3932__MER124_dup116	2
GSE244103__w1000_standardized	AluSc_dup63__AluSx1_dup4946	1	AluSc_dup63__AluSx1_dup4946	3
GSE244103__w1000_standardized	AluSc_dup83__AluY_dup4780	0	AluSc_dup83__AluY_dup4780	4
GSE244103__w1000_standardized	AluSc_dup8691__MER90_dup142	0	AluSc_dup8691__MER90_dup142	5
GSE244103__w1000_standardized	AluSc_dup9112__LTR79_dup1028	0	AluSc_dup9112__LTR79_dup1028	2
GSE244103__w1000_standardized	AluSc_dup9581__FLAM_A_dup4521	0	AluSc_dup9581__FLAM_A_dup4521	3
GSE244103__w1000_standardized	AluSg4_dup6596__L1MC4_dup23019	0	AluSg4_dup6596__L1MC4_dup23019	1
GSE244103__w1000_standardized	AluSg7_dup1146__MIRb_dup34014	1	AluSg7_dup1146__MIRb_dup34014	5
GSE244103__w1000_standardized	AluSg7_dup1705__L1MCa_dup1173	1	AluSg7_dup1705__L1MCa_dup1173	4
GSE244103__w1000_standardized	AluSg7_dup3585__AluJr_dup31602	1	AluSg7_dup3585__AluJr_dup31602	1
GSE244103__w1000_standardized	AluSg7_dup4902__AluSz6_dup26721	1	AluSg7_dup4902__AluSz6_dup26721	2
GSE244103__w1000_standardized	AluSg7_dup5447__AluJb_dup78222	0	AluSg7_dup5447__AluJb_dup78222	3
GSE244103__w1000_standardized	AluSg7_dup5474__MLT1G3-int_dup174	0	AluSg7_dup5474__MLT1G3-int_dup174	4
GSE244103__w1000_standardized	AluSg7_dup6933__AluSx1_dup89968	1	AluSg7_dup6933__AluSx1_dup89968	5
GSE244103__w1000_standardized	AluSg_dup10003__AluSz6_dup14250	1	AluSg_dup10003__AluSz6_dup14250	1
GSE244103__w1000_standardized	AluSg_dup13418__L2a_dup67833	0	AluSg_dup13418__L2a_dup67833	3
GSE244103__w1000_standardized	AluSg_dup14135__AluJb_dup51834	1	AluSg_dup14135__AluJb_dup51834	2
GSE244103__w1000_standardized	AluSg_dup15242__AluSx1_dup42653	1	AluSg_dup15242__AluSx1_dup42653	4
GSE244103__w1000_standardized	AluSg_dup16274__AluJb_dup58242	1	AluSg_dup16274__AluJb_dup58242	5
GSE244103__w1000_standardized	AluSg_dup16274__L2a_dup88651	1	AluSg_dup16274__L2a_dup88651	1
GSE244103__w1000_standardized	AluSg_dup16275__L1ME3F_dup2360	1	AluSg_dup16275__L1ME3F_dup2360	2
GSE244103__w1000_standardized	AluSg_dup16991__AluJo_dup33352	1	AluSg_dup16991__AluJo_dup33352	3
GSE244103__w1000_standardized	AluSg_dup1717__AluSx_dup21	0	AluSg_dup1717__AluSx_dup21	4
GSE244103__w1000_standardized	AluSg_dup20578__MIR_dup109701	1	AluSg_dup20578__MIR_dup109701	5
GSE244103__w1000_standardized	AluSg_dup20579__AluSq2_dup35625	1	AluSg_dup20579__AluSq2_dup35625	3
GSE244103__w1000_standardized	AluSg_dup20579__MIR_dup109701	1	AluSg_dup20579__MIR_dup109701	1
GSE244103__w1000_standardized	AluSg_dup22350__AluSq_dup11640	1	AluSg_dup22350__AluSq_dup11640	2
GSE244103__w1000_standardized	AluSg_dup22559__MER58A_dup8804	0	AluSg_dup22559__MER58A_dup8804	4
GSE244103__w1000_standardized	AluSg_dup24653__X6A_LINE_dup821	1	AluSg_dup24653__X6A_LINE_dup821	5
GSE244103__w1000_standardized	AluSg_dup28214__AluSx3_dup24263	0	AluSg_dup28214__AluSx3_dup24263	1
GSE244103__w1000_standardized	AluSg_dup28797__AluSx_dup94009	0	AluSg_dup28797__AluSx_dup94009	4
GSE244103__w1000_standardized	AluSg_dup30923__AluSz_dup89589	1	AluSg_dup30923__AluSz_dup89589	2
GSE244103__w1000_standardized	AluSg_dup31562__AluJo_dup69478	1	AluSg_dup31562__AluJo_dup69478	5
GSE244103__w1000_standardized	AluSg_dup31786__LTR33C_dup832	1	AluSg_dup31786__LTR33C_dup832	3
GSE244103__w1000_standardized	AluSg_dup36161__AluSg7_dup8329	1	AluSg_dup36161__AluSg7_dup8329	1
GSE244103__w1000_standardized	AluSp_dup15032__L1M3_dup1812	1	AluSp_dup15032__L1M3_dup1812	2
GSE244103__w1000_standardized	AluSp_dup16743__AluSx1_dup38625	1	AluSp_dup16743__AluSx1_dup38625	3
GSE244103__w1000_standardized	AluSp_dup1745__Charlie21a_dup86	0	AluSp_dup1745__Charlie21a_dup86	4
GSE244103__w1000_standardized	AluSp_dup18834__L1MB3_dup6839	1	AluSp_dup18834__L1MB3_dup6839	5
GSE244103__w1000_standardized	AluSp_dup20818__AluSp_dup19491	1	AluSp_dup20818__AluSp_dup19491	2
GSE244103__w1000_standardized	AluSp_dup20893__L2c_dup61050	1	AluSp_dup20893__L2c_dup61050	5
GSE244103__w1000_standardized	AluSp_dup23097__AluSx1_dup49651	1	AluSp_dup23097__AluSx1_dup49651	1
GSE244103__w1000_standardized	AluSp_dup2486__L1M4a1_dup6	1	AluSp_dup2486__L1M4a1_dup6	3
GSE244103__w1000_standardized	AluSp_dup24900__MLT1K_dup8807	0	AluSp_dup24900__MLT1K_dup8807	4
GSE244103__w1000_standardized	AluSp_dup2490__L3_dup76	1	AluSp_dup2490__L3_dup76	1
GSE244103__w1000_standardized	AluSp_dup27690__L1PA16_dup8778	0	AluSp_dup27690__L1PA16_dup8778	2
GSE244103__w1000_standardized	AluSp_dup28136__L2b_dup60501	0	AluSp_dup28136__L2b_dup60501	4
GSE244103__w1000_standardized	AluSp_dup32035__MIR_dup116452	0	AluSp_dup32035__MIR_dup116452	3
GSE244103__w1000_standardized	AluSp_dup33880__L2c_dup107702	0	AluSp_dup33880__L2c_dup107702	5
GSE244103__w1000_standardized	AluSp_dup34855__THE1C_dup7429	0	AluSp_dup34855__THE1C_dup7429	1
GSE244103__w1000_standardized	AluSp_dup36204__AluJb_dup91876	1	AluSp_dup36204__AluJb_dup91876	2
GSE244103__w1000_standardized	AluSp_dup36204__MER5C_dup1042	1	AluSp_dup36204__MER5C_dup1042	3
GSE244103__w1000_standardized	AluSp_dup37390__AluJb_dup97964	1	AluSp_dup37390__AluJb_dup97964	4
GSE244103__w1000_standardized	AluSp_dup37390__AluJr_dup65615	1	AluSp_dup37390__AluJr_dup65615	5
GSE244103__w1000_standardized	AluSp_dup41511__L3_dup39948	0	AluSp_dup41511__L3_dup39948	2
GSE244103__w1000_standardized	AluSp_dup42689__AluSz6_dup42071	0	AluSp_dup42689__AluSz6_dup42071	1
GSE244103__w1000_standardized	AluSp_dup42852__AluY_dup93009	1	AluSp_dup42852__AluY_dup93009	3
GSE244103__w1000_standardized	AluSp_dup43253__AluSz6_dup42509	1	AluSp_dup43253__AluSz6_dup42509	4
GSE244103__w1000_standardized	AluSp_dup43412__MIRb_dup197684	0	AluSp_dup43412__MIRb_dup197684	5
GSE244103__w1000_standardized	AluSp_dup43773__AluSp_dup45167	0	AluSp_dup43773__AluSp_dup45167	1
GSE244103__w1000_standardized	AluSp_dup44209__AluSx1_dup98263	1	AluSp_dup44209__AluSx1_dup98263	2
GSE244103__w1000_standardized	AluSp_dup45797__MIRc_dup91763	0	AluSp_dup45797__MIRc_dup91763	3
GSE244103__w1000_standardized	AluSp_dup45804__AluJo_dup71786	1	AluSp_dup45804__AluJo_dup71786	4
GSE244103__w1000_standardized	AluSp_dup46726__AluSg4_dup6596	0	AluSp_dup46726__AluSg4_dup6596	5
GSE244103__w1000_standardized	AluSp_dup47486__LTR13_dup450	1	AluSp_dup47486__LTR13_dup450	2
GSE244103__w1000_standardized	AluSp_dup47916__L2b_dup90627	1	AluSp_dup47916__L2b_dup90627	1
GSE244103__w1000_standardized	AluSp_dup48091__AluJr_dup80262	1	AluSp_dup48091__AluJr_dup80262	5
GSE244103__w1000_standardized	AluSp_dup48878__L2c_dup135477	0	AluSp_dup48878__L2c_dup135477	3
GSE244103__w1000_standardized	AluSp_dup562__AluSx3_dup1764	1	AluSp_dup562__AluSx3_dup1764	4
GSE244103__w1000_standardized	AluSp_dup562__MIRc_dup6130	1	AluSp_dup562__MIRc_dup6130	1
GSE244103__w1000_standardized	AluSp_dup678__L2c_dup9075	0	AluSp_dup678__L2c_dup9075	2
GSE244103__w1000_standardized	AluSp_dup8882__AluJb_dup26689	0	AluSp_dup8882__AluJb_dup26689	3
GSE244103__w1000_standardized	AluSq10_dup1562__AluJb_dup102408	1	AluSq10_dup1562__AluJb_dup102408	4
GSE244103__w1000_standardized	AluSq2_dup16178__Tigger2b_Pri_dup759	1	AluSq2_dup16178__Tigger2b_Pri_dup759	5
GSE244103__w1000_standardized	AluSq2_dup17130__AluSz_dup30879	1	AluSq2_dup17130__AluSz_dup30879	3
GSE244103__w1000_standardized	AluSq2_dup17421__AluSx3_dup10315	0	AluSq2_dup17421__AluSx3_dup10315	1
GSE244103__w1000_standardized	AluSq2_dup24104__AluSx_dup41198	1	AluSq2_dup24104__AluSx_dup41198	5
GSE244103__w1000_standardized	AluSq2_dup24104__MLT1D_dup7965	1	AluSq2_dup24104__MLT1D_dup7965	2
GSE244103__w1000_standardized	AluSq2_dup24806__LTR81A_dup446	1	AluSq2_dup24806__LTR81A_dup446	4
GSE244103__w1000_standardized	AluSq2_dup26909__AluSp_dup23093	1	AluSq2_dup26909__AluSp_dup23093	1
GSE244103__w1000_standardized	AluSq2_dup26909__AluSp_dup23094	1	AluSq2_dup26909__AluSp_dup23094	2
GSE244103__w1000_standardized	AluSq2_dup26909__MIR_dup87090	1	AluSq2_dup26909__MIR_dup87090	3
GSE244103__w1000_standardized	AluSq2_dup26910__MLT1C_dup9609	1	AluSq2_dup26910__MLT1C_dup9609	4
GSE244103__w1000_standardized	AluSq2_dup2848__AluSx_dup248	1	AluSq2_dup2848__AluSx_dup248	5
GSE244103__w1000_standardized	AluSq2_dup34926__Tigger2_dup1854	1	AluSq2_dup34926__Tigger2_dup1854	2
GSE244103__w1000_standardized	AluSq2_dup36810__AluJo_dup47715	1	AluSq2_dup36810__AluJo_dup47715	5
GSE244103__w1000_standardized	AluSq2_dup36810__AluSq2_dup38276	1	AluSq2_dup36810__AluSq2_dup38276	1
GSE244103__w1000_standardized	AluSq2_dup36810__LTR9A1_dup287	1	AluSq2_dup36810__LTR9A1_dup287	3
GSE244103__w1000_standardized	AluSq2_dup38263__AluSx3_dup19570	1	AluSq2_dup38263__AluSx3_dup19570	4
GSE244103__w1000_standardized	AluSq2_dup39455__AluSx_dup75768	1	AluSq2_dup39455__AluSx_dup75768	1
GSE244103__w1000_standardized	AluSq2_dup4105__AluSx1_dup2515	0	AluSq2_dup4105__AluSx1_dup2515	2
GSE244103__w1000_standardized	AluSq2_dup41555__AluSp_dup34853	1	AluSq2_dup41555__AluSp_dup34853	5
GSE244103__w1000_standardized	AluSq2_dup42060__AluSx1_dup76339	1	AluSq2_dup42060__AluSx1_dup76339	3
GSE244103__w1000_standardized	AluSq2_dup48611__AluSx3_dup26514	1	AluSq2_dup48611__AluSx3_dup26514	4
GSE244103__w1000_standardized	AluSq2_dup49127__AluJo_dup60229	0	AluSq2_dup49127__AluJo_dup60229	3
GSE244103__w1000_standardized	AluSq2_dup49257__AluJo_dup60417	0	AluSq2_dup49257__AluJo_dup60417	1
GSE244103__w1000_standardized	AluSq2_dup49257__AluSg4_dup5557	0	AluSq2_dup49257__AluSg4_dup5557	4
GSE244103__w1000_standardized	AluSq2_dup49257__L1ME4a_dup28517	0	AluSq2_dup49257__L1ME4a_dup28517	2
GSE244103__w1000_standardized	AluSq2_dup49431__AluY_dup83751	0	AluSq2_dup49431__AluY_dup83751	5
GSE244103__w1000_standardized	AluSq2_dup527__MER47A_dup104	1	AluSq2_dup527__MER47A_dup104	5
GSE244103__w1000_standardized	AluSq2_dup53788__AluSz6_dup41509	1	AluSq2_dup53788__AluSz6_dup41509	1
GSE244103__w1000_standardized	AluSq2_dup54059__AluSg_dup31562	1	AluSq2_dup54059__AluSg_dup31562	2
GSE244103__w1000_standardized	AluSq2_dup57598__L2a_dup160042	1	AluSq2_dup57598__L2a_dup160042	3
GSE244103__w1000_standardized	AluSq2_dup57747__AluSp_dup47458	1	AluSq2_dup57747__AluSp_dup47458	4
GSE244103__w1000_standardized	AluSq2_dup58646__Tigger19b_dup3407	1	AluSq2_dup58646__Tigger19b_dup3407	1
GSE244103__w1000_standardized	AluSq2_dup739__AluSc_dup1774	1	AluSq2_dup739__AluSc_dup1774	3
GSE244103__w1000_standardized	AluSq2_dup7505__L1MEd_dup3566	0	AluSq2_dup7505__L1MEd_dup3566	4
GSE244103__w1000_standardized	AluSq_dup10229__AluJr_dup48587	1	AluSq_dup10229__AluJr_dup48587	2
GSE244103__w1000_standardized	AluSq_dup10229__AluSx_dup65844	1	AluSq_dup10229__AluSx_dup65844	5
GSE244103__w1000_standardized	AluSq_dup1329__AluSz6_dup1267	1	AluSq_dup1329__AluSz6_dup1267	1
GSE244103__w1000_standardized	AluSq_dup1329__L2c_dup4879	1	AluSq_dup1329__L2c_dup4879	2
GSE244103__w1000_standardized	AluSq_dup1330__AluSq2_dup1611	1	AluSq_dup1330__AluSq2_dup1611	3
GSE244103__w1000_standardized	AluSq_dup1330__AluSz_dup2787	1	AluSq_dup1330__AluSz_dup2787	4
GSE244103__w1000_standardized	AluSq_dup1330__L2c_dup4879	1	AluSq_dup1330__L2c_dup4879	5
GSE244103__w1000_standardized	AluSq_dup1333__AluSg_dup1034	1	AluSq_dup1333__AluSg_dup1034	1
GSE244103__w1000_standardized	AluSq_dup14642__MER21A_dup1630	0	AluSq_dup14642__MER21A_dup1630	4
GSE244103__w1000_standardized	AluSq_dup16223__L2c_dup124410	0	AluSq_dup16223__L2c_dup124410	5
GSE244103__w1000_standardized	AluSq_dup17208__AluSx_dup105316	1	AluSq_dup17208__AluSx_dup105316	2
GSE244103__w1000_standardized	AluSq_dup17208__L1MA9_dup14206	1	AluSq_dup17208__L1MA9_dup14206	3
GSE244103__w1000_standardized	AluSq_dup18521__AluSz_dup99067	1	AluSq_dup18521__AluSz_dup99067	1
GSE244103__w1000_standardized	AluSq_dup18659__L2_dup54490	0	AluSq_dup18659__L2_dup54490	2
GSE244103__w1000_standardized	AluSq_dup7106__AluSx_dup46922	1	AluSq_dup7106__AluSx_dup46922	3
GSE244103__w1000_standardized	AluSq_dup8844__MIR3_dup47209	1	AluSq_dup8844__MIR3_dup47209	4
GSE244103__w1000_standardized	AluSq_dup8845__MIR3_dup47209	1	AluSq_dup8845__MIR3_dup47209	5
GSE244103__w1000_standardized	AluSx1_dup100363__AluSc_dup29945	0	AluSx1_dup100363__AluSc_dup29945	3
GSE244103__w1000_standardized	AluSx1_dup100548__MIR1_Amn_dup9884	0	AluSx1_dup100548__MIR1_Amn_dup9884	1
GSE244103__w1000_standardized	AluSx1_dup101185__AluSg_dup31025	1	AluSx1_dup101185__AluSg_dup31025	2
GSE244103__w1000_standardized	AluSx1_dup101259__AluJr_dup72305	1	AluSx1_dup101259__AluJr_dup72305	4
GSE244103__w1000_standardized	AluSx1_dup101259__AluSx1_dup97875	1	AluSx1_dup101259__AluSx1_dup97875	5
GSE244103__w1000_standardized	AluSx1_dup101703__AluSx1_dup98263	1	AluSx1_dup101703__AluSx1_dup98263	1
GSE244103__w1000_standardized	AluSx1_dup104017__L1PA5_dup9906	1	AluSx1_dup104017__L1PA5_dup9906	4
GSE244103__w1000_standardized	AluSx1_dup105551__AluSx4_dup9938	1	AluSx1_dup105551__AluSx4_dup9938	3
GSE244103__w1000_standardized	AluSx1_dup109373__AluJo_dup74106	1	AluSx1_dup109373__AluJo_dup74106	5
GSE244103__w1000_standardized	AluSx1_dup110302__AluSz_dup96456	1	AluSx1_dup110302__AluSz_dup96456	2
GSE244103__w1000_standardized	AluSx1_dup118929__AluSx_dup119024	1	AluSx1_dup118929__AluSx_dup119024	1
GSE244103__w1000_standardized	AluSx1_dup14048__AluJo_dup7225	0	AluSx1_dup14048__AluJo_dup7225	3
GSE244103__w1000_standardized	AluSx1_dup1404__AluSx_dup6565	1	AluSx1_dup1404__AluSx_dup6565	2
GSE244103__w1000_standardized	AluSx1_dup16423__MER2_dup1015	1	AluSx1_dup16423__MER2_dup1015	4
GSE244103__w1000_standardized	AluSx1_dup18178__L1MB4_dup1680	0	AluSx1_dup18178__L1MB4_dup1680	5
GSE244103__w1000_standardized	AluSx1_dup27665__MLT1L_dup2989	1	AluSx1_dup27665__MLT1L_dup2989	4
GSE244103__w1000_standardized	AluSx1_dup32666__L2a_dup54340	1	AluSx1_dup32666__L2a_dup54340	1
GSE244103__w1000_standardized	AluSx1_dup366__MER5A1_dup538	1	AluSx1_dup366__MER5A1_dup538	5
GSE244103__w1000_standardized	AluSx1_dup4101__AluJb_dup11417	0	AluSx1_dup4101__AluJb_dup11417	2
GSE244103__w1000_standardized	AluSx1_dup42445__AluSc8_dup9193	1	AluSx1_dup42445__AluSc8_dup9193	3
GSE244103__w1000_standardized	AluSx1_dup42446__AluJr_dup34498	0	AluSx1_dup42446__AluJr_dup34498	1
GSE244103__w1000_standardized	AluSx1_dup42645__AluSg_dup15240	1	AluSx1_dup42645__AluSg_dup15240	2
GSE244103__w1000_standardized	AluSx1_dup42653__L2_dup26804	1	AluSx1_dup42653__L2_dup26804	3
GSE244103__w1000_standardized	AluSx1_dup43150__THE1B_dup10528	0	AluSx1_dup43150__THE1B_dup10528	4
GSE244103__w1000_standardized	AluSx1_dup48743__AluSq2_dup27696	1	AluSx1_dup48743__AluSq2_dup27696	5
GSE244103__w1000_standardized	AluSx1_dup58304__AluJo_dup40813	1	AluSx1_dup58304__AluJo_dup40813	1
GSE244103__w1000_standardized	AluSx1_dup66196__AluSz_dup57270	1	AluSx1_dup66196__AluSz_dup57270	2
GSE244103__w1000_standardized	AluSx1_dup67078__MIR_dup106809	0	AluSx1_dup67078__MIR_dup106809	3
GSE244103__w1000_standardized	AluSx1_dup68374__AluSp_dup31376	1	AluSx1_dup68374__AluSp_dup31376	4
GSE244103__w1000_standardized	AluSx1_dup68999__L2a_dup118989	0	AluSx1_dup68999__L2a_dup118989	5
GSE244103__w1000_standardized	AluSx1_dup72501__AluJr_dup51918	1	AluSx1_dup72501__AluJr_dup51918	2
GSE244103__w1000_standardized	AluSx1_dup7851__AluSx1_dup3017	1	AluSx1_dup7851__AluSx1_dup3017	1
GSE244103__w1000_standardized	AluSx1_dup81670__AluSx1_dup79820	1	AluSx1_dup81670__AluSx1_dup79820	3
GSE244103__w1000_standardized	AluSx1_dup81670__MIR_dup132151	1	AluSx1_dup81670__MIR_dup132151	4
GSE244103__w1000_standardized	AluSx1_dup8734__AluSg4_dup258	1	AluSx1_dup8734__AluSg4_dup258	5
GSE244103__w1000_standardized	AluSx1_dup88859__Tigger7_dup2639	1	AluSx1_dup88859__Tigger7_dup2639	1
GSE244103__w1000_standardized	AluSx1_dup91425__MLT1A0_dup17455	1	AluSx1_dup91425__MLT1A0_dup17455	3
GSE244103__w1000_standardized	AluSx1_dup9152__L1ME4b_dup765	1	AluSx1_dup9152__L1ME4b_dup765	4
GSE244103__w1000_standardized	AluSx1_dup91927__AluSq2_dup47230	1	AluSx1_dup91927__AluSq2_dup47230	2
GSE244103__w1000_standardized	AluSx1_dup94470__Charlie5_dup2120	0	AluSx1_dup94470__Charlie5_dup2120	5
GSE244103__w1000_standardized	AluSx1_dup98141__AluJb_dup110990	1	AluSx1_dup98141__AluJb_dup110990	1
GSE244103__w1000_standardized	AluSx1_dup99049__Tigger3b_dup5699	0	AluSx1_dup99049__Tigger3b_dup5699	2
GSE244103__w1000_standardized	AluSx3_dup12238__AluSp_dup20254	1	AluSx3_dup12238__AluSp_dup20254	3
GSE244103__w1000_standardized	AluSx3_dup1719__AluSz_dup966	1	AluSx3_dup1719__AluSz_dup966	4
GSE244103__w1000_standardized	AluSx3_dup18263__AluSx_dup66655	1	AluSx3_dup18263__AluSx_dup66655	5
GSE244103__w1000_standardized	AluSx3_dup23704__LTR41_dup954	0	AluSx3_dup23704__LTR41_dup954	5
GSE244103__w1000_standardized	AluSx3_dup2373__AluSq2_dup1755	1	AluSx3_dup2373__AluSq2_dup1755	1
GSE244103__w1000_standardized	AluSx3_dup24263__L1ME2_dup10523	0	AluSx3_dup24263__L1ME2_dup10523	2
GSE244103__w1000_standardized	AluSx3_dup28470__AluSp_dup43147	1	AluSx3_dup28470__AluSp_dup43147	3
GSE244103__w1000_standardized	AluSx3_dup30060__AluSx_dup110043	1	AluSx3_dup30060__AluSx_dup110043	4
GSE244103__w1000_standardized	AluSx3_dup7181__AluSc_dup8691	0	AluSx3_dup7181__AluSc_dup8691	1
GSE244103__w1000_standardized	AluSx3_dup7181__AluYj4_dup845	0	AluSx3_dup7181__AluYj4_dup845	4
GSE244103__w1000_standardized	AluSx3_dup7453__AluSx_dup28411	1	AluSx3_dup7453__AluSx_dup28411	2
GSE244103__w1000_standardized	AluSx4_dup10048__AluJo_dup71786	1	AluSx4_dup10048__AluJo_dup71786	3
GSE244103__w1000_standardized	AluSx4_dup305__L1MC4_dup1467	1	AluSx4_dup305__L1MC4_dup1467	5
GSE244103__w1000_standardized	AluSx4_dup305__L1MC4_dup1470	1	AluSx4_dup305__L1MC4_dup1470	5
GSE244103__w1000_standardized	AluSx4_dup6561__AluSx_dup67745	1	AluSx4_dup6561__AluSx_dup67745	1
GSE244103__w1000_standardized	AluSx_dup100017__AluJo_dup69159	0	AluSx_dup100017__AluJo_dup69159	2
GSE244103__w1000_standardized	AluSx_dup100786__MSTB_dup7426	1	AluSx_dup100786__MSTB_dup7426	3
GSE244103__w1000_standardized	AluSx_dup101997__MSTA_dup16741	1	AluSx_dup101997__MSTA_dup16741	4
GSE244103__w1000_standardized	AluSx_dup102253__AluSg_dup31192	1	AluSx_dup102253__AluSg_dup31192	1
GSE244103__w1000_standardized	AluSx_dup102487__MSTB_dup7303	1	AluSx_dup102487__MSTB_dup7303	4
GSE244103__w1000_standardized	AluSx_dup103158__AluSp_dup43329	0	AluSx_dup103158__AluSp_dup43329	5
GSE244103__w1000_standardized	AluSx_dup104339__AluSx1_dup105551	1	AluSx_dup104339__AluSx1_dup105551	2
GSE244103__w1000_standardized	AluSx_dup106538__L1MB8_dup14379	1	AluSx_dup106538__L1MB8_dup14379	3
GSE244103__w1000_standardized	AluSx_dup107589__AluSc8_dup20287	1	AluSx_dup107589__AluSc8_dup20287	2
GSE244103__w1000_standardized	AluSx_dup112328__L1MC4_dup24411	0	AluSx_dup112328__L1MC4_dup24411	1
GSE244103__w1000_standardized	AluSx_dup112652__MER30_dup4029	1	AluSx_dup112652__MER30_dup4029	3
GSE244103__w1000_standardized	AluSx_dup113923__AluSx_dup111532	1	AluSx_dup113923__AluSx_dup111532	4
GSE244103__w1000_standardized	AluSx_dup14159__AluJb_dup21079	1	AluSx_dup14159__AluJb_dup21079	5
GSE244103__w1000_standardized	AluSx_dup158__AluSx_dup5117	1	AluSx_dup158__AluSx_dup5117	3
GSE244103__w1000_standardized	AluSx_dup18367__AluSq2_dup7499	0	AluSx_dup18367__AluSq2_dup7499	1
GSE244103__w1000_standardized	AluSx_dup21424__AluJr4_dup4749	1	AluSx_dup21424__AluJr4_dup4749	2
GSE244103__w1000_standardized	AluSx_dup25530__MIR3_dup24367	1	AluSx_dup25530__MIR3_dup24367	5
GSE244103__w1000_standardized	AluSx_dup30253__LTR5B_dup120	0	AluSx_dup30253__LTR5B_dup120	4
GSE244103__w1000_standardized	AluSx_dup30253__MER48_dup71	0	AluSx_dup30253__MER48_dup71	1
GSE244103__w1000_standardized	AluSx_dup3130__AluSx1_dup7737	1	AluSx_dup3130__AluSx1_dup7737	4
GSE244103__w1000_standardized	AluSx_dup3409__MER1A_dup167	1	AluSx_dup3409__MER1A_dup167	2
GSE244103__w1000_standardized	AluSx_dup35077__AluSq2_dup17421	0	AluSx_dup35077__AluSq2_dup17421	3
GSE244103__w1000_standardized	AluSx_dup359__AluY_dup4759	1	AluSx_dup359__AluY_dup4759	5
GSE244103__w1000_standardized	AluSx_dup39275__AluSx_dup36472	1	AluSx_dup39275__AluSx_dup36472	1
GSE244103__w1000_standardized	AluSx_dup41021__AluSx1_dup43897	0	AluSx_dup41021__AluSx1_dup43897	4
GSE244103__w1000_standardized	AluSx_dup41517__MER53_dup2489	0	AluSx_dup41517__MER53_dup2489	2
GSE244103__w1000_standardized	AluSx_dup41537__L2c_dup62878	0	AluSx_dup41537__L2c_dup62878	3
GSE244103__w1000_standardized	AluSx_dup43338__AluSx_dup46933	1	AluSx_dup43338__AluSx_dup46933	5
GSE244103__w1000_standardized	AluSx_dup43340__AluSz6_dup19896	0	AluSx_dup43340__AluSz6_dup19896	1
GSE244103__w1000_standardized	AluSx_dup43999__L1MEd_dup10376	1	AluSx_dup43999__L1MEd_dup10376	2
GSE244103__w1000_standardized	AluSx_dup50210__L2c_dup72205	0	AluSx_dup50210__L2c_dup72205	3
GSE244103__w1000_standardized	AluSx_dup50228__MIR_dup87090	1	AluSx_dup50228__MIR_dup87090	4
GSE244103__w1000_standardized	AluSx_dup52587__AluSg_dup16275	1	AluSx_dup52587__AluSg_dup16275	5
GSE244103__w1000_standardized	AluSx_dup66129__MIR_dup103823	0	AluSx_dup66129__MIR_dup103823	5
GSE244103__w1000_standardized	AluSx_dup66749__AluSx1_dup63730	0	AluSx_dup66749__AluSx1_dup63730	1
GSE244103__w1000_standardized	AluSx_dup66749__AluSx_dup64447	0	AluSx_dup66749__AluSx_dup64447	2
GSE244103__w1000_standardized	AluSx_dup67043__AluY_dup60590	0	AluSx_dup67043__AluY_dup60590	3
GSE244103__w1000_standardized	AluSx_dup67043__L1MC4a_dup6225	0	AluSx_dup67043__L1MC4a_dup6225	4
GSE244103__w1000_standardized	AluSx_dup67746__AluJb_dup72121	1	AluSx_dup67746__AluJb_dup72121	1
GSE244103__w1000_standardized	AluSx_dup67749__AluSz_dup58142	1	AluSx_dup67749__AluSz_dup58142	2
GSE244103__w1000_standardized	AluSx_dup67749__Charlie4_dup74	1	AluSx_dup67749__Charlie4_dup74	3
GSE244103__w1000_standardized	AluSx_dup69158__AluSx_dup72074	1	AluSx_dup69158__AluSx_dup72074	5
GSE244103__w1000_standardized	AluSx_dup69158__AluY_dup67357	1	AluSx_dup69158__AluY_dup67357	4
GSE244103__w1000_standardized	AluSx_dup7043__MIRc_dup1573	0	AluSx_dup7043__MIRc_dup1573	4
GSE244103__w1000_standardized	AluSx_dup70709__AluJb_dup81623	1	AluSx_dup70709__AluJb_dup81623	1
GSE244103__w1000_standardized	AluSx_dup71480__AluJo_dup45362	1	AluSx_dup71480__AluJo_dup45362	2
GSE244103__w1000_standardized	AluSx_dup72074__AluSz_dup61442	1	AluSx_dup72074__AluSz_dup61442	3
GSE244103__w1000_standardized	AluSx_dup72178__AluJr_dup50961	0	AluSx_dup72178__AluJr_dup50961	5
GSE244103__w1000_standardized	AluSx_dup721__L1MB8_dup599	1	AluSx_dup721__L1MB8_dup599	1
GSE244103__w1000_standardized	AluSx_dup72756__AluSz_dup62080	1	AluSx_dup72756__AluSz_dup62080	3
GSE244103__w1000_standardized	AluSx_dup75583__AluJr4_dup13639	1	AluSx_dup75583__AluJr4_dup13639	2
GSE244103__w1000_standardized	AluSx_dup77057__Charlie17a_dup894	0	AluSx_dup77057__Charlie17a_dup894	4
GSE244103__w1000_standardized	AluSx_dup77743__AluSc5_dup4815	0	AluSx_dup77743__AluSc5_dup4815	5
GSE244103__w1000_standardized	AluSx_dup78968__AluSq2_dup41042	0	AluSx_dup78968__AluSq2_dup41042	4
GSE244103__w1000_standardized	AluSx_dup80161__AluJb_dup86840	0	AluSx_dup80161__AluJb_dup86840	3
GSE244103__w1000_standardized	AluSx_dup80864__Charlie5_dup1988	1	AluSx_dup80864__Charlie5_dup1988	1
GSE244103__w1000_standardized	AluSx_dup80864__L2_dup44916	1	AluSx_dup80864__L2_dup44916	5
GSE244103__w1000_standardized	AluSx_dup80864__L2_dup44917	1	AluSx_dup80864__L2_dup44917	2
GSE244103__w1000_standardized	AluSx_dup80864__L2a_dup133692	1	AluSx_dup80864__L2a_dup133692	2
GSE244103__w1000_standardized	AluSx_dup81666__AluSx1_dup82487	1	AluSx_dup81666__AluSx1_dup82487	1
GSE244103__w1000_standardized	AluSx_dup82499__AluSz_dup71829	1	AluSx_dup82499__AluSz_dup71829	4
GSE244103__w1000_standardized	AluSx_dup83693__L2a_dup132799	1	AluSx_dup83693__L2a_dup132799	3
GSE244103__w1000_standardized	AluSx_dup85930__AluJb_dup98119	1	AluSx_dup85930__AluJb_dup98119	5
GSE244103__w1000_standardized	AluSx_dup91270__L4_A_Mam_dup5707	0	AluSx_dup91270__L4_A_Mam_dup5707	1
GSE244103__w1000_standardized	AluSx_dup91927__AluJb_dup104551	1	AluSx_dup91927__AluJb_dup104551	2
GSE244103__w1000_standardized	AluSx_dup92265__AluY_dup87405	1	AluSx_dup92265__AluY_dup87405	3
GSE244103__w1000_standardized	AluSx_dup9363__AluJo_dup2837	1	AluSx_dup9363__AluJo_dup2837	5
GSE244103__w1000_standardized	AluSx_dup94146__AluSx1_dup90344	0	AluSx_dup94146__AluSx1_dup90344	4
GSE244103__w1000_standardized	AluSx_dup95235__AluJo_dup61528	1	AluSx_dup95235__AluJo_dup61528	1
GSE244103__w1000_standardized	AluSx_dup96080__AluSq_dup15694	1	AluSx_dup96080__AluSq_dup15694	4
GSE244103__w1000_standardized	AluSx_dup97906__AluJb_dup110223	0	AluSx_dup97906__AluJb_dup110223	2
GSE244103__w1000_standardized	AluSx_dup98185__AluJb_dup110424	1	AluSx_dup98185__AluJb_dup110424	3
GSE244103__w1000_standardized	AluSx_dup98185__AluSp_dup43893	1	AluSx_dup98185__AluSp_dup43893	5
GSE244103__w1000_standardized	AluSx_dup99109__AluSx1_dup101920	0	AluSx_dup99109__AluSx1_dup101920	1
GSE244103__w1000_standardized	AluSx_dup99127__MIR_dup153913	0	AluSx_dup99127__MIR_dup153913	3
GSE244103__w1000_standardized	AluSz6_dup10240__AluY_dup19106	1	AluSz6_dup10240__AluY_dup19106	2
GSE244103__w1000_standardized	AluSz6_dup11077__AluSx_dup28411	1	AluSz6_dup11077__AluSx_dup28411	4
GSE244103__w1000_standardized	AluSz6_dup11483__L2_dup17061	1	AluSz6_dup11483__L2_dup17061	5
GSE244103__w1000_standardized	AluSz6_dup1207__AluSz_dup7121	1	AluSz6_dup1207__AluSz_dup7121	2
GSE244103__w1000_standardized	AluSz6_dup1532__Charlie21a_dup86	0	AluSz6_dup1532__Charlie21a_dup86	4
GSE244103__w1000_standardized	AluSz6_dup16766__AluSz6_dup15512	1	AluSz6_dup16766__AluSz6_dup15512	1
GSE244103__w1000_standardized	AluSz6_dup16766__L2a_dup64433	1	AluSz6_dup16766__L2a_dup64433	3
GSE244103__w1000_standardized	AluSz6_dup16766__MER30_dup1531	1	AluSz6_dup16766__MER30_dup1531	5
GSE244103__w1000_standardized	AluSz6_dup22304__MER33_dup4522	1	AluSz6_dup22304__MER33_dup4522	1
GSE244103__w1000_standardized	AluSz6_dup25764__L1MC4_dup13719	0	AluSz6_dup25764__L1MC4_dup13719	5
GSE244103__w1000_standardized	AluSz6_dup26721__L1MC5a_dup10493	1	AluSz6_dup26721__L1MC5a_dup10493	2
GSE244103__w1000_standardized	AluSz6_dup28944__L2b_dup64842	0	AluSz6_dup28944__L2b_dup64842	4
GSE244103__w1000_standardized	AluSz6_dup31167__L1ME3B_dup5315	1	AluSz6_dup31167__L1ME3B_dup5315	3
GSE244103__w1000_standardized	AluSz6_dup33253__AluSg_dup24588	0	AluSz6_dup33253__AluSg_dup24588	1
GSE244103__w1000_standardized	AluSz6_dup33253__AluSx1_dup76231	0	AluSz6_dup33253__AluSx1_dup76231	2
GSE244103__w1000_standardized	AluSz6_dup36981__MIRb_dup176839	1	AluSz6_dup36981__MIRb_dup176839	3
GSE244103__w1000_standardized	AluSz6_dup41701__AluSx_dup103656	0	AluSz6_dup41701__AluSx_dup103656	5
GSE244103__w1000_standardized	AluSz6_dup44678__MamTip1_dup837	0	AluSz6_dup44678__MamTip1_dup837	4
GSE244103__w1000_standardized	AluSz6_dup577__MIRc_dup6429	1	AluSz6_dup577__MIRc_dup6429	1
GSE244103__w1000_standardized	AluSz6_dup6679__AluJb_dup13748	0	AluSz6_dup6679__AluJb_dup13748	4
GSE244103__w1000_standardized	AluSz6_dup93__AluY_dup4759	1	AluSz6_dup93__AluY_dup4759	2
GSE244103__w1000_standardized	AluSz_dup100494__AluSx3_dup30911	0	AluSz_dup100494__AluSx3_dup30911	3
GSE244103__w1000_standardized	AluSz_dup2810__AluSq2_dup4291	1	AluSz_dup2810__AluSq2_dup4291	5
GSE244103__w1000_standardized	AluSz_dup28425__MIR_dup61106	0	AluSz_dup28425__MIR_dup61106	1
GSE244103__w1000_standardized	AluSz_dup2974__AluSx3_dup2373	1	AluSz_dup2974__AluSx3_dup2373	4
GSE244103__w1000_standardized	AluSz_dup30__AluSp_dup2366	0	AluSz_dup30__AluSp_dup2366	2
GSE244103__w1000_standardized	AluSz_dup32299__AluSc_dup12767	1	AluSz_dup32299__AluSc_dup12767	3
GSE244103__w1000_standardized	AluSz_dup35255__LFSINE_Vert_dup866	0	AluSz_dup35255__LFSINE_Vert_dup866	5
GSE244103__w1000_standardized	AluSz_dup37700__AluSp_dup20586	1	AluSz_dup37700__AluSp_dup20586	4
GSE244103__w1000_standardized	AluSz_dup37700__AluSq2_dup24807	1	AluSz_dup37700__AluSq2_dup24807	1
GSE244103__w1000_standardized	AluSz_dup38308__AluJo_dup31047	0	AluSz_dup38308__AluJo_dup31047	2
GSE244103__w1000_standardized	AluSz_dup38315__AluJr4_dup8817	1	AluSz_dup38315__AluJr4_dup8817	3
GSE244103__w1000_standardized	AluSz_dup39309__L1ME3D_dup1953	1	AluSz_dup39309__L1ME3D_dup1953	5
GSE244103__w1000_standardized	AluSz_dup40963__AluSq2_dup23114	0	AluSz_dup40963__AluSq2_dup23114	4
GSE244103__w1000_standardized	AluSz_dup41605__L2c_dup61050	1	AluSz_dup41605__L2c_dup61050	1
GSE244103__w1000_standardized	AluSz_dup41607__AluJr_dup31602	1	AluSz_dup41607__AluJr_dup31602	2
GSE244103__w1000_standardized	AluSz_dup44549__L2b_dup47184	1	AluSz_dup44549__L2b_dup47184	3
GSE244103__w1000_standardized	AluSz_dup48147__L1MB8_dup8375	0	AluSz_dup48147__L1MB8_dup8375	5
GSE244103__w1000_standardized	AluSz_dup48147__L1MB8_dup8377	0	AluSz_dup48147__L1MB8_dup8377	3
GSE244103__w1000_standardized	AluSz_dup48854__MIR3_dup47352	1	AluSz_dup48854__MIR3_dup47352	1
GSE244103__w1000_standardized	AluSz_dup54976__AluSz_dup52471	1	AluSz_dup54976__AluSz_dup52471	4
GSE244103__w1000_standardized	AluSz_dup57183__AluSx_dup66718	0	AluSz_dup57183__AluSx_dup66718	2
GSE244103__w1000_standardized	AluSz_dup60613__Tigger7_dup2153	1	AluSz_dup60613__Tigger7_dup2153	5
GSE244103__w1000_standardized	AluSz_dup61625__L2c_dup98160	1	AluSz_dup61625__L2c_dup98160	1
GSE244103__w1000_standardized	AluSz_dup61920__LOR1b_dup767	1	AluSz_dup61920__LOR1b_dup767	5
GSE244103__w1000_standardized	AluSz_dup61920__MER4B-int_dup790	1	AluSz_dup61920__MER4B-int_dup790	2
GSE244103__w1000_standardized	AluSz_dup62352__L2b_dup66234	0	AluSz_dup62352__L2b_dup66234	3
GSE244103__w1000_standardized	AluSz_dup67737__AluSg_dup23734	1	AluSz_dup67737__AluSg_dup23734	4
GSE244103__w1000_standardized	AluSz_dup72029__AluJb_dup91876	1	AluSz_dup72029__AluJb_dup91876	2
GSE244103__w1000_standardized	AluSz_dup72029__MIRb_dup172406	1	AluSz_dup72029__MIRb_dup172406	1
GSE244103__w1000_standardized	AluSz_dup76002__MER5B_dup20009	0	AluSz_dup76002__MER5B_dup20009	3
GSE244103__w1000_standardized	AluSz_dup76728__AluJb_dup98189	0	AluSz_dup76728__AluJb_dup98189	4
GSE244103__w1000_standardized	AluSz_dup81529__AluSx_dup94786	1	AluSz_dup81529__AluSx_dup94786	5
GSE244103__w1000_standardized	AluSz_dup82028__AluSz_dup84522	1	AluSz_dup82028__AluSz_dup84522	1
GSE244103__w1000_standardized	AluSz_dup85211__AluSq_dup15694	1	AluSz_dup85211__AluSq_dup15694	5
GSE244103__w1000_standardized	AluSz_dup87643__AluJb_dup110990	1	AluSz_dup87643__AluJb_dup110990	2
GSE244103__w1000_standardized	AluSz_dup88325__AluJo_dup68799	1	AluSz_dup88325__AluJo_dup68799	3
GSE244103__w1000_standardized	AluSz_dup89505__MER58A_dup11366	0	AluSz_dup89505__MER58A_dup11366	4
GSE244103__w1000_standardized	AluSz_dup93083__AluSz6_dup44062	1	AluSz_dup93083__AluSz6_dup44062	2
GSE244103__w1000_standardized	AluSz_dup94184__L1ME3A_dup14085	0	AluSz_dup94184__L1ME3A_dup14085	1
GSE244103__w1000_standardized	AluSz_dup94967__AluSc5_dup6245	1	AluSz_dup94967__AluSc5_dup6245	5
GSE244103__w1000_standardized	AluSz_dup95615__AluJr_dup78800	1	AluSz_dup95615__AluJr_dup78800	3
GSE244103__w1000_standardized	AluSz_dup95615__AluSz_dup95083	1	AluSz_dup95615__AluSz_dup95083	4
GSE244103__w1000_standardized	AluSz_dup95839__AluJr_dup79015	0	AluSz_dup95839__AluJr_dup79015	1
GSE244103__w1000_standardized	AluSz_dup96027__AluJb_dup118861	1	AluSz_dup96027__AluJb_dup118861	3
GSE244103__w1000_standardized	AluSz_dup966__AluSc_dup1700	1	AluSz_dup966__AluSc_dup1700	2
GSE244103__w1000_standardized	AluSz_dup966__AluSp_dup2855	1	AluSz_dup966__AluSp_dup2855	4
GSE244103__w1000_standardized	AluSz_dup966__AluSx_dup6203	1	AluSz_dup966__AluSx_dup6203	5
GSE244103__w1000_standardized	AluSz_dup97280__AluSc8_dup20444	1	AluSz_dup97280__AluSc8_dup20444	1
GSE244103__w1000_standardized	AluSz_dup97733__AluSx_dup109605	0	AluSz_dup97733__AluSx_dup109605	5
GSE244103__w1000_standardized	AluSz_dup99067__AluSc8_dup21481	1	AluSz_dup99067__AluSc8_dup21481	2
GSE244103__w1000_standardized	AluY_dup105776__AluSx1_dup117246	0	AluY_dup105776__AluSx1_dup117246	3
GSE244103__w1000_standardized	AluY_dup22049__AluSz_dup18137	1	AluY_dup22049__AluSz_dup18137	4
GSE244103__w1000_standardized	AluY_dup29531__AluSz6_dup14250	1	AluY_dup29531__AluSz6_dup14250	1
GSE244103__w1000_standardized	AluY_dup33654__AluSx_dup31900	1	AluY_dup33654__AluSx_dup31900	2
GSE244103__w1000_standardized	AluY_dup44446__L1M2_dup3934	0	AluY_dup44446__L1M2_dup3934	3
GSE244103__w1000_standardized	AluY_dup4473__AluSz_dup30	0	AluY_dup4473__AluSz_dup30	4
GSE244103__w1000_standardized	AluY_dup4760__L3_dup76	1	AluY_dup4760__L3_dup76	5
GSE244103__w1000_standardized	AluY_dup4781__AluSc_dup83	0	AluY_dup4781__AluSc_dup83	3
GSE244103__w1000_standardized	AluY_dup49174__AluSc8_dup9736	1	AluY_dup49174__AluSc8_dup9736	4
GSE244103__w1000_standardized	AluY_dup49486__AluSx1_dup49650	1	AluY_dup49486__AluSx1_dup49650	5
GSE244103__w1000_standardized	AluY_dup49789__MamTip2_dup3678	1	AluY_dup49789__MamTip2_dup3678	1
GSE244103__w1000_standardized	AluY_dup50840__MIR_dup92777	0	AluY_dup50840__MIR_dup92777	2
GSE244103__w1000_standardized	AluY_dup60583__L2a_dup108915	0	AluY_dup60583__L2a_dup108915	1
GSE244103__w1000_standardized	AluY_dup61545__AluSx3_dup18002	1	AluY_dup61545__AluSx3_dup18002	2
GSE244103__w1000_standardized	AluY_dup61545__AluSz_dup56244	1	AluY_dup61545__AluSz_dup56244	3
GSE244103__w1000_standardized	AluY_dup61800__MIR_dup103142	0	AluY_dup61800__MIR_dup103142	5
GSE244103__w1000_standardized	AluY_dup62610__AluJb_dup70992	1	AluY_dup62610__AluJb_dup70992	4
GSE244103__w1000_standardized	AluY_dup64845__AluJb_dup79820	1	AluY_dup64845__AluJb_dup79820	1
GSE244103__w1000_standardized	AluY_dup67343__L2a_dup112734	0	AluY_dup67343__L2a_dup112734	4
GSE244103__w1000_standardized	AluY_dup68447__AluJr_dup52041	0	AluY_dup68447__AluJr_dup52041	2
GSE244103__w1000_standardized	AluY_dup7126__AluSq2_dup1611	1	AluY_dup7126__AluSq2_dup1611	3
GSE244103__w1000_standardized	AluY_dup7126__AluSz_dup2787	1	AluY_dup7126__AluSz_dup2787	5
GSE244103__w1000_standardized	AluY_dup7126__L2c_dup4879	1	AluY_dup7126__L2c_dup4879	3
GSE244103__w1000_standardized	AluY_dup73448__L3b_dup7494	1	AluY_dup73448__L3b_dup7494	1
GSE244103__w1000_standardized	AluY_dup78050__L1ME4b_dup16118	0	AluY_dup78050__L1ME4b_dup16118	2
GSE244103__w1000_standardized	AluY_dup78050__MER3_dup7962	0	AluY_dup78050__MER3_dup7962	4
GSE244103__w1000_standardized	AluY_dup8059__AluJb_dup4913	1	AluY_dup8059__AluJb_dup4913	5
GSE244103__w1000_standardized	AluY_dup8059__AluSx_dup4049	1	AluY_dup8059__AluSx_dup4049	1
GSE244103__w1000_standardized	AluY_dup8059__LTR8_dup109	1	AluY_dup8059__LTR8_dup109	4
GSE244103__w1000_standardized	AluY_dup81212__THE1B_dup17999	1	AluY_dup81212__THE1B_dup17999	2
GSE244103__w1000_standardized	AluY_dup81466__AluJb_dup94634	0	AluY_dup81466__AluJb_dup94634	3
GSE244103__w1000_standardized	AluY_dup83177__AluJb_dup102408	1	AluY_dup83177__AluJb_dup102408	5
GSE244103__w1000_standardized	AluY_dup83177__MIRb_dup187698	1	AluY_dup83177__MIRb_dup187698	4
GSE244103__w1000_standardized	AluY_dup85060__MER1B_dup4452	1	AluY_dup85060__MER1B_dup4452	1
GSE244103__w1000_standardized	AluY_dup90493__AluSz6_dup42071	0	AluY_dup90493__AluSz6_dup42071	2
GSE244103__w1000_standardized	AluY_dup90582__OldhAT1_dup3793	0	AluY_dup90582__OldhAT1_dup3793	3
GSE244103__w1000_standardized	AluY_dup90603__AluSq2_dup53188	1	AluY_dup90603__AluSq2_dup53188	5
GSE244103__w1000_standardized	AluY_dup90603__AluY_dup92822	1	AluY_dup90603__AluY_dup92822	1
GSE244103__w1000_standardized	AluY_dup91914__AluSq2_dup54236	0	AluY_dup91914__AluSq2_dup54236	3
GSE244103__w1000_standardized	AluY_dup92907__MER91A_dup3033	1	AluY_dup92907__MER91A_dup3033	2
GSE244103__w1000_standardized	AluY_dup93508__AluSx1_dup99219	1	AluY_dup93508__AluSx1_dup99219	4
GSE244103__w1000_standardized	AluY_dup94249__AluSq_dup16299	1	AluY_dup94249__AluSq_dup16299	5
GSE244103__w1000_standardized	AluY_dup97716__AluJr_dup78800	1	AluY_dup97716__AluJr_dup78800	4
GSE244103__w1000_standardized	AluY_dup97720__AluSx_dup107589	1	AluY_dup97720__AluSx_dup107589	5
GSE244103__w1000_standardized	AluY_dup97933__AluSx_dup107849	1	AluY_dup97933__AluSx_dup107849	1
GSE244103__w1000_standardized	AluYa5_dup458__AluSz_dup15156	0	AluYa5_dup458__AluSz_dup15156	2
GSE244103__w1000_standardized	AluYj4_dup845__LTR16B1_dup292	0	AluYj4_dup845__LTR16B1_dup292	3
GSE244103__w1000_standardized	AluYm1_dup3614__MIR_dup140673	0	AluYm1_dup3614__MIR_dup140673	1
GSE244103__w1000_standardized	AluYm1_dup4242__MER58B_dup5896	0	AluYm1_dup4242__MER58B_dup5896	4
GSE244103__w1000_standardized	CR1-3_Croc_dup1185__HAL1b_dup5220	0	CR1-3_Croc_dup1185__HAL1b_dup5220	5
GSE244103__w1000_standardized	Charlie15a_dup201__L2b_dup1859	0	Charlie15a_dup201__L2b_dup1859	2
GSE244103__w1000_standardized	Charlie15a_dup201__MER103C_dup81	0	Charlie15a_dup201__MER103C_dup81	3
GSE244103__w1000_standardized	Charlie15a_dup201__MIR3_dup1462	0	Charlie15a_dup201__MIR3_dup1462	1
GSE244103__w1000_standardized	Charlie1a_dup2067__AluSx_dup31578	1	Charlie1a_dup2067__AluSx_dup31578	4
GSE244103__w1000_standardized	Charlie1a_dup3930__AluSq2_dup38816	0	Charlie1a_dup3930__AluSq2_dup38816	5
GSE244103__w1000_standardized	Charlie1b_dup807__THE1B-int_dup1231	1	Charlie1b_dup807__THE1B-int_dup1231	2
GSE244103__w1000_standardized	Charlie21a_dup84__AluSp_dup1745	0	Charlie21a_dup84__AluSp_dup1745	4
GSE244103__w1000_standardized	Charlie22a_dup484__AluSz_dup41166	0	Charlie22a_dup484__AluSz_dup41166	3
GSE244103__w1000_standardized	Charlie24_dup1264__L1MA9_dup14589	0	Charlie24_dup1264__L1MA9_dup14589	3
GSE244103__w1000_standardized	Charlie26a_dup285__AluSq2_dup26910	1	Charlie26a_dup285__AluSq2_dup26910	1
GSE244103__w1000_standardized	Charlie4z_dup3789__AluJr4_dup13322	1	Charlie4z_dup3789__AluJr4_dup13322	2
GSE244103__w1000_standardized	Charlie5_dup1988__AluSp_dup36204	1	Charlie5_dup1988__AluSp_dup36204	5
GSE244103__w1000_standardized	Charlie5_dup1988__AluY_dup75865	1	Charlie5_dup1988__AluY_dup75865	5
GSE244103__w1000_standardized	Charlie5_dup1988__MER5C_dup1042	1	Charlie5_dup1988__MER5C_dup1042	4
GSE244103__w1000_standardized	Charlie5_dup342__MIRb_dup26657	1	Charlie5_dup342__MIRb_dup26657	1
GSE244103__w1000_standardized	ERV3-16A3_I-int_dup41__L2c_dup9794	1	ERV3-16A3_I-int_dup41__L2c_dup9794	2
GSE244103__w1000_standardized	ERV3-16A3_I-int_dup5480__PRIMA4_LTR_dup245	0	ERV3-16A3_I-int_dup5480__PRIMA4_LTR_dup245	3
GSE244103__w1000_standardized	ERV3-16A3_I-int_dup5481__PRIMA4_LTR_dup245	0	ERV3-16A3_I-int_dup5481__PRIMA4_LTR_dup245	5
GSE244103__w1000_standardized	FLAM_A_dup4165__Tigger4a_dup1116	0	FLAM_A_dup4165__Tigger4a_dup1116	1
GSE244103__w1000_standardized	FLAM_C_dup14961__MER30_dup2742	0	FLAM_C_dup14961__MER30_dup2742	2
GSE244103__w1000_standardized	FLAM_C_dup15191__AluSc8_dup13452	0	FLAM_C_dup15191__AluSc8_dup13452	3
GSE244103__w1000_standardized	FLAM_C_dup20531__MIR_dup153577	0	FLAM_C_dup20531__MIR_dup153577	4
GSE244103__w1000_standardized	FLAM_C_dup467__L2a_dup11000	1	FLAM_C_dup467__L2a_dup11000	1
GSE244103__w1000_standardized	FLAM_C_dup9203__AluY_dup44482	0	FLAM_C_dup9203__AluY_dup44482	4
GSE244103__w1000_standardized	FRAM_dup2764__AluSq2_dup24807	1	FRAM_dup2764__AluSq2_dup24807	5
GSE244103__w1000_standardized	FRAM_dup2841__MIR3_dup38284	1	FRAM_dup2841__MIR3_dup38284	2
GSE244103__w1000_standardized	FRAM_dup5341__AluJb_dup96162	0	FRAM_dup5341__AluJb_dup96162	4
GSE244103__w1000_standardized	HAL1_dup18723__L1MEi_dup4297	1	HAL1_dup18723__L1MEi_dup4297	3
GSE244103__w1000_standardized	HERV17-int_dup47__LTR12C_dup28	1	HERV17-int_dup47__LTR12C_dup28	1
GSE244103__w1000_standardized	HERV1_LTRa_dup13__LTR2_dup580	0	HERV1_LTRa_dup13__LTR2_dup580	2
GSE244103__w1000_standardized	HERVE-int_dup77__LTR2C_dup99	0	HERVE-int_dup77__LTR2C_dup99	3
GSE244103__w1000_standardized	HERVL-int_dup2112__AluSx_dup115516	1	HERVL-int_dup2112__AluSx_dup115516	5
GSE244103__w1000_standardized	HERVL40-int_dup1114__MER9a3_dup449	0	HERVL40-int_dup1114__MER9a3_dup449	1
GSE244103__w1000_standardized	HERVL40-int_dup216__L1ME3A_dup4454	0	HERVL40-int_dup216__L1ME3A_dup4454	2
GSE244103__w1000_standardized	Kanga1d_dup331__L1MC1_dup7094	1	Kanga1d_dup331__L1MC1_dup7094	3
GSE244103__w1000_standardized	Kanga1d_dup331__MIR3_dup42717	1	Kanga1d_dup331__MIR3_dup42717	5
GSE244103__w1000_standardized	L1M1_dup6233__L1MA3_dup6466	1	L1M1_dup6233__L1MA3_dup6466	4
GSE244103__w1000_standardized	L1M1_dup7693__MIRc_dup92869	0	L1M1_dup7693__MIRc_dup92869	1
GSE244103__w1000_standardized	L1M3_dup5699__AluSz_dup89275	0	L1M3_dup5699__AluSz_dup89275	4
GSE244103__w1000_standardized	L1M3a_dup109__MSTA_dup4059	0	L1M3a_dup109__MSTA_dup4059	2
GSE244103__w1000_standardized	L1M3c_dup694__MER31B_dup1053	1	L1M3c_dup694__MER31B_dup1053	3
GSE244103__w1000_standardized	L1M4a1_dup5__AluY_dup4754	1	L1M4a1_dup5__AluY_dup4754	5
GSE244103__w1000_standardized	L1M4a1_dup6__AluY_dup4754	1	L1M4a1_dup6__AluY_dup4754	1
GSE244103__w1000_standardized	L1M5_dup11401__AluSp_dup8882	0	L1M5_dup11401__AluSp_dup8882	4
GSE244103__w1000_standardized	L1M5_dup2622__MIRb_dup5317	1	L1M5_dup2622__MIRb_dup5317	2
GSE244103__w1000_standardized	L1M5_dup2622__MIRc_dup2080	1	L1M5_dup2622__MIRc_dup2080	3
GSE244103__w1000_standardized	L1M5_dup26461__AluJo_dup35054	1	L1M5_dup26461__AluJo_dup35054	5
GSE244103__w1000_standardized	L1M5_dup26461__MLT1I_dup5652	1	L1M5_dup26461__MLT1I_dup5652	2
GSE244103__w1000_standardized	L1M5_dup26464__AluJb_dup58213	1	L1M5_dup26464__AluJb_dup58213	3
GSE244103__w1000_standardized	L1M5_dup26464__L1MC5_dup7474	1	L1M5_dup26464__L1MC5_dup7474	4
GSE244103__w1000_standardized	L1M5_dup26465__AluJb_dup58213	1	L1M5_dup26465__AluJb_dup58213	1
GSE244103__w1000_standardized	L1M5_dup26465__L1MC5_dup7474	1	L1M5_dup26465__L1MC5_dup7474	5
GSE244103__w1000_standardized	L1M5_dup34099__AluJr_dup50042	0	L1M5_dup34099__AluJr_dup50042	5
GSE244103__w1000_standardized	L1M5_dup35953__L1M5_dup37069	0	L1M5_dup35953__L1M5_dup37069	4
GSE244103__w1000_standardized	L1M5_dup45482__AluJo_dup60387	0	L1M5_dup45482__AluJo_dup60387	1
GSE244103__w1000_standardized	L1M5_dup50522__MLT1D_dup18954	0	L1M5_dup50522__MLT1D_dup18954	2
GSE244103__w1000_standardized	L1M5_dup50975__MIRb_dup206904	0	L1M5_dup50975__MIRb_dup206904	3
GSE244103__w1000_standardized	L1M5_dup52865__L1M5_dup51409	1	L1M5_dup52865__L1M5_dup51409	2
GSE244103__w1000_standardized	L1MA10_dup3607__L1ME1_dup23342	0	L1MA10_dup3607__L1ME1_dup23342	4
GSE244103__w1000_standardized	L1MA1_dup2218__LTR5_Hs_dup353	0	L1MA1_dup2218__LTR5_Hs_dup353	1
GSE244103__w1000_standardized	L1MA4_dup3066__Charlie1a_dup1953	1	L1MA4_dup3066__Charlie1a_dup1953	3
GSE244103__w1000_standardized	L1MA7_dup1180__L1MA7_dup1413	0	L1MA7_dup1180__L1MA7_dup1413	5
GSE244103__w1000_standardized	L1MA9_dup12595__AluSz_dup71829	1	L1MA9_dup12595__AluSz_dup71829	1
GSE244103__w1000_standardized	L1MB2_dup7707__AluSx3_dup27601	1	L1MB2_dup7707__AluSx3_dup27601	3
GSE244103__w1000_standardized	L1MB3_dup6837__AluJb_dup46913	1	L1MB3_dup6837__AluJb_dup46913	5
GSE244103__w1000_standardized	L1MB3_dup6837__AluSp_dup18834	1	L1MB3_dup6837__AluSp_dup18834	2
GSE244103__w1000_standardized	L1MB3_dup8046__AluSg_dup16275	1	L1MB3_dup8046__AluSg_dup16275	4
GSE244103__w1000_standardized	L1MB4_dup5296__AluSz_dup57270	1	L1MB4_dup5296__AluSz_dup57270	2
GSE244103__w1000_standardized	L1MB4_dup5660__MLT1A0_dup13785	1	L1MB4_dup5660__MLT1A0_dup13785	4
GSE244103__w1000_standardized	L1MB7_dup10604__AluSc_dup17943	0	L1MB7_dup10604__AluSc_dup17943	3
GSE244103__w1000_standardized	L1MB7_dup14180__AluSx1_dup68373	1	L1MB7_dup14180__AluSx1_dup68373	1
GSE244103__w1000_standardized	L1MB7_dup15754__THE1C_dup7429	0	L1MB7_dup15754__THE1C_dup7429	5
GSE244103__w1000_standardized	L1MB7_dup15940__AluSx1_dup81500	0	L1MB7_dup15940__AluSx1_dup81500	1
GSE244103__w1000_standardized	L1MB7_dup18345__AluSq2_dup48575	1	L1MB7_dup18345__AluSq2_dup48575	2
GSE244103__w1000_standardized	L1MB7_dup3273__AluSq2_dup6545	0	L1MB7_dup3273__AluSq2_dup6545	3
GSE244103__w1000_standardized	L1MB7_dup8752__AluSx_dup47898	1	L1MB7_dup8752__AluSx_dup47898	4
GSE244103__w1000_standardized	L1MB7_dup8752__L1ME3D_dup1951	1	L1MB7_dup8752__L1ME3D_dup1951	5
GSE244103__w1000_standardized	L1MC1_dup10318__AluJb_dup86840	0	L1MC1_dup10318__AluJb_dup86840	2
GSE244103__w1000_standardized	L1MC1_dup325__L1MEc_dup1379	1	L1MC1_dup325__L1MEc_dup1379	3
GSE244103__w1000_standardized	L1MC1_dup4584__Charlie18a_dup731	1	L1MC1_dup4584__Charlie18a_dup731	1
GSE244103__w1000_standardized	L1MC1_dup7094__AluJo_dup33331	1	L1MC1_dup7094__AluJo_dup33331	4
GSE244103__w1000_standardized	L1MC1_dup7094__L1MEg_dup7274	1	L1MC1_dup7094__L1MEg_dup7274	5
GSE244103__w1000_standardized	L1MC1_dup7094__L2_dup28792	1	L1MC1_dup7094__L2_dup28792	4
GSE244103__w1000_standardized	L1MC2_dup2921__AluJb_dup58213	1	L1MC2_dup2921__AluJb_dup58213	1
GSE244103__w1000_standardized	L1MC4_dup1442__MLT1C_dup400	1	L1MC4_dup1442__MLT1C_dup400	2
GSE244103__w1000_standardized	L1MC4_dup1465__AluSc8_dup598	1	L1MC4_dup1465__AluSc8_dup598	3
GSE244103__w1000_standardized	L1MC4_dup17976__MLT1E2_dup2933	0	L1MC4_dup17976__MLT1E2_dup2933	5
GSE244103__w1000_standardized	L1MC4_dup22267__MIR_dup158912	1	L1MC4_dup22267__MIR_dup158912	4
GSE244103__w1000_standardized	L1MC4_dup3346__MLT1L_dup1071	0	L1MC4_dup3346__MLT1L_dup1071	3
GSE244103__w1000_standardized	L1MC4_dup3347__MLT1L_dup1071	0	L1MC4_dup3347__MLT1L_dup1071	1
GSE244103__w1000_standardized	L1MC4_dup4194__THE1D_dup2315	0	L1MC4_dup4194__THE1D_dup2315	2
GSE244103__w1000_standardized	L1MC4_dup7438__AluSp_dup15178	1	L1MC4_dup7438__AluSp_dup15178	5
GSE244103__w1000_standardized	L1MC4a_dup591__AluJb_dup4422	1	L1MC4a_dup591__AluJb_dup4422	2
GSE244103__w1000_standardized	L1MC4a_dup8238__LTR55_dup284	0	L1MC4a_dup8238__LTR55_dup284	1
GSE244103__w1000_standardized	L1MC5_dup1916__AluSq2_dup6545	0	L1MC5_dup1916__AluSq2_dup6545	3
GSE244103__w1000_standardized	L1MC5_dup6808__MER2_dup4158	1	L1MC5_dup6808__MER2_dup4158	4
GSE244103__w1000_standardized	L1MC5_dup6987__AluSx_dup51549	1	L1MC5_dup6987__AluSx_dup51549	5
GSE244103__w1000_standardized	L1MC5a_dup13407__AluJb_dup98189	0	L1MC5a_dup13407__AluJb_dup98189	1
GSE244103__w1000_standardized	L1MC5a_dup14725__AluJo_dup68799	1	L1MC5a_dup14725__AluJo_dup68799	3
GSE244103__w1000_standardized	L1MC5a_dup14725__AluJr_dup75555	1	L1MC5a_dup14725__AluJr_dup75555	2
GSE244103__w1000_standardized	L1MC5a_dup14726__AluJo_dup68799	1	L1MC5a_dup14726__AluJo_dup68799	4
GSE244103__w1000_standardized	L1MC5a_dup15086__MER58B_dup5896	0	L1MC5a_dup15086__MER58B_dup5896	5
GSE244103__w1000_standardized	L1MC5a_dup16621__AluJo_dup75225	1	L1MC5a_dup16621__AluJo_dup75225	1
GSE244103__w1000_standardized	L1MC5a_dup2379__AluSq2_dup6545	0	L1MC5a_dup2379__AluSq2_dup6545	2
GSE244103__w1000_standardized	L1MC_dup3786__AluJb_dup57758	0	L1MC_dup3786__AluJb_dup57758	4
GSE244103__w1000_standardized	L1MC_dup6482__AluSx1_dup85133	0	L1MC_dup6482__AluSx1_dup85133	3
GSE244103__w1000_standardized	L1MCa_dup6743__AluSc5_dup6234	1	L1MCa_dup6743__AluSc5_dup6234	5
GSE244103__w1000_standardized	L1MCa_dup6743__Charlie1_dup1757	1	L1MCa_dup6743__Charlie1_dup1757	1
GSE244103__w1000_standardized	L1MCa_dup6743__L1PA16_dup12269	1	L1MCa_dup6743__L1PA16_dup12269	4
GSE244103__w1000_standardized	L1MCa_dup6744__AluSc5_dup6234	1	L1MCa_dup6744__AluSc5_dup6234	2
GSE244103__w1000_standardized	L1MCa_dup6744__Charlie1_dup1757	1	L1MCa_dup6744__Charlie1_dup1757	3
GSE244103__w1000_standardized	L1MCa_dup6744__L1PA16_dup12269	1	L1MCa_dup6744__L1PA16_dup12269	5
GSE244103__w1000_standardized	L1MD3_dup2034__Tigger14a_dup597	0	L1MD3_dup2034__Tigger14a_dup597	4
GSE244103__w1000_standardized	L1MD3_dup3823__L1MC3_dup10268	1	L1MD3_dup3823__L1MC3_dup10268	5
GSE244103__w1000_standardized	L1MD_dup4183__AluJb_dup58213	1	L1MD_dup4183__AluJb_dup58213	4
GSE244103__w1000_standardized	L1MDa_dup2863__MER58A_dup5379	0	L1MDa_dup2863__MER58A_dup5379	1
GSE244103__w1000_standardized	L1ME1_dup11933__L2c_dup51504	0	L1ME1_dup11933__L2c_dup51504	2
GSE244103__w1000_standardized	L1ME1_dup16075__AluJr_dup41179	0	L1ME1_dup16075__AluJr_dup41179	3
GSE244103__w1000_standardized	L1ME1_dup17399__AluSz6_dup25764	0	L1ME1_dup17399__AluSz6_dup25764	2
GSE244103__w1000_standardized	L1ME1_dup23153__AluJo_dup53440	1	L1ME1_dup23153__AluJo_dup53440	1
GSE244103__w1000_standardized	L1ME1_dup23342__AluSz_dup69012	0	L1ME1_dup23342__AluSz_dup69012	3
GSE244103__w1000_standardized	L1ME1_dup26302__AluSx_dup92235	0	L1ME1_dup26302__AluSx_dup92235	5
GSE244103__w1000_standardized	L1ME1_dup27679__FLAM_C_dup21000	0	L1ME1_dup27679__FLAM_C_dup21000	3
GSE244103__w1000_standardized	L1ME2_dup596__L2a_dup339	0	L1ME2_dup596__L2a_dup339	5
GSE244103__w1000_standardized	L1ME2_dup6270__MER104_dup1090	0	L1ME2_dup6270__MER104_dup1090	1
GSE244103__w1000_standardized	L1ME3B_dup5121__L2_dup36039	0	L1ME3B_dup5121__L2_dup36039	2
GSE244103__w1000_standardized	L1ME3B_dup5314__AluSz6_dup31167	1	L1ME3B_dup5314__AluSz6_dup31167	4
GSE244103__w1000_standardized	L1ME3Cz_dup4527__AluJb_dup45466	0	L1ME3Cz_dup4527__AluJb_dup45466	2
GSE244103__w1000_standardized	L1ME3Cz_dup588__MIRc_dup1573	0	L1ME3Cz_dup588__MIRc_dup1573	1
GSE244103__w1000_standardized	L1ME3D_dup1952__AluSz_dup39309	1	L1ME3D_dup1952__AluSz_dup39309	4
GSE244103__w1000_standardized	L1ME3F_dup2357__AluSg_dup16275	1	L1ME3F_dup2357__AluSg_dup16275	5
GSE244103__w1000_standardized	L1ME3F_dup3057__L2_dup39481	0	L1ME3F_dup3057__L2_dup39481	3
GSE244103__w1000_standardized	L1ME3G_dup14411__AluSx_dup103527	1	L1ME3G_dup14411__AluSx_dup103527	3
GSE244103__w1000_standardized	L1ME3G_dup15838__AluSx_dup115916	1	L1ME3G_dup15838__AluSx_dup115916	1
GSE244103__w1000_standardized	L1ME3G_dup3565__MER21A_dup348	1	L1ME3G_dup3565__MER21A_dup348	5
GSE244103__w1000_standardized	L1ME3G_dup3565__MIR_dup32639	1	L1ME3G_dup3565__MIR_dup32639	2
GSE244103__w1000_standardized	L1ME3_dup7950__L2a_dup151797	0	L1ME3_dup7950__L2a_dup151797	4
GSE244103__w1000_standardized	L1ME3_dup7950__MER112_dup3801	0	L1ME3_dup7950__MER112_dup3801	1
GSE244103__w1000_standardized	L1ME4a_dup15649__AluSp_dup19491	1	L1ME4a_dup15649__AluSp_dup19491	2
GSE244103__w1000_standardized	L1ME4a_dup26389__AluSx1_dup82487	1	L1ME4a_dup26389__AluSx1_dup82487	4
GSE244103__w1000_standardized	L1ME4a_dup31097__AluSz_dup92574	0	L1ME4a_dup31097__AluSz_dup92574	3
GSE244103__w1000_standardized	L1ME4b_dup10256__AluSp_dup23096	1	L1ME4b_dup10256__AluSp_dup23096	5
GSE244103__w1000_standardized	L1ME4b_dup13145__AluJr_dup50042	0	L1ME4b_dup13145__AluJr_dup50042	1
GSE244103__w1000_standardized	L1ME4b_dup13145__MIRb_dup145195	0	L1ME4b_dup13145__MIRb_dup145195	3
GSE244103__w1000_standardized	L1ME4b_dup13755__AluSp_dup31376	1	L1ME4b_dup13755__AluSp_dup31376	2
GSE244103__w1000_standardized	L1ME4b_dup17588__AluSz_dup77243	0	L1ME4b_dup17588__AluSz_dup77243	4
GSE244103__w1000_standardized	L1ME4b_dup5499__AluJb_dup33897	1	L1ME4b_dup5499__AluJb_dup33897	5
GSE244103__w1000_standardized	L1ME4c_dup517__MIRb_dup7251	0	L1ME4c_dup517__MIRb_dup7251	1
GSE244103__w1000_standardized	L1ME5_dup2570__Charlie18a_dup1988	0	L1ME5_dup2570__Charlie18a_dup1988	5
GSE244103__w1000_standardized	L1MEc_dup15664__AluY_dup83177	1	L1MEc_dup15664__AluY_dup83177	2
GSE244103__w1000_standardized	L1MEd_dup14305__AluJr_dup47929	0	L1MEd_dup14305__AluJr_dup47929	3
GSE244103__w1000_standardized	L1MEh_dup1489__AluJb_dup58213	1	L1MEh_dup1489__AluJb_dup58213	4
GSE244103__w1000_standardized	L1MEh_dup1489__L1MC5_dup7474	1	L1MEh_dup1489__L1MC5_dup7474	1
GSE244103__w1000_standardized	L1P1_dup3047__MLT2A2_dup3556	1	L1P1_dup3047__MLT2A2_dup3556	2
GSE244103__w1000_standardized	L1PA11_dup3319__L1PB1_dup10442	1	L1PA11_dup3319__L1PB1_dup10442	4
GSE244103__w1000_standardized	L1PA11_dup3349__L1PB1_dup10318	1	L1PA11_dup3349__L1PB1_dup10318	3
GSE244103__w1000_standardized	L1PA11_dup3350__L1PB1_dup10319	1	L1PA11_dup3350__L1PB1_dup10319	5
GSE244103__w1000_standardized	L1PA12_dup723__AluSx_dup35688	0	L1PA12_dup723__AluSx_dup35688	3
GSE244103__w1000_standardized	L1PA13_dup7743__L1P1_dup3018	1	L1PA13_dup7743__L1P1_dup3018	1
GSE244103__w1000_standardized	L1PA15_dup6265__MLT2A2_dup2985	0	L1PA15_dup6265__MLT2A2_dup2985	2
GSE244103__w1000_standardized	L1PA4_dup8746__L1PA15_dup6025	1	L1PA4_dup8746__L1PA15_dup6025	4
GSE244103__w1000_standardized	L1PA5_dup2556__L1PA5_dup2977	1	L1PA5_dup2556__L1PA5_dup2977	5
GSE244103__w1000_standardized	L1PA5_dup5907__L1PA7_dup6709	1	L1PA5_dup5907__L1PA7_dup6709	4
GSE244103__w1000_standardized	L1PA5_dup7495__AluSc8_dup12563	1	L1PA5_dup7495__AluSc8_dup12563	5
GSE244103__w1000_standardized	L1PA7_dup7875__L1PB4_dup4020	1	L1PA7_dup7875__L1PB4_dup4020	1
GSE244103__w1000_standardized	L1PA8_dup4093__AluJb_dup58244	1	L1PA8_dup4093__AluJb_dup58244	2
GSE244103__w1000_standardized	L1PB1_dup9604__THE1-int_dup158	0	L1PB1_dup9604__THE1-int_dup158	3
GSE244103__w1000_standardized	L1PB4_dup6041__L1MB7_dup18736	0	L1PB4_dup6041__L1MB7_dup18736	1
GSE244103__w1000_standardized	L1PBa1_dup425__L1P1_dup3018	1	L1PBa1_dup425__L1P1_dup3018	2
GSE244103__w1000_standardized	L1PREC2_dup653__L1PREC2_dup935	0	L1PREC2_dup653__L1PREC2_dup935	3
GSE244103__w1000_standardized	L1PREC2_dup7973__MER21C_dup5661	0	L1PREC2_dup7973__MER21C_dup5661	5
GSE244103__w1000_standardized	L2-3_Crp_dup1294__L1ME4a_dup25425	1	L2-3_Crp_dup1294__L1ME4a_dup25425	4
GSE244103__w1000_standardized	L2_dup1179__MLT1J_dup889	0	L2_dup1179__MLT1J_dup889	4
GSE244103__w1000_standardized	L2_dup12276__LTR16B1_dup202	0	L2_dup12276__LTR16B1_dup202	1
GSE244103__w1000_standardized	L2_dup14557__MLT2D_dup1352	0	L2_dup14557__MLT2D_dup1352	2
GSE244103__w1000_standardized	L2_dup28792__L1MC5_dup7474	1	L2_dup28792__L1MC5_dup7474	3
GSE244103__w1000_standardized	L2_dup32066__AluSc8_dup10493	0	L2_dup32066__AluSc8_dup10493	5
GSE244103__w1000_standardized	L2_dup36766__AluJb_dup70940	1	L2_dup36766__AluJb_dup70940	1
GSE244103__w1000_standardized	L2_dup39481__AluJb_dup76738	0	L2_dup39481__AluJb_dup76738	3
GSE244103__w1000_standardized	L2_dup43062__L2a_dup130549	0	L2_dup43062__L2a_dup130549	2
GSE244103__w1000_standardized	L2_dup44917__AluY_dup75865	1	L2_dup44917__AluY_dup75865	4
GSE244103__w1000_standardized	L2_dup46091__MIRb_dup174967	0	L2_dup46091__MIRb_dup174967	5
GSE244103__w1000_standardized	L2_dup46324__AluSx1_dup84313	0	L2_dup46324__AluSx1_dup84313	1
GSE244103__w1000_standardized	L2_dup47085__MER21A_dup1630	0	L2_dup47085__MER21A_dup1630	2
GSE244103__w1000_standardized	L2_dup48113__AluSq2_dup48611	1	L2_dup48113__AluSq2_dup48611	3
GSE244103__w1000_standardized	L2_dup48113__L1M4_dup15960	1	L2_dup48113__L1M4_dup15960	4
GSE244103__w1000_standardized	L2_dup50436__L2b_dup84743	0	L2_dup50436__L2b_dup84743	5
GSE244103__w1000_standardized	L2_dup5432__MIR1_Amn_dup1589	0	L2_dup5432__MIR1_Amn_dup1589	1
GSE244103__w1000_standardized	L2a_dup111494__MamRTE1_dup6407	1	L2a_dup111494__MamRTE1_dup6407	3
GSE244103__w1000_standardized	L2a_dup112734__AluSz6_dup30471	0	L2a_dup112734__AluSz6_dup30471	2
GSE244103__w1000_standardized	L2a_dup112734__AluY_dup67344	0	L2a_dup112734__AluY_dup67344	4
GSE244103__w1000_standardized	L2a_dup133692__AluY_dup75865	1	L2a_dup133692__AluY_dup75865	5
GSE244103__w1000_standardized	L2a_dup135855__MamRep137_dup1947	0	L2a_dup135855__MamRep137_dup1947	1
GSE244103__w1000_standardized	L2a_dup149507__AluSx4_dup9803	0	L2a_dup149507__AluSx4_dup9803	2
GSE244103__w1000_standardized	L2a_dup154380__MIRb_dup203852	1	L2a_dup154380__MIRb_dup203852	4
GSE244103__w1000_standardized	L2a_dup24972__AluJb_dup13748	0	L2a_dup24972__AluJb_dup13748	5
GSE244103__w1000_standardized	L2a_dup26956__MIR_dup20711	0	L2a_dup26956__MIR_dup20711	3
GSE244103__w1000_standardized	L2a_dup33608__L2c_dup34488	1	L2a_dup33608__L2c_dup34488	1
GSE244103__w1000_standardized	L2a_dup39845__L2a_dup33995	0	L2a_dup39845__L2a_dup33995	3
GSE244103__w1000_standardized	L2a_dup40569__AluSz6_dup9102	1	L2a_dup40569__AluSz6_dup9102	2
GSE244103__w1000_standardized	L2a_dup40569__MLT1C_dup3332	1	L2a_dup40569__MLT1C_dup3332	4
GSE244103__w1000_standardized	L2a_dup53693__AluSp_dup15032	1	L2a_dup53693__AluSp_dup15032	5
GSE244103__w1000_standardized	L2a_dup61831__L2c_dup46622	0	L2a_dup61831__L2c_dup46622	1
GSE244103__w1000_standardized	L2a_dup68852__AluY_dup37388	1	L2a_dup68852__AluY_dup37388	3
GSE244103__w1000_standardized	L2a_dup84211__AluSq2_dup28140	1	L2a_dup84211__AluSq2_dup28140	2
GSE244103__w1000_standardized	L2a_dup85231__LTR78_dup2507	0	L2a_dup85231__LTR78_dup2507	4
GSE244103__w1000_standardized	L2a_dup88652__AluSx1_dup49650	1	L2a_dup88652__AluSx1_dup49650	5
GSE244103__w1000_standardized	L2a_dup90240__AluSc_dup17943	0	L2a_dup90240__AluSc_dup17943	4
GSE244103__w1000_standardized	L2a_dup92091__MIR3_dup47209	1	L2a_dup92091__MIR3_dup47209	1
GSE244103__w1000_standardized	L2b_dup12626__MIR_dup27226	0	L2b_dup12626__MIR_dup27226	5
GSE244103__w1000_standardized	L2b_dup13635__L2_dup5432	0	L2b_dup13635__L2_dup5432	2
GSE244103__w1000_standardized	L2b_dup1859__LTR89_dup61	0	L2b_dup1859__LTR89_dup61	3
GSE244103__w1000_standardized	L2b_dup1860__MIR3_dup5719	0	L2b_dup1860__MIR3_dup5719	3
GSE244103__w1000_standardized	L2b_dup21951__L1PA8_dup1331	1	L2b_dup21951__L1PA8_dup1331	4
GSE244103__w1000_standardized	L2b_dup3389__AluSq2_dup4280	1	L2b_dup3389__AluSq2_dup4280	1
GSE244103__w1000_standardized	L2b_dup3389__AluSx1_dup7655	1	L2b_dup3389__AluSx1_dup7655	2
GSE244103__w1000_standardized	L2b_dup41544__L2a_dup73977	0	L2b_dup41544__L2a_dup73977	5
GSE244103__w1000_standardized	L2b_dup41545__L2a_dup73977	0	L2b_dup41545__L2a_dup73977	2
GSE244103__w1000_standardized	L2b_dup66234__MIRc_dup67936	0	L2b_dup66234__MIRc_dup67936	3
GSE244103__w1000_standardized	L2b_dup764__AluJr_dup4190	1	L2b_dup764__AluJr_dup4190	4
GSE244103__w1000_standardized	L2b_dup77547__L2c_dup113023	0	L2b_dup77547__L2c_dup113023	1
GSE244103__w1000_standardized	L2b_dup77547__MIR_dup137155	0	L2b_dup77547__MIR_dup137155	5
GSE244103__w1000_standardized	L2b_dup83934__MIR_dup153688	1	L2b_dup83934__MIR_dup153688	1
GSE244103__w1000_standardized	L2b_dup92058__MER58A_dup12360	0	L2b_dup92058__MER58A_dup12360	2
GSE244103__w1000_standardized	L2c_dup102607__AluSx_dup74380	1	L2c_dup102607__AluSx_dup74380	5
GSE244103__w1000_standardized	L2c_dup107702__AluSx_dup77743	0	L2c_dup107702__AluSx_dup77743	3
GSE244103__w1000_standardized	L2c_dup109270__L2c_dup111269	0	L2c_dup109270__L2c_dup111269	4
GSE244103__w1000_standardized	L2c_dup114174__FRAM_dup5341	0	L2c_dup114174__FRAM_dup5341	3
GSE244103__w1000_standardized	L2c_dup117945__AluSz_dup84377	0	L2c_dup117945__AluSz_dup84377	4
GSE244103__w1000_standardized	L2c_dup1248__MIRc_dup6374	0	L2c_dup1248__MIRc_dup6374	1
GSE244103__w1000_standardized	L2c_dup127756__L1MC4_dup22830	0	L2c_dup127756__L1MC4_dup22830	2
GSE244103__w1000_standardized	L2c_dup127756__L1MC4_dup22831	0	L2c_dup127756__L1MC4_dup22831	5
GSE244103__w1000_standardized	L2c_dup130557__Charlie22a_dup1041	1	L2c_dup130557__Charlie22a_dup1041	2
GSE244103__w1000_standardized	L2c_dup130557__Tigger15a_dup4678	1	L2c_dup130557__Tigger15a_dup4678	3
GSE244103__w1000_standardized	L2c_dup134699__MIRc_dup95210	0	L2c_dup134699__MIRc_dup95210	1
GSE244103__w1000_standardized	L2c_dup19519__AluSz_dup15156	0	L2c_dup19519__AluSz_dup15156	4
GSE244103__w1000_standardized	L2c_dup24892__MamRTE1_dup1047	0	L2c_dup24892__MamRTE1_dup1047	5
GSE244103__w1000_standardized	L2c_dup29332__AluSx4_dup2331	1	L2c_dup29332__AluSx4_dup2331	2
GSE244103__w1000_standardized	L2c_dup3712__AluSq2_dup3957	0	L2c_dup3712__AluSq2_dup3957	1
GSE244103__w1000_standardized	L2c_dup4879__AluSq2_dup4280	1	L2c_dup4879__AluSq2_dup4280	3
GSE244103__w1000_standardized	L2c_dup5011__AluSx_dup8342	0	L2c_dup5011__AluSx_dup8342	4
GSE244103__w1000_standardized	L2c_dup51330__AluSg4_dup2069	1	L2c_dup51330__AluSg4_dup2069	5
GSE244103__w1000_standardized	L2c_dup59528__MER53_dup2489	0	L2c_dup59528__MER53_dup2489	3
GSE244103__w1000_standardized	L2c_dup63423__L1M4_dup7522	1	L2c_dup63423__L1M4_dup7522	1
GSE244103__w1000_standardized	L2c_dup64481__AluSx_dup43522	0	L2c_dup64481__AluSx_dup43522	4
GSE244103__w1000_standardized	L2c_dup65745__MamTip3_dup696	0	L2c_dup65745__MamTip3_dup696	2
GSE244103__w1000_standardized	L2c_dup67844__MER5B_dup12482	0	L2c_dup67844__MER5B_dup12482	5
GSE244103__w1000_standardized	L2c_dup72215__AluSp_dup22124	0	L2c_dup72215__AluSp_dup22124	2
GSE244103__w1000_standardized	L2c_dup72215__MIRc_dup47271	0	L2c_dup72215__MIRc_dup47271	3
GSE244103__w1000_standardized	L2c_dup89275__AluSp_dup27680	0	L2c_dup89275__AluSp_dup27680	4
GSE244103__w1000_standardized	L2c_dup9075__L3_dup378	0	L2c_dup9075__L3_dup378	1
GSE244103__w1000_standardized	L3_dup11051__AluSx1_dup20056	1	L3_dup11051__AluSx1_dup20056	5
GSE244103__w1000_standardized	L3_dup11357__AluSz6_dup9102	1	L3_dup11357__AluSz6_dup9102	1
GSE244103__w1000_standardized	L3_dup22563__AluJb_dup58244	1	L3_dup22563__AluJb_dup58244	3
GSE244103__w1000_standardized	L3_dup2727__MIRb_dup4042	0	L3_dup2727__MIRb_dup4042	2
GSE244103__w1000_standardized	L3_dup36749__AluSp_dup35646	0	L3_dup36749__AluSp_dup35646	4
GSE244103__w1000_standardized	L3_dup36749__AluSq2_dup43378	0	L3_dup36749__AluSq2_dup43378	5
GSE244103__w1000_standardized	L3_dup37306__AluJb_dup98116	0	L3_dup37306__AluJb_dup98116	1
GSE244103__w1000_standardized	L3_dup377__L2c_dup9075	0	L3_dup377__L2c_dup9075	2
GSE244103__w1000_standardized	L3_dup38417__L1ME3G_dup13894	0	L3_dup38417__L1ME3G_dup13894	3
GSE244103__w1000_standardized	L4_A_Mam_dup1004__L1MD_dup950	0	L4_A_Mam_dup1004__L1MD_dup950	4
GSE244103__w1000_standardized	L4_A_Mam_dup1939__L3_dup15387	0	L4_A_Mam_dup1939__L3_dup15387	5
GSE244103__w1000_standardized	L4_A_Mam_dup1939__MLT1L_dup3947	0	L4_A_Mam_dup1939__MLT1L_dup3947	4
GSE244103__w1000_standardized	L4_A_Mam_dup1940__MLT1L_dup3947	0	L4_A_Mam_dup1940__MLT1L_dup3947	1
GSE244103__w1000_standardized	L4_B_Mam_dup3282__MER1B_dup5500	1	L4_B_Mam_dup3282__MER1B_dup5500	2
GSE244103__w1000_standardized	LFSINE_Vert_dup1181__AluJo_dup35066	1	LFSINE_Vert_dup1181__AluJo_dup35066	3
GSE244103__w1000_standardized	LFSINE_Vert_dup866__L1MB8_dup5877	0	LFSINE_Vert_dup866__L1MB8_dup5877	5
GSE244103__w1000_standardized	LOR1a_dup242__L1MA6_dup1308	0	LOR1a_dup242__L1MA6_dup1308	2
GSE244103__w1000_standardized	LTR12C_dup1330__AluJb_dup46907	0	LTR12C_dup1330__AluJb_dup46907	3
GSE244103__w1000_standardized	LTR12C_dup2538__MIRb_dup212700	0	LTR12C_dup2538__MIRb_dup212700	1
GSE244103__w1000_standardized	LTR12C_dup533__L1PA5_dup1850	1	LTR12C_dup533__L1PA5_dup1850	5
GSE244103__w1000_standardized	LTR12C_dup968__MLT2A2_dup1355	0	LTR12C_dup968__MLT2A2_dup1355	4
GSE244103__w1000_standardized	LTR13_dup348__AluY_dup87405	1	LTR13_dup348__AluY_dup87405	4
GSE244103__w1000_standardized	LTR16A_dup3231__AluSc5_dup5013	0	LTR16A_dup3231__AluSc5_dup5013	1
GSE244103__w1000_standardized	LTR16B1_dup202__MLT1J1_dup1103	0	LTR16B1_dup202__MLT1J1_dup1103	2
GSE244103__w1000_standardized	LTR16B1_dup292__AluSc_dup8691	0	LTR16B1_dup292__AluSc_dup8691	3
GSE244103__w1000_standardized	LTR16C_dup975__AluJb_dup26689	0	LTR16C_dup975__AluJb_dup26689	5
GSE244103__w1000_standardized	LTR16C_dup975__L1M5_dup11401	0	LTR16C_dup975__L1M5_dup11401	1
GSE244103__w1000_standardized	LTR1B_dup286__HAL1ME_dup7772	0	LTR1B_dup286__HAL1ME_dup7772	4
GSE244103__w1000_standardized	LTR25-int_dup232__HERVH-int_dup4226	0	LTR25-int_dup232__HERVH-int_dup4226	5
GSE244103__w1000_standardized	LTR25_dup295__L1MA6_dup5549	0	LTR25_dup295__L1MA6_dup5549	3
GSE244103__w1000_standardized	LTR33_dup2480__MER94_dup1154	0	LTR33_dup2480__MER94_dup1154	3
GSE244103__w1000_standardized	LTR33_dup4748__AluJb_dup55548	1	LTR33_dup4748__AluJb_dup55548	4
GSE244103__w1000_standardized	LTR41B_dup256__MLT1A0_dup5558	0	LTR41B_dup256__MLT1A0_dup5558	2
GSE244103__w1000_standardized	LTR41C_dup387__AluJb_dup58213	1	LTR41C_dup387__AluJb_dup58213	1
GSE244103__w1000_standardized	LTR48B_dup865__AluSx_dup102253	1	LTR48B_dup865__AluSx_dup102253	2
GSE244103__w1000_standardized	LTR4_dup22__L1MD1_dup1206	0	LTR4_dup22__L1MD1_dup1206	5
GSE244103__w1000_standardized	LTR50_dup1334__LTR78_dup2506	0	LTR50_dup1334__LTR78_dup2506	1
GSE244103__w1000_standardized	LTR53_dup28__L1M4_dup687	1	LTR53_dup28__L1M4_dup687	2
GSE244103__w1000_standardized	LTR67B_dup28__MIR3_dup5181	0	LTR67B_dup28__MIR3_dup5181	3
GSE244103__w1000_standardized	LTR67B_dup479__AluY_dup16191	0	LTR67B_dup479__AluY_dup16191	4
GSE244103__w1000_standardized	LTR6A_dup79__MLT1F_dup1736	0	LTR6A_dup79__MLT1F_dup1736	5
GSE244103__w1000_standardized	LTR70_dup9__AluSc5_dup1677	0	LTR70_dup9__AluSc5_dup1677	3
GSE244103__w1000_standardized	LTR78_dup2507__L1MB3_dup7725	0	LTR78_dup2507__L1MB3_dup7725	5
GSE244103__w1000_standardized	LTR78_dup3573__MLT1E2_dup2747	0	LTR78_dup3573__MLT1E2_dup2747	1
GSE244103__w1000_standardized	LTR79_dup1569__L1ME3B_dup2424	1	LTR79_dup1569__L1ME3B_dup2424	2
GSE244103__w1000_standardized	LTR79_dup842__MIR_dup32608	0	LTR79_dup842__MIR_dup32608	4
GSE244103__w1000_standardized	LTR84a_dup632__AluJb_dup123500	1	LTR84a_dup632__AluJb_dup123500	1
GSE244103__w1000_standardized	LTR89_dup60__L2b_dup1859	0	LTR89_dup60__L2b_dup1859	2
GSE244103__w1000_standardized	LTR89_dup60__MIRc_dup1573	0	LTR89_dup60__MIRc_dup1573	3
GSE244103__w1000_standardized	LTR8B_dup1190__LTR8A_dup1013	0	LTR8B_dup1190__LTR8A_dup1013	4
GSE244103__w1000_standardized	LTR8_dup110__AluSx_dup9244	1	LTR8_dup110__AluSx_dup9244	5
GSE244103__w1000_standardized	LTR90A_dup327__MIRb_dup184275	0	LTR90A_dup327__MIRb_dup184275	1
GSE244103__w1000_standardized	LTR9B_dup517__MER20_dup12901	0	LTR9B_dup517__MER20_dup12901	2
GSE244103__w1000_standardized	LTR9C_dup17__AluSx1_dup12218	0	LTR9C_dup17__AluSx1_dup12218	3
GSE244103__w1000_standardized	MADE1_dup7052__MLT2C1_dup2252	0	MADE1_dup7052__MLT2C1_dup2252	4
GSE244103__w1000_standardized	MADE2_dup1037__L1ME3G_dup5809	0	MADE2_dup1037__L1ME3G_dup5809	5
GSE244103__w1000_standardized	MADE2_dup1037__L2c_dup51504	0	MADE2_dup1037__L2c_dup51504	1
GSE244103__w1000_standardized	MARNA_dup2955__AluSc8_dup20287	1	MARNA_dup2955__AluSc8_dup20287	2
GSE244103__w1000_standardized	MARNA_dup84__L3_dup3810	0	MARNA_dup84__L3_dup3810	4
GSE244103__w1000_standardized	MER102b_dup177__AluJr_dup1925	0	MER102b_dup177__AluJr_dup1925	3
GSE244103__w1000_standardized	MER102b_dup680__L2a_dup38693	0	MER102b_dup680__L2a_dup38693	5
GSE244103__w1000_standardized	MER103C_dup495__MIRb_dup7251	0	MER103C_dup495__MIRb_dup7251	1
GSE244103__w1000_standardized	MER103C_dup7023__L2c_dup109270	0	MER103C_dup7023__L2c_dup109270	2
GSE244103__w1000_standardized	MER103C_dup7023__L2c_dup111269	0	MER103C_dup7023__L2c_dup111269	3
GSE244103__w1000_standardized	MER103C_dup7076__AluSq2_dup43508	0	MER103C_dup7076__AluSq2_dup43508	5
GSE244103__w1000_standardized	MER103C_dup7076__L2_dup44604	0	MER103C_dup7076__L2_dup44604	4
GSE244103__w1000_standardized	MER103C_dup81__MIR3_dup5719	0	MER103C_dup81__MIR3_dup5719	4
GSE244103__w1000_standardized	MER105_dup431__AluJr_dup45649	0	MER105_dup431__AluJr_dup45649	1
GSE244103__w1000_standardized	MER105_dup431__AluJr_dup45650	0	MER105_dup431__AluJr_dup45650	2
GSE244103__w1000_standardized	MER113B_dup9__AluSx_dup6702	1	MER113B_dup9__AluSx_dup6702	3
GSE244103__w1000_standardized	MER113B_dup9__L2c_dup9147	1	MER113B_dup9__L2c_dup9147	5
GSE244103__w1000_standardized	MER113_dup3627__L2_dup52305	0	MER113_dup3627__L2_dup52305	2
GSE244103__w1000_standardized	MER117_dup2023__L3_dup22563	1	MER117_dup2023__L3_dup22563	1
GSE244103__w1000_standardized	MER117_dup2869__AluSz6_dup28944	0	MER117_dup2869__AluSz6_dup28944	3
GSE244103__w1000_standardized	MER1A_dup1923__AluJb_dup72764	1	MER1A_dup1923__AluJb_dup72764	4
GSE244103__w1000_standardized	MER1B_dup5500__MSTA_dup20244	1	MER1B_dup5500__MSTA_dup20244	5
GSE244103__w1000_standardized	MER20_dup4855__MIR_dup60195	0	MER20_dup4855__MIR_dup60195	2
GSE244103__w1000_standardized	MER21C_dup3571__AluJr_dup53591	1	MER21C_dup3571__AluJr_dup53591	3
GSE244103__w1000_standardized	MER21C_dup3571__AluSz6_dup30712	1	MER21C_dup3571__AluSz6_dup30712	5
GSE244103__w1000_standardized	MER21C_dup3571__LOR1b_dup767	1	MER21C_dup3571__LOR1b_dup767	1
GSE244103__w1000_standardized	MER21C_dup4754__AluSx_dup101023	0	MER21C_dup4754__AluSx_dup101023	4
GSE244103__w1000_standardized	MER2_dup1015__AluSz_dup15104	1	MER2_dup1015__AluSz_dup15104	4
GSE244103__w1000_standardized	MER2_dup3009__AluYc3_dup177	0	MER2_dup3009__AluYc3_dup177	1
GSE244103__w1000_standardized	MER2_dup5643__Tigger17a_dup1423	0	MER2_dup5643__Tigger17a_dup1423	2
GSE244103__w1000_standardized	MER2_dup6505__L1ME1_dup22149	0	MER2_dup6505__L1ME1_dup22149	3
GSE244103__w1000_standardized	MER2_dup7773__AluJo_dup63418	0	MER2_dup7773__AluJo_dup63418	5
GSE244103__w1000_standardized	MER30_dup2130__AluSz_dup44528	0	MER30_dup2130__AluSz_dup44528	1
GSE244103__w1000_standardized	MER30_dup2130__AluSz_dup44529	0	MER30_dup2130__AluSz_dup44529	2
GSE244103__w1000_standardized	MER30_dup3551__AluSp_dup39967	1	MER30_dup3551__AluSp_dup39967	3
GSE244103__w1000_standardized	MER30_dup3710__AluY_dup91661	0	MER30_dup3710__AluY_dup91661	4
GSE244103__w1000_standardized	MER33_dup3109__MIR_dup53935	0	MER33_dup3109__MIR_dup53935	5
GSE244103__w1000_standardized	MER33_dup8201__AluSx_dup103527	1	MER33_dup8201__AluSx_dup103527	1
GSE244103__w1000_standardized	MER34B-int_dup365__MER57A1_dup547	1	MER34B-int_dup365__MER57A1_dup547	4
GSE244103__w1000_standardized	MER34B-int_dup366__AluSg_dup17904	1	MER34B-int_dup366__AluSg_dup17904	2
GSE244103__w1000_standardized	MER34B-int_dup366__MER57A1_dup547	1	MER34B-int_dup366__MER57A1_dup547	5
GSE244103__w1000_standardized	MER3_dup247__AluSx1_dup7737	1	MER3_dup247__AluSx1_dup7737	3
GSE244103__w1000_standardized	MER3_dup90__MIRb_dup14623	1	MER3_dup90__MIRb_dup14623	3
GSE244103__w1000_standardized	MER3_dup9349__AluY_dup94170	0	MER3_dup9349__AluY_dup94170	4
GSE244103__w1000_standardized	MER3_dup9349__LTR19C_dup96	0	MER3_dup9349__LTR19C_dup96	1
GSE244103__w1000_standardized	MER47A_dup104__AluJo_dup644	1	MER47A_dup104__AluJo_dup644	2
GSE244103__w1000_standardized	MER4A1__dup84__MER41-int_dup302	1	MER4A1__dup84__MER41-int_dup302	5
GSE244103__w1000_standardized	MER4D_dup842__MER4-int_dup1504	1	MER4D_dup842__MER4-int_dup1504	2
GSE244103__w1000_standardized	MER4D_dup976__AluJo_dup53440	1	MER4D_dup976__AluJo_dup53440	3
GSE244103__w1000_standardized	MER58A_dup12230__AluSz_dup95454	0	MER58A_dup12230__AluSz_dup95454	1
GSE244103__w1000_standardized	MER58A_dup6161__AluSx_dup52578	0	MER58A_dup6161__AluSx_dup52578	5
GSE244103__w1000_standardized	MER58A_dup9736__AluY_dup78244	0	MER58A_dup9736__AluY_dup78244	4
GSE244103__w1000_standardized	MER58B_dup5896__AluSc_dup31215	0	MER58B_dup5896__AluSc_dup31215	1
GSE244103__w1000_standardized	MER5A1_dup12944__MER5B_dup20949	0	MER5A1_dup12944__MER5B_dup20949	2
GSE244103__w1000_standardized	MER5A1_dup12944__Tigger19a_dup2889	0	MER5A1_dup12944__Tigger19a_dup2889	3
GSE244103__w1000_standardized	MER5A1_dup2227__AluSz6_dup5318	1	MER5A1_dup2227__AluSz6_dup5318	4
GSE244103__w1000_standardized	MER5A_dup10493__L1MC_dup2577	1	MER5A_dup10493__L1MC_dup2577	5
GSE244103__w1000_standardized	MER5A_dup1243__AluJb_dup153	1	MER5A_dup1243__AluJb_dup153	2
GSE244103__w1000_standardized	MER5A_dup1243__AluSc_dup34	1	MER5A_dup1243__AluSc_dup34	3
GSE244103__w1000_standardized	MER5A_dup19204__MIRc_dup52554	0	MER5A_dup19204__MIRc_dup52554	4
GSE244103__w1000_standardized	MER5A_dup30912__MIR3_dup78291	1	MER5A_dup30912__MIR3_dup78291	1
GSE244103__w1000_standardized	MER5A_dup6797__AluY_dup22683	0	MER5A_dup6797__AluY_dup22683	5
GSE244103__w1000_standardized	MER5B_dup16545__MER58A_dup8804	0	MER5B_dup16545__MER58A_dup8804	2
GSE244103__w1000_standardized	MER5B_dup16546__MER58A_dup8804	0	MER5B_dup16546__MER58A_dup8804	1
GSE244103__w1000_standardized	MER5B_dup19308__AluJr_dup60152	1	MER5B_dup19308__AluJr_dup60152	3
GSE244103__w1000_standardized	MER5B_dup20475__AluSq_dup15167	0	MER5B_dup20475__AluSq_dup15167	5
GSE244103__w1000_standardized	MER5B_dup4102__L2a_dup36062	0	MER5B_dup4102__L2a_dup36062	4
GSE244103__w1000_standardized	MER63A_dup3019__AluSz6_dup42436	1	MER63A_dup3019__AluSz6_dup42436	1
GSE244103__w1000_standardized	MER68-int_dup218__AluJo_dup67570	1	MER68-int_dup218__AluJo_dup67570	2
GSE244103__w1000_standardized	MER68_dup1176__AluJo_dup67570	1	MER68_dup1176__AluJo_dup67570	3
GSE244103__w1000_standardized	MER6B_dup317__LTR33_dup3980	1	MER6B_dup317__LTR33_dup3980	4
GSE244103__w1000_standardized	MER74A_dup356__AluY_dup18755	0	MER74A_dup356__AluY_dup18755	5
GSE244103__w1000_standardized	MER74B_dup450__L1M5_dup29560	0	MER74B_dup450__L1M5_dup29560	2
GSE244103__w1000_standardized	MER74B_dup71__L1MEd_dup861	0	MER74B_dup71__L1MEd_dup861	1
GSE244103__w1000_standardized	MER77B_dup1072__L2_dup49724	1	MER77B_dup1072__L2_dup49724	4
GSE244103__w1000_standardized	MER77B_dup835__L1MC5a_dup11598	1	MER77B_dup835__L1MC5a_dup11598	3
GSE244103__w1000_standardized	MER83_dup194__ERVL-E-int_dup4636	0	MER83_dup194__ERVL-E-int_dup4636	5
GSE244103__w1000_standardized	MER8_dup828__AluY_dup35785	0	MER8_dup828__AluY_dup35785	1
GSE244103__w1000_standardized	MER91A_dup2078__MIRc_dup64403	0	MER91A_dup2078__MIRc_dup64403	2
GSE244103__w1000_standardized	MER91A_dup3034__AluSx1_dup101571	1	MER91A_dup3034__AluSx1_dup101571	5
GSE244103__w1000_standardized	MER91C_dup945__MER91B_dup872	0	MER91C_dup945__MER91B_dup872	3
GSE244103__w1000_standardized	MER92B_dup206__L2b_dup33598	0	MER92B_dup206__L2b_dup33598	4
GSE244103__w1000_standardized	MIR3_dup1462__MIRc_dup6762	0	MIR3_dup1462__MIRc_dup6762	3
GSE244103__w1000_standardized	MIR3_dup20801__L1PA8_dup1434	1	MIR3_dup20801__L1PA8_dup1434	4
GSE244103__w1000_standardized	MIR3_dup20957__AluSx1_dup20056	1	MIR3_dup20957__AluSx1_dup20056	5
GSE244103__w1000_standardized	MIR3_dup2695__AluJb_dup9908	1	MIR3_dup2695__AluJb_dup9908	1
GSE244103__w1000_standardized	MIR3_dup2699__L2c_dup12586	1	MIR3_dup2699__L2c_dup12586	2
GSE244103__w1000_standardized	MIR3_dup37657__MER58A_dup5379	0	MIR3_dup37657__MER58A_dup5379	5
GSE244103__w1000_standardized	MIR3_dup38284__AluJr_dup31557	1	MIR3_dup38284__AluJr_dup31557	1
GSE244103__w1000_standardized	MIR3_dup38284__L2c_dup60962	1	MIR3_dup38284__L2c_dup60962	2
GSE244103__w1000_standardized	MIR3_dup40711__AluSx_dup52578	0	MIR3_dup40711__AluSx_dup52578	3
GSE244103__w1000_standardized	MIR3_dup42559__OldhAT1_dup2184	0	MIR3_dup42559__OldhAT1_dup2184	4
GSE244103__w1000_standardized	MIR3_dup43636__MIR3_dup45846	0	MIR3_dup43636__MIR3_dup45846	1
GSE244103__w1000_standardized	MIR3_dup47347__MIR3_dup45111	0	MIR3_dup47347__MIR3_dup45111	5
GSE244103__w1000_standardized	MIR3_dup47347__MIRc_dup52705	0	MIR3_dup47347__MIRc_dup52705	2
GSE244103__w1000_standardized	MIR3_dup52692__AluSz_dup59164	0	MIR3_dup52692__AluSz_dup59164	3
GSE244103__w1000_standardized	MIR3_dup55226__AluSx1_dup63671	1	MIR3_dup55226__AluSx1_dup63671	4
GSE244103__w1000_standardized	MIR3_dup69286__AluSx_dup84857	0	MIR3_dup69286__AluSx_dup84857	2
GSE244103__w1000_standardized	MIR3_dup69286__L2a_dup135856	0	MIR3_dup69286__L2a_dup135856	3
GSE244103__w1000_standardized	MIR3_dup72596__AluJb_dup100457	0	MIR3_dup72596__AluJb_dup100457	4
GSE244103__w1000_standardized	MIR3_dup72596__AluSz_dup80968	0	MIR3_dup72596__AluSz_dup80968	1
GSE244103__w1000_standardized	MIR3_dup737__AluSz_dup5556	0	MIR3_dup737__AluSz_dup5556	5
GSE244103__w1000_standardized	MIR3_dup73902__Tigger15a_dup4315	1	MIR3_dup73902__Tigger15a_dup4315	2
GSE244103__w1000_standardized	MIR3_dup75736__AluSx_dup103546	0	MIR3_dup75736__AluSx_dup103546	3
GSE244103__w1000_standardized	MIR_dup11267__MIRc_dup2080	1	MIR_dup11267__MIRc_dup2080	4
GSE244103__w1000_standardized	MIR_dup113685__AluJb_dup79820	1	MIR_dup113685__AluJb_dup79820	1
GSE244103__w1000_standardized	MIR_dup113685__AluSp_dup31465	1	MIR_dup113685__AluSp_dup31465	5
GSE244103__w1000_standardized	MIR_dup126838__Charlie17a_dup894	0	MIR_dup126838__Charlie17a_dup894	1
GSE244103__w1000_standardized	MIR_dup127735__L2c_dup107702	0	MIR_dup127735__L2c_dup107702	2
GSE244103__w1000_standardized	MIR_dup137155__MIRb_dup180830	0	MIR_dup137155__MIRb_dup180830	3
GSE244103__w1000_standardized	MIR_dup146955__L3_dup38417	0	MIR_dup146955__L3_dup38417	4
GSE244103__w1000_standardized	MIR_dup151522__AluJb_dup110420	1	MIR_dup151522__AluJb_dup110420	5
GSE244103__w1000_standardized	MIR_dup156055__MIRb_dup202393	1	MIR_dup156055__MIRb_dup202393	1
GSE244103__w1000_standardized	MIR_dup156863__MIR3_dup78291	1	MIR_dup156863__MIR3_dup78291	3
GSE244103__w1000_standardized	MIR_dup158912__AluSx1_dup104607	1	MIR_dup158912__AluSx1_dup104607	2
GSE244103__w1000_standardized	MIR_dup158912__L1MC4_dup22268	1	MIR_dup158912__L1MC4_dup22268	4
GSE244103__w1000_standardized	MIR_dup160995__AluSc8_dup20287	1	MIR_dup160995__AluSc8_dup20287	5
GSE244103__w1000_standardized	MIR_dup160995__AluSc_dup32379	1	MIR_dup160995__AluSc_dup32379	1
GSE244103__w1000_standardized	MIR_dup162522__MIRb_dup209293	1	MIR_dup162522__MIRb_dup209293	3
GSE244103__w1000_standardized	MIR_dup20211__L2b_dup15744	0	MIR_dup20211__L2b_dup15744	4
GSE244103__w1000_standardized	MIR_dup20211__MamRTE1_dup1396	0	MIR_dup20211__MamRTE1_dup1396	2
GSE244103__w1000_standardized	MIR_dup20669__AluJr_dup12075	0	MIR_dup20669__AluJr_dup12075	5
GSE244103__w1000_standardized	MIR_dup3182__L2a_dup11000	1	MIR_dup3182__L2a_dup11000	3
GSE244103__w1000_standardized	MIR_dup32639__L2c_dup33616	1	MIR_dup32639__L2c_dup33616	4
GSE244103__w1000_standardized	MIR_dup45096__AluJr_dup20694	0	MIR_dup45096__AluJr_dup20694	1
GSE244103__w1000_standardized	MIR_dup56238__L2b_dup33475	0	MIR_dup56238__L2b_dup33475	2
GSE244103__w1000_standardized	MIR_dup65593__AluSx1_dup39073	1	MIR_dup65593__AluSx1_dup39073	5
GSE244103__w1000_standardized	MIR_dup72717__AluJo_dup29919	0	MIR_dup72717__AluJo_dup29919	1
GSE244103__w1000_standardized	MIR_dup72717__L1M6_dup2645	0	MIR_dup72717__L1M6_dup2645	2
GSE244103__w1000_standardized	MIR_dup73282__MER20B_dup1881	0	MIR_dup73282__MER20B_dup1881	3
GSE244103__w1000_standardized	MIR_dup74920__AluSx_dup47572	0	MIR_dup74920__AluSx_dup47572	4
GSE244103__w1000_standardized	MIR_dup76119__MLT1F_dup1736	0	MIR_dup76119__MLT1F_dup1736	5
GSE244103__w1000_standardized	MIR_dup79655__AluSg_dup16448	0	MIR_dup79655__AluSg_dup16448	3
GSE244103__w1000_standardized	MIR_dup82763__AluSq2_dup28150	1	MIR_dup82763__AluSq2_dup28150	4
GSE244103__w1000_standardized	MIR_dup82765__AluSz6_dup22304	1	MIR_dup82765__AluSz6_dup22304	1
GSE244103__w1000_standardized	MIR_dup82765__L2b_dup47184	1	MIR_dup82765__L2b_dup47184	2
GSE244103__w1000_standardized	MIR_dup82766__AluSp_dup23096	1	MIR_dup82766__AluSp_dup23096	5
GSE244103__w1000_standardized	MIR_dup84744__MER2_dup4507	1	MIR_dup84744__MER2_dup4507	1
GSE244103__w1000_standardized	MIR_dup87091__MIR_dup82763	1	MIR_dup87091__MIR_dup82763	3
GSE244103__w1000_standardized	MIR_dup87093__L2a_dup84296	1	MIR_dup87093__L2a_dup84296	2
GSE244103__w1000_standardized	MIR_dup87094__AluSx1_dup49651	1	MIR_dup87094__AluSx1_dup49651	4
GSE244103__w1000_standardized	MIR_dup88801__AluSz6_dup23505	0	MIR_dup88801__AluSz6_dup23505	5
GSE244103__w1000_standardized	MIR_dup88801__L2c_dup76627	0	MIR_dup88801__L2c_dup76627	4
GSE244103__w1000_standardized	MIR_dup92481__L2a_dup90172	0	MIR_dup92481__L2a_dup90172	1
GSE244103__w1000_standardized	MIR_dup92567__AluSc_dup17943	0	MIR_dup92567__AluSc_dup17943	5
GSE244103__w1000_standardized	MIR_dup92777__AluSq2_dup28761	0	MIR_dup92777__AluSq2_dup28761	2
GSE244103__w1000_standardized	MIRb_dup102710__MER96_dup620	0	MIRb_dup102710__MER96_dup620	3
GSE244103__w1000_standardized	MIRb_dup102821__MLT1I_dup5653	1	MIRb_dup102821__MLT1I_dup5653	1
GSE244103__w1000_standardized	MIRb_dup102835__L2_dup30225	1	MIRb_dup102835__L2_dup30225	2
GSE244103__w1000_standardized	MIRb_dup112633__MIRb_dup118229	0	MIRb_dup112633__MIRb_dup118229	3
GSE244103__w1000_standardized	MIRb_dup112633__Tigger14a_dup697	0	MIRb_dup112633__Tigger14a_dup697	4
GSE244103__w1000_standardized	MIRb_dup129810__MER91B_dup872	0	MIRb_dup129810__MER91B_dup872	5
GSE244103__w1000_standardized	MIRb_dup13891__MIRb_dup2533	0	MIRb_dup13891__MIRb_dup2533	1
GSE244103__w1000_standardized	MIRb_dup145195__AluSz_dup58272	0	MIRb_dup145195__AluSz_dup58272	2
GSE244103__w1000_standardized	MIRb_dup145195__AluSz_dup58273	0	MIRb_dup145195__AluSz_dup58273	3
GSE244103__w1000_standardized	MIRb_dup145195__L1M5_dup34099	0	MIRb_dup145195__L1M5_dup34099	4
GSE244103__w1000_standardized	MIRb_dup148383__L1MC1_dup9284	0	MIRb_dup148383__L1MC1_dup9284	5
GSE244103__w1000_standardized	MIRb_dup148384__L1MC1_dup9284	0	MIRb_dup148384__L1MC1_dup9284	5
GSE244103__w1000_standardized	MIRb_dup15330__AluJb_dup2214	1	MIRb_dup15330__AluJb_dup2214	3
GSE244103__w1000_standardized	MIRb_dup156668__AluJb_dup83502	0	MIRb_dup156668__AluJb_dup83502	1
GSE244103__w1000_standardized	MIRb_dup161895__AluJb_dup86934	0	MIRb_dup161895__AluJb_dup86934	2
GSE244103__w1000_standardized	MIRb_dup161895__AluSq2_dup41759	0	MIRb_dup161895__AluSq2_dup41759	4
GSE244103__w1000_standardized	MIRb_dup16526__AluSz_dup1863	1	MIRb_dup16526__AluSz_dup1863	2
GSE244103__w1000_standardized	MIRb_dup16526__MIR_dup3182	1	MIRb_dup16526__MIR_dup3182	4
GSE244103__w1000_standardized	MIRb_dup16527__AluSz_dup1863	1	MIRb_dup16527__AluSz_dup1863	1
GSE244103__w1000_standardized	MIRb_dup16688__L2b_dup2286	0	MIRb_dup16688__L2b_dup2286	3
GSE244103__w1000_standardized	MIRb_dup16798__L2_dup766	1	MIRb_dup16798__L2_dup766	5
GSE244103__w1000_standardized	MIRb_dup172406__AluJb_dup91876	1	MIRb_dup172406__AluJb_dup91876	3
GSE244103__w1000_standardized	MIRb_dup172406__L1ME3B_dup6170	1	MIRb_dup172406__L1ME3B_dup6170	1
GSE244103__w1000_standardized	MIRb_dup172406__MER5C_dup1042	1	MIRb_dup172406__MER5C_dup1042	2
GSE244103__w1000_standardized	MIRb_dup174968__L2_dup46091	0	MIRb_dup174968__L2_dup46091	4
GSE244103__w1000_standardized	MIRb_dup180830__MIRb_dup176469	0	MIRb_dup180830__MIRb_dup176469	5
GSE244103__w1000_standardized	MIRb_dup183825__AluSz_dup82192	1	MIRb_dup183825__AluSz_dup82192	4
GSE244103__w1000_standardized	MIRb_dup195783__AluSc8_dup19387	1	MIRb_dup195783__AluSc8_dup19387	1
GSE244103__w1000_standardized	MIRb_dup195783__AluSp_dup44653	1	MIRb_dup195783__AluSp_dup44653	2
GSE244103__w1000_standardized	MIRb_dup195901__AluSp_dup44716	1	MIRb_dup195901__AluSp_dup44716	3
GSE244103__w1000_standardized	MIRb_dup195901__AluSq2_dup53788	1	MIRb_dup195901__AluSq2_dup53788	5
GSE244103__w1000_standardized	MIRb_dup199075__MIRb_dup202393	1	MIRb_dup199075__MIRb_dup202393	1
GSE244103__w1000_standardized	MIRb_dup202393__MIRb_dup199076	1	MIRb_dup202393__MIRb_dup199076	3
GSE244103__w1000_standardized	MIRb_dup20295__MIRc_dup3924	0	MIRb_dup20295__MIRc_dup3924	4
GSE244103__w1000_standardized	MIRb_dup204260__AluSx1_dup105233	0	MIRb_dup204260__AluSx1_dup105233	2
GSE244103__w1000_standardized	MIRb_dup205196__FLAM_C_dup22438	0	MIRb_dup205196__FLAM_C_dup22438	5
GSE244103__w1000_standardized	MIRb_dup206904__AluY_dup99745	0	MIRb_dup206904__AluY_dup99745	3
GSE244103__w1000_standardized	MIRb_dup208036__AluJo_dup74066	1	MIRb_dup208036__AluJo_dup74066	4
GSE244103__w1000_standardized	MIRb_dup209978__AluSq2_dup56972	0	MIRb_dup209978__AluSq2_dup56972	5
GSE244103__w1000_standardized	MIRb_dup21830__L1ME3A_dup530	0	MIRb_dup21830__L1ME3A_dup530	1
GSE244103__w1000_standardized	MIRb_dup24809__MIRb_dup32904	0	MIRb_dup24809__MIRb_dup32904	4
GSE244103__w1000_standardized	MIRb_dup2532__MIRb_dup13891	0	MIRb_dup2532__MIRb_dup13891	2
GSE244103__w1000_standardized	MIRb_dup318__MER21C_dup260	0	MIRb_dup318__MER21C_dup260	2
GSE244103__w1000_standardized	MIRb_dup33729__AluSx1_dup11013	0	MIRb_dup33729__AluSx1_dup11013	1
GSE244103__w1000_standardized	MIRb_dup34014__MIRb_dup34013	1	MIRb_dup34014__MIRb_dup34013	3
GSE244103__w1000_standardized	MIRb_dup39802__MIR_dup35508	0	MIRb_dup39802__MIR_dup35508	5
GSE244103__w1000_standardized	MIRb_dup4040__L3_dup2726	0	MIRb_dup4040__L3_dup2726	2
GSE244103__w1000_standardized	MIRb_dup48726__MamTip2_dup1341	0	MIRb_dup48726__MamTip2_dup1341	1
GSE244103__w1000_standardized	MIRb_dup48934__MIR_dup30528	0	MIRb_dup48934__MIR_dup30528	5
GSE244103__w1000_standardized	MIRb_dup53903__MIR3_dup18082	0	MIRb_dup53903__MIR3_dup18082	3
GSE244103__w1000_standardized	MIRb_dup66241__MLT2B4_dup1559	0	MIRb_dup66241__MLT2B4_dup1559	4
GSE244103__w1000_standardized	MIRb_dup68663__MIRc_dup34368	0	MIRb_dup68663__MIRc_dup34368	4
GSE244103__w1000_standardized	MIRb_dup76530__MER20_dup4904	0	MIRb_dup76530__MER20_dup4904	1
GSE244103__w1000_standardized	MIRb_dup85722__AluJb_dup41251	1	MIRb_dup85722__AluJb_dup41251	2
GSE244103__w1000_standardized	MIRb_dup90636__AluSp_dup20254	1	MIRb_dup90636__AluSp_dup20254	3
GSE244103__w1000_standardized	MIRb_dup93259__L1ME4b_dup9736	0	MIRb_dup93259__L1ME4b_dup9736	5
GSE244103__w1000_standardized	MIRb_dup94905__L2a_dup73663	1	MIRb_dup94905__L2a_dup73663	1
GSE244103__w1000_standardized	MIRc_dup12127__L1MDa_dup902	0	MIRc_dup12127__L1MDa_dup902	3
GSE244103__w1000_standardized	MIRc_dup12127__L1ME1_dup4441	0	MIRc_dup12127__L1ME1_dup4441	2
GSE244103__w1000_standardized	MIRc_dup12127__L1MEf_dup1506	0	MIRc_dup12127__L1MEf_dup1506	4
GSE244103__w1000_standardized	MIRc_dup1573__L2b_dup6854	0	MIRc_dup1573__L2b_dup6854	5
GSE244103__w1000_standardized	MIRc_dup1573__LTR89_dup61	0	MIRc_dup1573__LTR89_dup61	5
GSE244103__w1000_standardized	MIRc_dup16019__L1ME4a_dup3311	0	MIRc_dup16019__L1ME4a_dup3311	1
GSE244103__w1000_standardized	MIRc_dup16020__AluJo_dup7987	0	MIRc_dup16020__AluJo_dup7987	2
GSE244103__w1000_standardized	MIRc_dup16020__MIRb_dup25993	0	MIRc_dup16020__MIRb_dup25993	3
GSE244103__w1000_standardized	MIRc_dup16617__AluJr_dup8814	0	MIRc_dup16617__AluJr_dup8814	4
GSE244103__w1000_standardized	MIRc_dup17212__MER2_dup1015	1	MIRc_dup17212__MER2_dup1015	1
GSE244103__w1000_standardized	MIRc_dup3264__AluSx1_dup7600	0	MIRc_dup3264__AluSx1_dup7600	4
GSE244103__w1000_standardized	MIRc_dup4350__AluSx_dup9244	1	MIRc_dup4350__AluSx_dup9244	2
GSE244103__w1000_standardized	MIRc_dup47298__AluSx4_dup5156	1	MIRc_dup47298__AluSx4_dup5156	3
GSE244103__w1000_standardized	MIRc_dup48857__AluSx1_dup48688	0	MIRc_dup48857__AluSx1_dup48688	5
GSE244103__w1000_standardized	MIRc_dup48857__L1MEd_dup10744	0	MIRc_dup48857__L1MEd_dup10744	4
GSE244103__w1000_standardized	MIRc_dup50095__MER5A_dup16940	0	MIRc_dup50095__MER5A_dup16940	3
GSE244103__w1000_standardized	MIRc_dup51996__L2a_dup94591	1	MIRc_dup51996__L2a_dup94591	5
GSE244103__w1000_standardized	MIRc_dup59402__AluY_dup56686	0	MIRc_dup59402__AluY_dup56686	1
GSE244103__w1000_standardized	MIRc_dup60327__MLT1M_dup1486	0	MIRc_dup60327__MLT1M_dup1486	2
GSE244103__w1000_standardized	MIRc_dup62402__AluSp_dup29502	1	MIRc_dup62402__AluSp_dup29502	1
GSE244103__w1000_standardized	MIRc_dup64068__AluJr_dup47538	1	MIRc_dup64068__AluJr_dup47538	4
GSE244103__w1000_standardized	MIRc_dup64068__AluSc5_dup3958	1	MIRc_dup64068__AluSc5_dup3958	2
GSE244103__w1000_standardized	MIRc_dup6718__MIR3_dup1419	0	MIRc_dup6718__MIR3_dup1419	3
GSE244103__w1000_standardized	MIRc_dup6761__L2b_dup1859	0	MIRc_dup6761__L2b_dup1859	5
GSE244103__w1000_standardized	MIRc_dup6761__MER103C_dup81	0	MIRc_dup6761__MER103C_dup81	3
GSE244103__w1000_standardized	MIRc_dup76039__AluSz_dup69786	0	MIRc_dup76039__AluSz_dup69786	5
GSE244103__w1000_standardized	MIRc_dup88644__AluJo_dup69368	0	MIRc_dup88644__AluJo_dup69368	4
GSE244103__w1000_standardized	MIRc_dup88644__AluJr_dup76123	0	MIRc_dup88644__AluJr_dup76123	1
GSE244103__w1000_standardized	MIRc_dup9013__MIRc_dup3924	0	MIRc_dup9013__MIRc_dup3924	2
GSE244103__w1000_standardized	MIRc_dup95209__Tigger15a_dup4701	0	MIRc_dup95209__Tigger15a_dup4701	1
GSE244103__w1000_standardized	MIRc_dup95514__AluSp_dup49763	0	MIRc_dup95514__AluSp_dup49763	2
GSE244103__w1000_standardized	MLT1A0_dup2219__AluSz_dup15104	1	MLT1A0_dup2219__AluSz_dup15104	4
GSE244103__w1000_standardized	MLT1A0_dup3168__AluSx1_dup12802	0	MLT1A0_dup3168__AluSx1_dup12802	3
GSE244103__w1000_standardized	MLT1A0_dup5558__MLT2D_dup1418	0	MLT1A0_dup5558__MLT2D_dup1418	5
GSE244103__w1000_standardized	MLT1A0_dup706__L1M5_dup3852	0	MLT1A0_dup706__L1M5_dup3852	3
GSE244103__w1000_standardized	MLT1A_dup7777__L1MB7_dup19000	0	MLT1A_dup7777__L1MB7_dup19000	1
GSE244103__w1000_standardized	MLT1C_dup12532__AluJo_dup45362	1	MLT1C_dup12532__AluJo_dup45362	2
GSE244103__w1000_standardized	MLT1C_dup3681__MER57B1_dup138	0	MLT1C_dup3681__MER57B1_dup138	5
GSE244103__w1000_standardized	MLT1C_dup4__AluSq2_dup2752	0	MLT1C_dup4__AluSq2_dup2752	4
GSE244103__w1000_standardized	MLT1C_dup9513__AluJo_dup33063	1	MLT1C_dup9513__AluJo_dup33063	4
GSE244103__w1000_standardized	MLT1C_dup9514__AluJo_dup33063	1	MLT1C_dup9514__AluJo_dup33063	1
GSE244103__w1000_standardized	MLT1E2_dup2321__MLT2B1_dup2886	0	MLT1E2_dup2321__MLT2B1_dup2886	2
GSE244103__w1000_standardized	MLT1E3_dup2078__L1ME3_dup9507	0	MLT1E3_dup2078__L1ME3_dup9507	3
GSE244103__w1000_standardized	MLT1F_dup1736__MER53_dup2489	0	MLT1F_dup1736__MER53_dup2489	5
GSE244103__w1000_standardized	MLT1F_dup3669__AluJr_dup74139	0	MLT1F_dup3669__AluJr_dup74139	3
GSE244103__w1000_standardized	MLT1H2_dup2478__PABL_A_dup225	1	MLT1H2_dup2478__PABL_A_dup225	4
GSE244103__w1000_standardized	MLT1H2_dup2535__MER20_dup7832	0	MLT1H2_dup2535__MER20_dup7832	1
GSE244103__w1000_standardized	MLT1H_dup1748__AluJb_dup27080	0	MLT1H_dup1748__AluJb_dup27080	2
GSE244103__w1000_standardized	MLT1H_dup1748__MIR3_dup20353	0	MLT1H_dup1748__MIR3_dup20353	5
GSE244103__w1000_standardized	MLT1H_dup4678__L2c_dup72205	0	MLT1H_dup4678__L2c_dup72205	1
GSE244103__w1000_standardized	MLT1I-int_dup627__AluJr_dup59018	0	MLT1I-int_dup627__AluJr_dup59018	3
GSE244103__w1000_standardized	MLT1I-int_dup628__AluJr_dup59018	0	MLT1I-int_dup628__AluJr_dup59018	4
GSE244103__w1000_standardized	MLT1I_dup5652__AluSg_dup16263	1	MLT1I_dup5652__AluSg_dup16263	2
GSE244103__w1000_standardized	MLT1I_dup5652__LTR41C_dup386	1	MLT1I_dup5652__LTR41C_dup386	5
GSE244103__w1000_standardized	MLT1I_dup5653__SVA_E_dup326	1	MLT1I_dup5653__SVA_E_dup326	1
GSE244103__w1000_standardized	MLT1I_dup9536__LTR7_dup1943	0	MLT1I_dup9536__LTR7_dup1943	5
GSE244103__w1000_standardized	MLT1J_dup10885__L1MC5a_dup11598	1	MLT1J_dup10885__L1MC5a_dup11598	2
GSE244103__w1000_standardized	MLT1J_dup13738__LTR41_dup1047	0	MLT1J_dup13738__LTR41_dup1047	3
GSE244103__w1000_standardized	MLT1K_dup8105__MIR_dup87004	0	MLT1K_dup8105__MIR_dup87004	4
GSE244103__w1000_standardized	MLT1K_dup8106__MER96_dup620	0	MLT1K_dup8106__MER96_dup620	3
GSE244103__w1000_standardized	MLT1L_dup2470__MIRc_dup19127	0	MLT1L_dup2470__MIRc_dup19127	4
GSE244103__w1000_standardized	MLT1M_dup1495__AluSz_dup57270	1	MLT1M_dup1495__AluSz_dup57270	1
GSE244103__w1000_standardized	MLT1N2_dup19__MIR3_dup5181	0	MLT1N2_dup19__MIR3_dup5181	2
GSE244103__w1000_standardized	MLT1N2_dup308__AluSx1_dup2561	0	MLT1N2_dup308__AluSx1_dup2561	5
GSE244103__w1000_standardized	MLT1O_dup3985__AluSz6_dup36862	1	MLT1O_dup3985__AluSz6_dup36862	4
GSE244103__w1000_standardized	MLT2A1_dup1945__L2_dup30224	1	MLT2A1_dup1945__L2_dup30224	3
GSE244103__w1000_standardized	MLT2A1_dup1945__MLT1C_dup9609	1	MLT2A1_dup1945__MLT1C_dup9609	5
GSE244103__w1000_standardized	MLT2B1_dup977__L1MC5_dup2766	0	MLT2B1_dup977__L1MC5_dup2766	1
GSE244103__w1000_standardized	MLT2B4_dup1767__L1MC4_dup9690	0	MLT2B4_dup1767__L1MC4_dup9690	2
GSE244103__w1000_standardized	MSTA-int_dup2250__Tigger10_dup809	0	MSTA-int_dup2250__Tigger10_dup809	1
GSE244103__w1000_standardized	MSTA-int_dup3122__AluSp_dup50902	0	MSTA-int_dup3122__AluSp_dup50902	2
GSE244103__w1000_standardized	MSTA_dup1340__Tigger4a_dup451	0	MSTA_dup1340__Tigger4a_dup451	4
GSE244103__w1000_standardized	MSTA_dup1340__Tigger4a_dup452	0	MSTA_dup1340__Tigger4a_dup452	3
GSE244103__w1000_standardized	MSTA_dup16741__MER20_dup14056	1	MSTA_dup16741__MER20_dup14056	5
GSE244103__w1000_standardized	MSTB1_dup3373__AluJb_dup91876	1	MSTB1_dup3373__AluJb_dup91876	3
GSE244103__w1000_standardized	MSTB1_dup3373__L2_dup44919	1	MSTB1_dup3373__L2_dup44919	1
GSE244103__w1000_standardized	MSTB1_dup3373__MIRb_dup172407	1	MSTB1_dup3373__MIRb_dup172407	2
GSE244103__w1000_standardized	MSTB_dup7303__AluJr_dup75290	1	MSTB_dup7303__AluJr_dup75290	4
GSE244103__w1000_standardized	MSTC_dup1420__AluSz_dup42516	1	MSTC_dup1420__AluSz_dup42516	5
GSE244103__w1000_standardized	MSTC_dup1420__MLT1C_dup8671	1	MSTC_dup1420__MLT1C_dup8671	5
GSE244103__w1000_standardized	MSTD_dup6083__MSTB1-int_dup147	0	MSTD_dup6083__MSTB1-int_dup147	1
GSE244103__w1000_standardized	MamRTE1_dup8446__AluSx_dup113923	1	MamRTE1_dup8446__AluSx_dup113923	2
GSE244103__w1000_standardized	MamRep137_dup1947__AluSx_dup84857	0	MamRep137_dup1947__AluSx_dup84857	3
GSE244103__w1000_standardized	MamRep137_dup1947__L2a_dup135856	0	MamRep137_dup1947__L2a_dup135856	4
GSE244103__w1000_standardized	MamRep605_dup2913__AluSx_dup65346	0	MamRep605_dup2913__AluSx_dup65346	1
GSE244103__w1000_standardized	MamSINE1_dup1834__MIR3_dup28494	0	MamSINE1_dup1834__MIR3_dup28494	3
GSE244103__w1000_standardized	MamSINE1_dup277__AluSz_dup919	0	MamSINE1_dup277__AluSz_dup919	2
GSE244103__w1000_standardized	MamTip2_dup4619__MamRep4096_dup773	0	MamTip2_dup4619__MamRep4096_dup773	4
GSE244103__w1000_standardized	MamTip2_dup4619__MamRep4096_dup774	0	MamTip2_dup4619__MamRep4096_dup774	5
GSE244103__w1000_standardized	PABL_A_dup225__L1ME2_dup6912	1	PABL_A_dup225__L1ME2_dup6912	5
GSE244103__w1000_standardized	PABL_B_dup40__PABL_B_dup24	1	PABL_B_dup40__PABL_B_dup24	1
GSE244103__w1000_standardized	Plat_L3_dup2942__MIRc_dup97557	0	Plat_L3_dup2942__MIRc_dup97557	2
GSE244103__w1000_standardized	SVA_E_dup84__AluSq2_dup9318	0	SVA_E_dup84__AluSq2_dup9318	3
GSE244103__w1000_standardized	SVA_E_dup84__L2c_dup25538	0	SVA_E_dup84__L2c_dup25538	4
GSE244103__w1000_standardized	THE1B_dup11802__L2c_dup68413	0	THE1B_dup11802__L2c_dup68413	1
GSE244103__w1000_standardized	THE1B_dup7396__L4_A_Mam_dup1940	0	THE1B_dup7396__L4_A_Mam_dup1940	2
GSE244103__w1000_standardized	THE1C-int_dup1344__MSTB-int_dup654	1	THE1C-int_dup1344__MSTB-int_dup654	3
GSE244103__w1000_standardized	THE1D_dup4107__MLT1J_dup5309	0	THE1D_dup4107__MLT1J_dup5309	4
GSE244103__w1000_standardized	Tigger10_dup373__AluSz_dup35255	0	Tigger10_dup373__AluSz_dup35255	5
GSE244103__w1000_standardized	Tigger10_dup373__L1MB8_dup5877	0	Tigger10_dup373__L1MB8_dup5877	4
GSE244103__w1000_standardized	Tigger11a_dup58__PABL_B_dup24	1	Tigger11a_dup58__PABL_B_dup24	1
GSE244103__w1000_standardized	Tigger15a_dup13__AluSz_dup4892	0	Tigger15a_dup13__AluSz_dup4892	5
GSE244103__w1000_standardized	Tigger18a_dup941__L2_dup40148	0	Tigger18a_dup941__L2_dup40148	2
GSE244103__w1000_standardized	Tigger18a_dup942__L2_dup40148	0	Tigger18a_dup942__L2_dup40148	3
GSE244103__w1000_standardized	Tigger19a_dup3208__MIR_dup170865	1	Tigger19a_dup3208__MIR_dup170865	1
GSE244103__w1000_standardized	Tigger19b_dup2451__AluSz6_dup29313	0	Tigger19b_dup2451__AluSz6_dup29313	2
GSE244103__w1000_standardized	Tigger19b_dup3327__L2a_dup166915	1	Tigger19b_dup3327__L2a_dup166915	4
GSE244103__w1000_standardized	Tigger19b_dup3327__Tigger19b_dup3407	1	Tigger19b_dup3327__Tigger19b_dup3407	3
GSE244103__w1000_standardized	Tigger1_dup12523__AluSp_dup53790	0	Tigger1_dup12523__AluSp_dup53790	5
GSE244103__w1000_standardized	Tigger1_dup1735__L1MC_dup727	0	Tigger1_dup1735__L1MC_dup727	5
GSE244103__w1000_standardized	Tigger1_dup6965__AluSc_dup16942	0	Tigger1_dup6965__AluSc_dup16942	3
GSE244103__w1000_standardized	Tigger1_dup7050__MIRb_dup111449	0	Tigger1_dup7050__MIRb_dup111449	1
GSE244103__w1000_standardized	Tigger1_dup8716__L1ME1_dup20838	1	Tigger1_dup8716__L1ME1_dup20838	2
GSE244103__w1000_standardized	Tigger2b_Pri_dup759__AluSp_dup13715	1	Tigger2b_Pri_dup759__AluSp_dup13715	4
GSE244103__w1000_standardized	Tigger3_dup1049__HERVL40-int_dup1130	1	Tigger3_dup1049__HERVL40-int_dup1130	2
GSE244103__w1000_standardized	Tigger3a_dup2739__AluSp_dup23097	1	Tigger3a_dup2739__AluSp_dup23097	5
GSE244103__w1000_standardized	Tigger3a_dup2739__L2_dup30225	1	Tigger3a_dup2739__L2_dup30225	1
GSE244103__w1000_standardized	Tigger3a_dup2739__LTR33_dup4748	1	Tigger3a_dup2739__LTR33_dup4748	3
GSE244103__w1000_standardized	Tigger3b_dup4927__AluSz_dup70342	1	Tigger3b_dup4927__AluSz_dup70342	4
GSE244103__w1000_standardized	Tigger3b_dup5372__AluSx_dup93653	0	Tigger3b_dup5372__AluSx_dup93653	1
GSE244103__w1000_standardized	Tigger4_dup952__AluSz_dup60004	0	Tigger4_dup952__AluSz_dup60004	3
GSE244103__w1000_standardized	Tigger4b_dup1214__AluJo_dup33654	1	Tigger4b_dup1214__AluJo_dup33654	4
GSE244103__w1000_standardized	Tigger5_dup489__AluSz6_dup29968	0	Tigger5_dup489__AluSz6_dup29968	2
GSE244103__w1000_standardized	Tigger5_dup588__L3_dup39948	0	Tigger5_dup588__L3_dup39948	5
GSE244103__w1000_standardized	Tigger9a_dup472__Charlie19a_dup563	1	Tigger9a_dup472__Charlie19a_dup563	2
GSE244103__w1000_standardized	Zaphod2_dup710__MIR3_dup78291	1	Zaphod2_dup710__MIR3_dup78291	4
