pair_id	label	group_id	adaptive_priority_score	orientation_adps	annotation_adps	case_expression_adps	energy_adps	interface_adps	case_editing_adps	RI_adps
AluJb_dup100726__OldhAT1_dup3619		AluJb_dup100726__OldhAT1_dup3619	0.3047686688311688	0.5	1.0	0.0	0.3612215909090909	0.2721590909090909	0.0	0.0
AluJb_dup102120__AluSg4_dup5719		AluJb_dup102120__AluSg4_dup5719	0.3519176136363636	0.5	1.0	0.0	0.5958096590909091	0.3676136363636364	0.0	0.0
AluJb_dup102120__AluSx_dup92696		AluJb_dup102120__AluSx_dup92696	0.402539908008658	0.5	1.0	0.0	0.6469460227272728	0.6708333333333334	0.0	0.0
AluJb_dup102120__AluSz_dup82335		AluJb_dup102120__AluSz_dup82335	0.374519751082251	0.5	1.0	0.0	0.6140625000000001	0.5075757575757575	0.0	0.0
AluJb_dup102120__Tigger13a_dup2638		AluJb_dup102120__Tigger13a_dup2638	0.3789569805194805	0.5	1.0	0.0	0.5339488636363636	0.61875	0.0	0.0
AluJb_dup104727__L2b_dup81583		AluJb_dup104727__L2b_dup81583	0.3709145021645021	0.5	1.0	0.0	0.4414772727272727	0.6549242424242424	0.0	0.0
AluJb_dup106389__AluSz_dup85933		AluJb_dup106389__AluSz_dup85933	0.4518195346320346	0.5	1.0	0.0	0.8561079545454546	0.8066287878787879	0.0	0.0
AluJb_dup106389__LTR40b_dup1008		AluJb_dup106389__LTR40b_dup1008	0.3576366341991341	0.5	1.0	0.0	0.6072443181818181	0.3962121212121212	0.0	0.0
AluJb_dup106389__LTR40b_dup1010		AluJb_dup106389__LTR40b_dup1010	0.419051001082251	0.5	1.0	0.0	0.6388494318181818	0.7945075757575758	0.0	0.0
AluJb_dup106389__MIRc_dup87030		AluJb_dup106389__MIRc_dup87030	0.3533076298701298	0.5	1.0	0.0	0.4703124999999999	0.5028409090909091	0.0	0.0
AluJb_dup107602__HAL1_dup20605		AluJb_dup107602__HAL1_dup20605	0.4088676948051948	1.0	1.0	0.0	0.3319602272727273	0.5301136363636364	0.0	0.0
AluJb_dup107603__HAL1_dup20605	0.0	AluJb_dup107603__HAL1_dup20605	0.4253043831168831	1.0	1.0	0.0	0.4038352272727272	0.5732954545454546	0.0	0.0
AluJb_dup111686__L1MB3_dup14886		AluJb_dup111686__L1MB3_dup14886	0.2283752705627705	0.5	0.0	0.0	0.3308238636363637	0.7678030303030302	0.0	0.0
AluJb_dup115085__AluJo_dup71149		AluJb_dup115085__AluJo_dup71149	0.3917444534632034	0.5	1.0	0.0	0.7037642045454545	0.5384469696969697	0.0	0.0
AluJb_dup115085__AluJo_dup71150		AluJb_dup115085__AluJo_dup71150	0.3177184794372294	0.5	1.0	0.0	0.4924005681818181	0.2316287878787879	0.0	0.0
AluJb_dup115085__AluJo_dup71151		AluJb_dup115085__AluJo_dup71151	0.369338474025974	0.5	1.0	0.0	0.6478693181818181	0.4375	0.0	0.0
AluJb_dup115085__AluSq_dup17117		AluJb_dup115085__AluSq_dup17117	0.4335497835497836	0.5	1.0	0.0	0.8755681818181819	0.659280303030303	0.0	0.0
AluJb_dup115085__AluSz6_dup43807		AluJb_dup115085__AluSz6_dup43807	0.4339623917748917	0.5	1.0	0.0	0.8072443181818182	0.7304924242424242	0.0	0.0
AluJb_dup115085__MER5A_dup31320		AluJb_dup115085__MER5A_dup31320	0.3268736471861472	0.5	1.0	0.0	0.5419034090909091	0.2462121212121212	0.0	0.0
AluJb_dup119533__AluSp_dup47355		AluJb_dup119533__AluSp_dup47355	0.4405539772727272	1.0	1.0	0.0	0.60546875	0.4784090909090908	0.0	0.0
AluJb_dup119631__L2c_dup129938		AluJb_dup119631__L2c_dup129938	0.3758353625541125	0.5	1.0	0.0	0.3162642045454545	0.3145833333333334	0.5	0.0
AluJb_dup122447__MIR_dup171811		AluJb_dup122447__MIR_dup171811	0.5545353084415584	1.0	1.0	0.0	0.7425426136363636	0.6392045454545454	0.5	0.0
AluJb_dup122476__AluSx1_dup110955		AluJb_dup122476__AluSx1_dup110955	0.3535037878787879	1.0	0.0	0.0	0.8147727272727273	0.6597537878787879	0.0	0.0
AluJb_dup123017__AluJb_dup123018		AluJb_dup123017__AluJb_dup123018	0.3562263257575757	0.5	1.0	0.0	0.5490767045454545	0.4445075757575757	0.0	0.0
AluJb_dup123017__MamSINE1_dup5279		AluJb_dup123017__MamSINE1_dup5279	0.2199540043290043	0.5	0.0	0.0	0.5457386363636364	0.4939393939393939	0.0	0.0
AluJb_dup124524__L1ME1_dup30511		AluJb_dup124524__L1ME1_dup30511	0.3552861201298701	0.5	1.0	0.0	0.567684659090909	0.4193181818181818	0.0	0.0
AluJb_dup125588__AluSx1_dup115690		AluJb_dup125588__AluSx1_dup115690	0.3524688852813853	1.0	0.0	0.0	0.8075284090909092	0.6597537878787879	0.0	0.0
AluJb_dup1286__L1MC4a_dup395		AluJb_dup1286__L1MC4a_dup395	0.2732075216450216	1.0	0.0	0.0	0.3484375	0.5640151515151516	0.0	0.0
AluJb_dup13637__AluJr_dup11078		AluJb_dup13637__AluJr_dup11078	0.2492424242424242	0.5	0.0	0.0	0.6232954545454545	0.6214015151515152	0.0	0.0
AluJb_dup13637__AluJr_dup11079		AluJb_dup13637__AluJr_dup11079	0.1995231331168831	0.5	0.0	0.0	0.5301846590909092	0.3664772727272727	0.0	0.0
AluJb_dup13637__AluJr_dup11080		AluJb_dup13637__AluJr_dup11080	0.4197646103896104	0.5	1.0	0.0	0.5838068181818182	0.8545454545454545	0.0	0.0
AluJb_dup13637__L1M2_dup1092		AluJb_dup13637__L1M2_dup1092	0.4037675865800865	0.5	1.0	0.0	0.6100852272727273	0.7162878787878788	0.0	0.0
AluJb_dup13637__L1MB4_dup1089		AluJb_dup13637__L1MB4_dup1089	0.244632711038961	0.5	0.0	0.0	0.5050426136363636	0.7073863636363636	0.0	0.0
AluJb_dup13637__L1MB4_dup1090		AluJb_dup13637__L1MB4_dup1090	0.2376826298701298	0.5	0.0	0.0	0.3973011363636364	0.7664772727272727	0.0	0.0
AluJb_dup13637__PABL_B_dup40		AluJb_dup13637__PABL_B_dup40	0.4121787067099566	0.5	1.0	0.0	0.5348721590909091	0.850378787878788	0.0	0.0
AluJb_dup13637__Tigger11a_dup58		AluJb_dup13637__Tigger11a_dup58	0.4094257305194804	0.5	1.0	0.0	0.498934659090909	0.8670454545454546	0.0	0.0
AluJb_dup18265__AluSx_dup15657		AluJb_dup18265__AluSx_dup15657	0.4652597402597402	0.5	1.0	0.0	0.7892045454545455	0.4676136363636363	0.5	0.0
AluJb_dup19950__CR1_Mam_dup250		AluJb_dup19950__CR1_Mam_dup250	0.1623748647186147	0.5	0.0	0.0	0.4122869318181819	0.2243371212121212	0.0	0.0
AluJb_dup19950__HERV16-int_dup243		AluJb_dup19950__HERV16-int_dup243	0.1844189664502164	0.5	0.0	0.0	0.3638494318181818	0.4270833333333333	0.0	0.0
AluJb_dup19950__LTR16A_dup561		AluJb_dup19950__LTR16A_dup561	0.2522219967532467	0.5	0.0	0.0	0.6164062499999999	0.6491477272727272	0.0	0.0
AluJb_dup23126__AluSp_dup10403		AluJb_dup23126__AluSp_dup10403	0.5279423701298701	1.0	1.0	0.0	0.8745738636363637	0.8210227272727272	0.0	0.0
AluJb_dup23250__LTR47A_dup163		AluJb_dup23250__LTR47A_dup163	0.2671130952380952	0.5	0.0	0.0	0.5786931818181817	0.7910984848484848	0.0	0.0
AluJb_dup25680__MER33_dup1979	1.0	AluJb_dup25680__MER33_dup1979	0.2918357683982684	0.5	1.0	0.0	0.4134943181818182	0.1293560606060606	0.0	0.0
AluJb_dup28348__L1ME4b_dup4179		AluJb_dup28348__L1ME4b_dup4179	0.3737148268398268	1.0	1.0	0.0	0.4792613636363637	0.1367424242424242	0.0	0.0
AluJb_dup31562__AluSc_dup8691		AluJb_dup31562__AluSc_dup8691	0.216115395021645	0.5	0.0	0.0	0.6567471590909091	0.3560606060606061	0.0	0.0
AluJb_dup31562__AluSz_dup24488		AluJb_dup31562__AluSz_dup24488	0.2371313582251082	0.5	0.0	0.0	0.6409801136363636	0.518939393939394	0.0	0.0
AluJb_dup45040__AluJo_dup24097		AluJb_dup45040__AluJo_dup24097	0.2528239989177489	0.5	0.0	0.0	0.5801846590909091	0.6895833333333333	0.0	0.0
AluJb_dup45040__Tigger10_dup373		AluJb_dup45040__Tigger10_dup373	0.1489650974025974	0.5	0.0	0.0	0.4580965909090909	0.0846590909090909	0.0	0.0
AluJb_dup55067__MIR_dup85920		AluJb_dup55067__MIR_dup85920	0.4166497564935064	1.0	1.0	0.0	0.5176846590909091	0.3988636363636363	0.0	0.0
AluJb_dup63445__AluYf1_dup977		AluJb_dup63445__AluYf1_dup977	0.3705255681818181	0.5	1.0	0.0	0.7703835227272727	0.3232954545454545	0.0	0.0
AluJb_dup6656__L1MA2_dup10		AluJb_dup6656__L1MA2_dup10	0.2563311688311688	1.0	0.0	0.0	0.6448863636363636	0.1494318181818181	0.0	0.0
AluJb_dup67058__AluJr_dup42580		AluJb_dup67058__AluJr_dup42580	0.3408989448051948	1.0	0.0	0.0	0.669247159090909	0.7170454545454547	0.0	0.0
AluJb_dup69115__AluSp_dup27295		AluJb_dup69115__AluSp_dup27295	0.4386363636363636	0.5	1.0	0.0	0.834659090909091	0.7357954545454545	0.0	0.0
AluJb_dup69115__AluSx_dup62817		AluJb_dup69115__AluSx_dup62817	0.3847301136363636	0.5	1.0	0.0	0.7198153409090909	0.4732954545454546	0.0	0.0
AluJb_dup69115__LTR5_Hs_dup353		AluJb_dup69115__LTR5_Hs_dup353	0.3475243506493506	0.5	1.0	0.0	0.6105113636363637	0.3221590909090909	0.0	0.0
AluJb_dup69115__MIRb_dup129879		AluJb_dup69115__MIRb_dup129879	0.447172619047619	0.5	1.0	0.0	0.6997159090909091	0.4304924242424242	0.5	0.0
AluJb_dup69115__MIRb_dup129882		AluJb_dup69115__MIRb_dup129882	0.3317775974025974	0.5	1.0	0.0	0.5985795454545454	0.2238636363636363	0.0	0.0
AluJb_dup69115__PrimLTR79_dup74		AluJb_dup69115__PrimLTR79_dup74	0.4081236471861472	0.5	1.0	0.0	0.7475852272727272	0.609280303030303	0.0	0.0
AluJb_dup71691__AluSp_dup29328		AluJb_dup71691__AluSp_dup29328	0.3794067911255411	0.5	1.0	0.0	0.6469460227272728	0.5089015151515152	0.0	0.0
AluJb_dup71691__LTR1D_dup203		AluJb_dup71691__LTR1D_dup203	0.4529795725108225	0.5	1.0	0.0	0.804190340909091	0.8666666666666666	0.0	0.0
AluJb_dup71691__LTR5B_dup232		AluJb_dup71691__LTR5B_dup232	0.4095305735930736	0.5	1.0	0.0	0.5907670454545455	0.7759469696969697	0.0	0.0
AluJb_dup7236__AluSz_dup972		AluJb_dup7236__AluSz_dup972	0.3333198051948052	1.0	0.0	0.0	0.6360795454545455	0.697159090909091	0.0	0.0
AluJb_dup75235__AluJo_dup47176		AluJb_dup75235__AluJo_dup47176	0.4823728354978355	1.0	1.0	0.0	0.6684659090909091	0.7081439393939394	0.0	0.0
AluJb_dup75235__L1MC4_dup16357		AluJb_dup75235__L1MC4_dup16357	0.3751318993506493	0.5	1.0	0.0	0.4327414772727273	0.6931818181818182	0.0	0.0
AluJb_dup79093__L2b_dup64842		AluJb_dup79093__L2b_dup64842	0.4163047889610389	0.5	1.0	0.0	0.5811789772727274	0.3329545454545454	0.5	0.0
AluJb_dup85446__AluSz_dup70427		AluJb_dup85446__AluSz_dup70427	0.3812770562770562	1.0	0.0	0.0	0.7386363636363638	0.4303030303030303	0.5	0.0
AluJb_dup85857__AluSx_dup79293		AluJb_dup85857__AluSx_dup79293	0.395021645021645	0.5	1.0	0.0	0.6869318181818183	0.578219696969697	0.0	0.0
AluJb_dup8703__L1PA4_dup103		AluJb_dup8703__L1PA4_dup103	0.4490665584415584	1.0	1.0	0.0	0.4923295454545455	0.6511363636363636	0.0	0.0
AluJb_dup90706__AluJo_dup55677		AluJb_dup90706__AluJo_dup55677	0.4882305194805195	1.0	1.0	0.0	0.6892045454545456	0.728409090909091	0.0	0.0
AluJb_dup91877__AluSp_dup36204		AluJb_dup91877__AluSp_dup36204	0.2293492965367965	0.5	0.0	0.0	0.6899147727272728	0.415530303030303	0.0	0.0
AluJb_dup92941__AluSc_dup25744		AluJb_dup92941__AluSc_dup25744	0.3028916396103895	0.5	0.0	0.0	0.8162642045454546	0.8039772727272726	0.0	0.0
AluJb_dup92941__L2c_dup110124		AluJb_dup92941__L2c_dup110124	0.2081879058441558	0.5	0.0	0.0	0.5925426136363636	0.3647727272727273	0.0	0.0
AluJb_dup9318__AluSz_dup6920		AluJb_dup9318__AluSz_dup6920	0.3119453463203463	0.5	1.0	0.0	0.4116477272727272	0.271969696969697	0.0	0.0
AluJb_dup9318__L2c_dup11875		AluJb_dup9318__L2c_dup11875	0.3712763798701298	0.5	1.0	0.0	0.54609375	0.5528409090909091	0.0	0.0
AluJb_dup94607__AluSp_dup38189		AluJb_dup94607__AluSp_dup38189	0.4723248106060606	1.0	1.0	0.0	0.6843039772727272	0.621969696969697	0.0	0.0
AluJb_dup94607__MER4A1_dup1634		AluJb_dup94607__MER4A1_dup1634	0.4649080086580086	0.5	1.0	0.0	0.4704545454545454	0.7839015151515151	0.5	0.0
AluJb_dup99175__L1MEg_dup12399		AluJb_dup99175__L1MEg_dup12399	0.3792241612554112	0.5	1.0	0.0	0.5450994318181819	0.609469696969697	0.0	0.0
AluJb_dup99175__L2_dup47558		AluJb_dup99175__L2_dup47558	0.3537709686147186	0.5	1.0	0.0	0.4813210227272727	0.4950757575757576	0.0	0.0
AluJb_dup99175__MLT1D_dup16604		AluJb_dup99175__MLT1D_dup16604	0.3731906114718614	0.5	1.0	0.0	0.5178267045454547	0.5945075757575757	0.0	0.0
AluJb_dup9984__L2c_dup12627		AluJb_dup9984__L2c_dup12627	0.3075926677489177	0.5	1.0	0.0	0.4249289772727272	0.2282196969696969	0.0	0.0
AluJb_dup9984__MIRc_dup8484		AluJb_dup9984__MIRc_dup8484	0.3794101731601731	0.5	1.0	0.0	0.6301136363636364	0.5257575757575758	0.0	0.0
AluJo_dup2425__AluJr_dup6021		AluJo_dup2425__AluJr_dup6021	0.3578125	0.5	1.0	0.0	0.7615056818181819	0.2431818181818181	0.0	0.0
AluJo_dup2425__AluSg_dup2866		AluJo_dup2425__AluSg_dup2866	0.4229031385281385	0.5	1.0	0.0	0.7946022727272727	0.6657196969696969	0.0	0.0
AluJo_dup2425__AluSx1_dup8153		AluJo_dup2425__AluSx1_dup8153	0.4142383658008657	0.5	1.0	0.0	0.8038352272727273	0.5958333333333333	0.0	0.0
AluJo_dup2425__AluSx3_dup2450		AluJo_dup2425__AluSx3_dup2450	0.4114481872294372	0.5	1.0	0.0	0.7638494318181819	0.6162878787878788	0.0	0.0
AluJo_dup2425__AluSz6_dup3658		AluJo_dup2425__AluSz6_dup3658	0.3540584415584416	0.5	1.0	0.0	0.5511363636363636	0.4272727272727272	0.0	0.0
AluJo_dup2425__Charlie1a_dup419		AluJo_dup2425__Charlie1a_dup419	0.3406283820346319	0.5	1.0	0.0	0.3760653409090909	0.5083333333333333	0.0	0.0
AluJo_dup2620__AluJb_dup10761		AluJo_dup2620__AluJb_dup10761	0.3374255952380952	1.0	0.0	0.0	0.7765625	0.5854166666666667	0.0	0.0
AluJo_dup2620__AluJb_dup10762		AluJo_dup2620__AluJb_dup10762	0.3544642857142857	1.0	0.0	0.0	0.8556818181818183	0.6255681818181819	0.0	0.0
AluJo_dup28393__MER30_dup1878		AluJo_dup28393__MER30_dup1878	0.3302962662337662	0.5	1.0	0.0	0.4529829545454545	0.359090909090909	0.0	0.0
AluJo_dup28393__MER30_dup1879		AluJo_dup28393__MER30_dup1879	0.3259402056277056	0.5	1.0	0.0	0.6109375	0.1706439393939394	0.0	0.0
AluJo_dup28393__MER95_dup70		AluJo_dup28393__MER95_dup70	0.4110626352813852	1.0	1.0	0.0	0.4906960227272727	0.3867424242424242	0.0	0.0
AluJo_dup37265__L1ME4b_dup11036		AluJo_dup37265__L1ME4b_dup11036	0.371387987012987	1.0	1.0	0.0	0.3627840909090909	0.2369318181818182	0.0	0.0
AluJo_dup37265__L2_dup31036		AluJo_dup37265__L2_dup31036	0.3822781385281385	1.0	1.0	0.0	0.3335227272727272	0.3424242424242424	0.0	0.0
AluJo_dup39190__AluJo_dup41124		AluJo_dup39190__AluJo_dup41124	0.4278510551948051	1.0	1.0	0.0	0.612002840909091	0.3829545454545455	0.0	0.0
AluJo_dup39190__AluSc_dup19769	1.0	AluJo_dup39190__AluSc_dup19769	0.4690746753246753	1.0	1.0	0.0	0.6136363636363636	0.6698863636363637	0.0	0.0
AluJo_dup39190__AluSz6_dup26131		AluJo_dup39190__AluSz6_dup26131	0.5095846861471861	1.0	1.0	0.0	0.8026988636363637	0.7643939393939393	0.0	0.0
AluJo_dup40187__AluSx_dup58153		AluJo_dup40187__AluSx_dup58153	0.3062635281385281	0.5	0.0	0.0	0.903693181818182	0.7401515151515152	0.0	0.0
AluJo_dup40187__MIR_dup95340		AluJo_dup40187__MIR_dup95340	0.2016233766233766	0.5	0.0	0.0	0.4840909090909091	0.4272727272727272	0.0	0.0
AluJo_dup40788__AluSx1_dup61035		AluJo_dup40788__AluSx1_dup61035	0.2933238636363636	0.5	0.0	0.0	0.8774147727272729	0.6758522727272727	0.0	0.0
AluJo_dup44314__L2a_dup104440		AluJo_dup44314__L2a_dup104440	0.4117018398268398	0.5	1.0	0.0	0.5985795454545455	0.7833333333333333	0.0	0.0
AluJo_dup45602__AluSz_dup63910		AluJo_dup45602__AluSz_dup63910	0.2703936688311688	0.5	0.0	0.0	0.7544034090909092	0.6383522727272727	0.0	0.0
AluJo_dup47176__L1MC4_dup16357		AluJo_dup47176__L1MC4_dup16357	0.38321158008658	0.5	1.0	0.0	0.5144886363636363	0.6679924242424242	0.0	0.0
AluJo_dup48006__AluSz_dup64403		AluJo_dup48006__AluSz_dup64403	0.223051948051948	0.5	0.0	0.0	0.6068181818181818	0.4545454545454546	0.0	0.0
AluJo_dup48006__AluSz_dup64404		AluJo_dup48006__AluSz_dup64404	0.210261093073593	0.5	0.0	0.0	0.5901988636363636	0.3816287878787878	0.0	0.0
AluJo_dup51381__AluSz_dup70427		AluJo_dup51381__AluSz_dup70427	0.4190915854978354	1.0	0.0	0.0	0.7493607954545455	0.684280303030303	0.5	0.0
AluJo_dup5326__AluJr_dup1874		AluJo_dup5326__AluJr_dup1874	0.2067911255411255	0.5	0.0	0.0	0.6147727272727272	0.3327651515151515	0.0	0.0
AluJo_dup5326__MER5A_dup572		AluJo_dup5326__MER5A_dup572	0.2267383658008658	0.5	0.0	0.0	0.6867897727272728	0.4003787878787879	0.0	0.0
AluJo_dup5355__L2a_dup12701		AluJo_dup5355__L2a_dup12701	0.4042884199134199	0.5	1.0	0.0	0.6457386363636364	0.684280303030303	0.0	0.0
AluJo_dup58181__AluSx1_dup86113		AluJo_dup58181__AluSx1_dup86113	0.1920860389610389	0.5	0.0	0.0	0.5593750000000001	0.2852272727272727	0.0	0.0
AluJo_dup58181__L2c_dup114341		AluJo_dup58181__L2c_dup114341	0.1701433982683982	0.5	0.0	0.0	0.4991477272727274	0.1918560606060606	0.0	0.0
AluJo_dup60773__L2c_dup119028		AluJo_dup60773__L2c_dup119028	0.357913961038961	1.0	0.0	0.0	0.4264204545454545	0.5789772727272728	0.5	0.0
AluJo_dup60773__MIRb_dup188869		AluJo_dup60773__MIRb_dup188869	0.4306953463203463	1.0	0.0	0.0	0.6639204545454546	0.8509469696969697	0.5	0.0
AluJo_dup61029__MER21A_dup1632		AluJo_dup61029__MER21A_dup1632	0.488873106060606	1.0	1.0	0.0	0.6569602272727273	0.7651515151515151	0.0	0.0
AluJo_dup62285__AluSq_dup15066		AluJo_dup62285__AluSq_dup15066	0.1839962121212121	0.5	0.0	0.0	0.5963068181818182	0.1916666666666666	0.0	0.0
AluJo_dup62285__AluSz_dup82908		AluJo_dup62285__AluSz_dup82908	0.2221218885281385	0.5	0.0	0.0	0.7061789772727274	0.3486742424242424	0.0	0.0
AluJo_dup62285__L2_dup47726		AluJo_dup62285__L2_dup47726	0.1455762987012986	0.5	0.0	0.0	0.3997159090909091	0.1193181818181818	0.0	0.0
AluJo_dup62285__MIRc_dup83060		AluJo_dup62285__MIRc_dup83060	0.1424580627705627	0.5	0.0	0.0	0.2805397727272727	0.2166666666666666	0.0	0.0
AluJo_dup62381__AluSx1_dup89792		AluJo_dup62381__AluSx1_dup89792	0.2876285173160173	0.5	0.0	0.0	0.826846590909091	0.6865530303030303	0.0	0.0
AluJo_dup62382__AluSx1_dup89792		AluJo_dup62382__AluSx1_dup89792	0.1887175324675324	0.5	0.0	0.0	0.3909090909090909	0.4301136363636363	0.0	0.0
AluJo_dup67393__MER20_dup14180		AluJo_dup67393__MER20_dup14180	0.3946124188311687	0.5	1.0	0.0	0.69921875	0.5630681818181819	0.0	0.0
AluJo_dup67752__L2c_dup123226		AluJo_dup67752__L2c_dup123226	0.4124188311688311	1.0	1.0	0.0	0.5482954545454545	0.3386363636363636	0.0	0.0
AluJo_dup67753__AluJo_dup67752		AluJo_dup67753__AluJo_dup67752	0.4114414231601732	0.5	1.0	0.0	0.6725142045454545	0.7075757575757576	0.0	0.0
AluJo_dup67753__AluSx1_dup100821		AluJo_dup67753__AluSx1_dup100821	0.3728456439393939	0.5	1.0	0.0	0.6091619318181818	0.5007575757575758	0.0	0.0
AluJo_dup67753__L2c_dup123226		AluJo_dup67753__L2c_dup123226	0.2858326569264069	0.5	1.0	0.0	0.4188210227272727	0.0820075757575757	0.0	0.0
AluJo_dup67753__MIRc_dup88849		AluJo_dup67753__MIRc_dup88849	0.3638697240259739	0.5	1.0	0.0	0.4919744318181818	0.5551136363636363	0.0	0.0
AluJo_dup68879__AluY_dup91172		AluJo_dup68879__AluY_dup91172	0.2790449134199134	0.5	0.0	0.0	0.7258522727272727	0.7274621212121213	0.0	0.0
AluJo_dup68879__L1MB3_dup14886	0.0	AluJo_dup68879__L1MB3_dup14886	0.2605620941558442	0.5	0.0	0.0	0.4148437499999999	0.9090909090909092	0.0	0.0
AluJo_dup70654__MER34A_dup1317		AluJo_dup70654__MER34A_dup1317	0.4676204004329004	1.0	1.0	0.0	0.4617897727272727	0.3115530303030303	0.5	0.0
AluJo_dup71150__FLAM_C_dup22079		AluJo_dup71150__FLAM_C_dup22079	0.3281419101731602	0.5	1.0	0.0	0.6286221590909091	0.1683712121212121	0.0	0.0
AluJo_dup71151__FLAM_C_dup22079		AluJo_dup71151__FLAM_C_dup22079	0.3280776515151515	0.5	1.0	0.0	0.6058238636363636	0.190719696969697	0.0	0.0
AluJo_dup72655__AluJr_dup80424		AluJo_dup72655__AluJr_dup80424	0.3123681006493506	1.0	0.0	0.0	0.5928267045454546	0.59375	0.0	0.0
AluJo_dup72655__HAL1_dup21569		AluJo_dup72655__HAL1_dup21569	0.236529356060606	0.5	0.0	0.0	0.61328125	0.5424242424242424	0.0	0.0
AluJo_dup72655__MLT1B_dup16601		AluJo_dup72655__MLT1B_dup16601	0.2328125	0.5	0.0	0.0	0.5717329545454546	0.5579545454545455	0.0	0.0
AluJo_dup76122__AluY_dup102683		AluJo_dup76122__AluY_dup102683	0.2850987554112554	0.5	0.0	0.0	0.8509943181818183	0.6446969696969697	0.0	0.0
AluJo_dup76122__MER70A_dup520		AluJo_dup76122__MER70A_dup520	0.2099499458874458	0.5	0.0	0.0	0.6467329545454545	0.3229166666666667	0.0	0.0
AluJo_dup7612__AluJb_dup17762		AluJo_dup7612__AluJb_dup17762	0.507322104978355	1.0	1.0	0.0	0.6590198863636364	0.3922348484848485	0.5	0.0
AluJo_dup7612__AluSz_dup13499		AluJo_dup7612__AluSz_dup13499	0.5497700216450216	1.0	1.0	0.0	0.6372159090909091	0.7111742424242425	0.5	0.0
AluJo_dup7612__L1MC5a_dup2109		AluJo_dup7612__L1MC5a_dup2109	0.4892924783549783	1.0	1.0	0.0	0.4197443181818182	0.5053030303030304	0.5	0.0
AluJo_dup76614__MER92C_dup117		AluJo_dup76614__MER92C_dup117	0.493563988095238	1.0	1.0	0.0	0.7215198863636364	0.7334280303030303	0.0	0.0
AluJr4_dup13483__AluSg_dup22428		AluJr4_dup13483__AluSg_dup22428	0.4307088744588744	1.0	1.0	0.0	0.6670454545454546	0.3479166666666666	0.0	0.0
AluJr4_dup13483__AluSq2_dup38852		AluJr4_dup13483__AluSq2_dup38852	0.2216044372294372	0.5	0.0	0.0	0.6673295454545455	0.3839015151515152	0.0	0.0
AluJr4_dup14657__L2_dup42905		AluJr4_dup14657__L2_dup42905	0.2348112824675324	0.5	0.0	0.0	0.5601562499999999	0.5835227272727272	0.0	0.0
AluJr4_dup14657__L2_dup43708		AluJr4_dup14657__L2_dup43708	0.2187872023809524	0.5	0.0	0.0	0.33984375	0.6916666666666668	0.0	0.0
AluJr4_dup1475__AluSz_dup2415		AluJr4_dup1475__AluSz_dup2415	0.257426948051948	0.5	0.0	0.0	0.5696022727272728	0.7323863636363637	0.0	0.0
AluJr4_dup1475__MER5A_dup572		AluJr4_dup1475__MER5A_dup572	0.1540482954545454	0.5	0.0	0.0	0.3050426136363636	0.2732954545454545	0.0	0.0
AluJr4_dup15961__AluJr_dup64668		AluJr4_dup15961__AluJr_dup64668	0.2724499458874458	0.5	0.0	0.0	0.7916193181818183	0.615530303030303	0.0	0.0
AluJr4_dup15961__AluSx_dup87532		AluJr4_dup15961__AluSx_dup87532	0.2608833874458874	0.5	0.0	0.0	0.7384943181818182	0.5876893939393939	0.0	0.0
AluJr4_dup15961__MER58A_dup10447		AluJr4_dup15961__MER58A_dup10447	0.1757339015151515	0.5	0.0	0.0	0.2774857954545454	0.4526515151515151	0.0	0.0
AluJr4_dup15961__MamRep137_dup1947		AluJr4_dup15961__MamRep137_dup1947	0.1381358225108225	0.5	0.0	0.0	0.2673295454545454	0.1996212121212121	0.0	0.0
AluJr4_dup15962__AluSx_dup87532		AluJr4_dup15962__AluSx_dup87532	0.2118405032467532	0.5	0.0	0.0	0.6539062500000001	0.3289772727272727	0.0	0.0
AluJr4_dup2044__MER5B_dup2952		AluJr4_dup2044__MER5B_dup2952	0.2564191017316017	1.0	0.0	0.0	0.4975852272727273	0.2973484848484848	0.0	0.0
AluJr_dup10090__AluSc8_dup3494		AluJr_dup10090__AluSc8_dup3494	0.4987554112554112	1.0	1.0	0.0	0.7852272727272728	0.706060606060606	0.0	0.0
AluJr_dup10090__AluSq2_dup9704		AluJr_dup10090__AluSq2_dup9704	0.509476461038961	1.0	1.0	0.0	0.7992897727272728	0.7670454545454545	0.0	0.0
AluJr_dup11077__L1ME3G_dup1437		AluJr_dup11077__L1ME3G_dup1437	0.1852475649350649	0.5	0.0	0.0	0.5609375	0.2357954545454545	0.0	0.0
AluJr_dup11078__L1ME3G_dup1437		AluJr_dup11078__L1ME3G_dup1437	0.1568147997835497	0.5	0.0	0.0	0.4230823863636364	0.1746212121212121	0.0	0.0
AluJr_dup11079__L1ME3G_dup1437		AluJr_dup11079__L1ME3G_dup1437	0.1263054653679653	0.5	0.0	0.0	0.2953125	0.0888257575757575	0.0	0.0
AluJr_dup11080__L1ME3G_dup1437		AluJr_dup11080__L1ME3G_dup1437	0.2917478354978355	0.5	1.0	0.0	0.3931818181818182	0.1490530303030303	0.0	0.0
AluJr_dup12509__MIRc_dup17707		AluJr_dup12509__MIRc_dup17707	0.3070278679653679	0.5	1.0	0.0	0.4421874999999999	0.2070075757575757	0.0	0.0
AluJr_dup15340__MER72_dup140		AluJr_dup15340__MER72_dup140	0.4051474567099566	0.5	1.0	0.0	0.5731534090909091	0.7628787878787878	0.0	0.0
AluJr_dup1875__AluJo_dup5326		AluJr_dup1875__AluJo_dup5326	0.258600514069264	0.5	0.0	0.0	0.7162642045454546	0.5939393939393939	0.0	0.0
AluJr_dup1875__AluJr4_dup1475		AluJr_dup1875__AluJr4_dup1475	0.2188007305194805	0.5	0.0	0.0	0.43671875	0.5948863636363636	0.0	0.0
AluJr_dup1875__L2a_dup12636		AluJr_dup1875__L2a_dup12636	0.3260078463203463	0.5	0.0	0.0	0.3697443181818181	0.912310606060606	0.5	0.0
AluJr_dup1876__AluJo_dup5326		AluJr_dup1876__AluJo_dup5326	0.2243810876623376	0.5	0.0	0.0	0.5519176136363636	0.51875	0.0	0.0
AluJr_dup1876__AluJr4_dup1475		AluJr_dup1876__AluJr4_dup1475	0.2349262716450216	0.5	0.0	0.0	0.4901278409090909	0.6543560606060607	0.0	0.0
AluJr_dup1876__L2a_dup12636		AluJr_dup1876__L2a_dup12636	0.2373038419913419	0.5	0.0	0.0	0.3137784090909091	0.8473484848484848	0.0	0.0
AluJr_dup19606__AluSz_dup24488		AluJr_dup19606__AluSz_dup24488	0.2492830086580086	0.5	0.0	0.0	0.6008522727272728	0.6441287878787879	0.0	0.0
AluJr_dup19606__AluYj4_dup845		AluJr_dup19606__AluYj4_dup845	0.189749053030303	0.5	0.0	0.0	0.5291903409090909	0.2990530303030302	0.0	0.0
AluJr_dup19606__MIRb_dup61357	0.0	AluJr_dup19606__MIRb_dup61357	0.2269142316017315	0.5	0.0	0.0	0.5910511363636364	0.4973484848484849	0.0	0.0
AluJr_dup19625__AluJr_dup19626		AluJr_dup19625__AluJr_dup19626	0.2145765692640692	0.5	0.0	0.0	0.6268465909090909	0.3751893939393939	0.0	0.0
AluJr_dup20243__AluSx_dup25929		AluJr_dup20243__AluSx_dup25929	0.3735998376623377	0.5	1.0	0.0	0.6680397727272728	0.4471590909090908	0.0	0.0
AluJr_dup20243__Charlie4z_dup1623		AluJr_dup20243__Charlie4z_dup1623	0.3452651515151514	0.5	1.0	0.0	0.2039772727272727	0.2128787878787879	0.5	0.0
AluJr_dup20243__MER53_dup1463		AluJr_dup20243__MER53_dup1463	0.2506561147186147	0.5	1.0	0.0	0.2066761363636364	0.0479166666666666	0.0	0.0
AluJr_dup20243__MER58A_dup3211		AluJr_dup20243__MER58A_dup3211	0.3047754329004329	0.5	1.0	0.0	0.4144886363636363	0.2189393939393939	0.0	0.0
AluJr_dup20243__MER58A_dup3212		AluJr_dup20243__MER58A_dup3212	0.2727408008658009	0.5	1.0	0.0	0.2440340909090909	0.1651515151515151	0.0	0.0
AluJr_dup27087__L2b_dup38788		AluJr_dup27087__L2b_dup38788	0.5754734848484848	1.0	1.0	0.0	0.6735795454545456	0.8547348484848486	0.5	0.0
AluJr_dup27087__MIRb_dup89033		AluJr_dup27087__MIRb_dup89033	0.5483766233766233	1.0	1.0	0.0	0.5517045454545454	0.7869318181818182	0.5	0.0
AluJr_dup27088__AluJb_dup46350		AluJr_dup27088__AluJb_dup46350	0.5662270021645022	1.0	1.0	0.0	0.7058238636363636	0.7577651515151516	0.5	0.0
AluJr_dup27088__L2b_dup38788		AluJr_dup27088__L2b_dup38788	0.5245400432900432	1.0	1.0	0.0	0.4562499999999999	0.715530303030303	0.5	0.0
AluJr_dup27088__MIRb_dup89033		AluJr_dup27088__MIRb_dup89033	0.4635213744588744	1.0	1.0	0.0	0.3018465909090909	0.4428030303030303	0.5	0.0
AluJr_dup29197__AluSx_dup44395		AluJr_dup29197__AluSx_dup44395	0.4404626623376623	0.5	1.0	0.0	0.8542613636363636	0.7289772727272726	0.0	0.0
AluJr_dup29197__L4_C_Mam_dup2371		AluJr_dup29197__L4_C_Mam_dup2371	0.438673566017316	1.0	1.0	0.0	0.5705255681818182	0.5001893939393939	0.0	0.0
AluJr_dup29197__MER41A_dup976		AluJr_dup29197__MER41A_dup976	0.4205458603896103	1.0	1.0	0.0	0.6114346590909092	0.3323863636363636	0.0	0.0
AluJr_dup29197__MER41A_dup977		AluJr_dup29197__MER41A_dup977	0.4722571699134198	1.0	1.0	0.0	0.6141335227272727	0.6916666666666665	0.0	0.0
AluJr_dup29197__MIR_dup75369		AluJr_dup29197__MIR_dup75369	0.381057224025974	0.5	1.0	0.0	0.6986505681818181	0.46875	0.0	0.0
AluJr_dup29197__Tigger18a_dup579		AluJr_dup29197__Tigger18a_dup579	0.3629667207792207	1.0	0.0	0.0	0.6203125	0.4204545454545454	0.5	0.0
AluJr_dup33143__AluJr_dup33142		AluJr_dup33143__AluJr_dup33142	0.2420995670995671	0.5	0.0	0.0	0.7517045454545455	0.4429924242424243	0.0	0.0
AluJr_dup34381__MIRb_dup92194		AluJr_dup34381__MIRb_dup92194	0.3000811688311688	0.5	1.0	0.0	0.3965909090909091	0.2039772727272727	0.0	0.0
AluJr_dup52980__AluSx_dup71806		AluJr_dup52980__AluSx_dup71806	0.2874661796536796	0.5	0.0	0.0	0.7240056818181818	0.7882575757575757	0.0	0.0
AluJr_dup52980__AluSz_dup63914		AluJr_dup52980__AluSz_dup63914	0.1368641774891774	0.5	0.0	0.0	0.3065340909090909	0.1515151515151515	0.0	0.0
AluJr_dup52980__FRAM_dup4585		AluJr_dup52980__FRAM_dup4585	0.2550967261904762	0.5	0.0	0.0	0.5841619318181819	0.7015151515151515	0.0	0.0
AluJr_dup54249__MIRb_dup156032		AluJr_dup54249__MIRb_dup156032	0.1926880411255411	0.5	0.0	0.0	0.4944602272727272	0.3543560606060605	0.0	0.0
AluJr_dup54306__AluSg_dup22559		AluJr_dup54306__AluSg_dup22559	0.2955762987012987	1.0	0.0	0.0	0.7559659090909091	0.3130681818181818	0.0	0.0
AluJr_dup54306__AluSp_dup32035		AluJr_dup54306__AluSp_dup32035	0.2557765151515151	0.5	0.0	0.0	0.8099431818181819	0.4804924242424242	0.0	0.0
AluJr_dup54306__MER58A_dup8804		AluJr_dup54306__MER58A_dup8804	0.2349262716450216	0.5	0.0	0.0	0.6310369318181819	0.5134469696969697	0.0	0.0
AluJr_dup54306__MER5B_dup16545		AluJr_dup54306__MER5B_dup16545	0.2271881764069264	1.0	0.0	0.0	0.5503551136363636	0.0399621212121212	0.0	0.0
AluJr_dup54306__MIR_dup116452		AluJr_dup54306__MIR_dup116452	0.282132711038961	1.0	0.0	0.0	0.6465198863636363	0.3284090909090909	0.0	0.0
AluJr_dup54307__AluSp_dup32035		AluJr_dup54307__AluSp_dup32035	0.2433238636363636	0.5	0.0	0.0	0.6629261363636363	0.5403409090909091	0.0	0.0
AluJr_dup56527__AluSz_dup67120		AluJr_dup56527__AluSz_dup67120	0.5128449675324676	1.0	1.0	0.0	0.8274147727272727	0.7625000000000001	0.0	0.0
AluJr_dup5881__L1ME4b_dup1295		AluJr_dup5881__L1ME4b_dup1295	0.3405303030303029	0.5	1.0	0.0	0.6107954545454546	0.2729166666666667	0.0	0.0
AluJr_dup6021__AluSg7_dup261		AluJr_dup6021__AluSg7_dup261	0.4236268939393939	0.5	1.0	0.0	0.8140625	0.6513257575757576	0.0	0.0
AluJr_dup63952__L1MB7_dup17092		AluJr_dup63952__L1MB7_dup17092	0.3632102272727273	0.5	1.0	0.0	0.5265625	0.515909090909091	0.0	0.0
AluJr_dup64668__AluJr4_dup15962		AluJr_dup64668__AluJr4_dup15962	0.193655303030303	0.5	0.0	0.0	0.6576704545454546	0.1979166666666666	0.0	0.0
AluJr_dup67860__MER30_dup3551		AluJr_dup67860__MER30_dup3551	0.4198998917748917	1.0	1.0	0.0	0.4985795454545454	0.440719696969697	0.0	0.0
AluJr_dup68150__AluSg4_dup5719		AluJr_dup68150__AluSg4_dup5719	0.362310606060606	0.5	1.0	0.0	0.6198863636363637	0.4162878787878788	0.0	0.0
AluJr_dup68150__AluSz_dup82335		AluJr_dup68150__AluSz_dup82335	0.3782602813852814	0.5	1.0	0.0	0.5281250000000001	0.6196969696969696	0.0	0.0
AluJr_dup68150__Tigger13a_dup2638		AluJr_dup68150__Tigger13a_dup2638	0.386522591991342	0.5	1.0	0.0	0.49921875	0.7064393939393939	0.0	0.0
AluJr_dup76360__L1MA5_dup3850		AluJr_dup76360__L1MA5_dup3850	0.1823795995670995	0.5	0.0	0.0	0.2933238636363636	0.4833333333333333	0.0	0.0
AluJr_dup80424__HAL1_dup21569		AluJr_dup80424__HAL1_dup21569	0.2520089285714285	0.5	0.0	0.0	0.3487215909090909	0.415340909090909	0.5	0.0
AluJr_dup80424__MLT1B_dup16601		AluJr_dup80424__MLT1B_dup16601	0.2646036255411255	0.5	0.0	0.0	0.4302556818181818	0.4219696969696969	0.5	0.0
AluSc5_dup476__AluJo_dup2620		AluSc5_dup476__AluJo_dup2620	0.3729606331168831	1.0	0.0	0.0	0.7908380681818183	0.8198863636363637	0.0	0.0
AluSc5_dup476__AluSx3_dup1131		AluSc5_dup476__AluSx3_dup1131	0.3537270021645021	1.0	0.0	0.0	0.7035511363636364	0.7725378787878787	0.0	0.0
AluSc8_dup13293__AluSx_dup71805		AluSc8_dup13293__AluSx_dup71805	0.3863534902597402	0.5	1.0	0.0	0.7573153409090908	0.4471590909090908	0.0	0.0
AluSc8_dup15558__AluJb_dup92215		AluSc8_dup15558__AluJb_dup92215	0.4125574945887446	1.0	1.0	0.0	0.5678267045454546	0.3200757575757575	0.0	0.0
AluSc8_dup15558__AluJo_dup55300		AluSc8_dup15558__AluJo_dup55300	0.4628010010822511	1.0	1.0	0.0	0.7343039772727273	0.5053030303030303	0.0	0.0
AluSc8_dup15558__AluSx1_dup81942		AluSc8_dup15558__AluSx1_dup81942	0.5111945346320346	1.0	1.0	0.0	0.8024147727272728	0.7759469696969696	0.0	0.0
AluSc8_dup16024__AluJb_dup90711		AluSc8_dup16024__AluJb_dup90711	0.4900466720779221	1.0	1.0	0.0	0.8388494318181818	0.5914772727272727	0.0	0.0
AluSc8_dup2839__L1ME3Cz_dup1033		AluSc8_dup2839__L1ME3Cz_dup1033	0.357724567099567	0.5	1.0	0.0	0.393465909090909	0.6106060606060606	0.0	0.0
AluSc8_dup3494__AluSc_dup4202		AluSc8_dup3494__AluSc_dup4202	0.4998004599567099	1.0	1.0	0.0	0.7147017045454546	0.7839015151515151	0.0	0.0
AluSc8_dup3494__AluSz_dup12549		AluSc8_dup3494__AluSz_dup12549	0.475490395021645	1.0	1.0	0.0	0.7183948863636365	0.6100378787878787	0.0	0.0
AluSc8_dup3494__L1ME3G_dup1865		AluSc8_dup3494__L1ME3G_dup1865	0.4018465909090909	1.0	1.0	0.0	0.4953125	0.3176136363636364	0.0	0.0
AluSc8_dup3494__MER30_dup546		AluSc8_dup3494__MER30_dup546	0.4135010822510822	1.0	1.0	0.0	0.6022727272727273	0.2922348484848485	0.0	0.0
AluSc8_dup7786__MIRb_dup80312		AluSc8_dup7786__MIRb_dup80312	0.3393465909090909	1.0	0.0	0.0	0.7436079545454546	0.6318181818181818	0.0	0.0
AluSc_dup10469__AluSp_dup16075		AluSc_dup10469__AluSp_dup16075	0.4925696699134199	1.0	1.0	0.0	0.749502840909091	0.6984848484848486	0.0	0.0
AluSc_dup10469__AluYc3_dup178		AluSc_dup10469__AluYc3_dup178	0.2617627164502164	0.5	0.0	0.0	0.7899147727272727	0.5424242424242425	0.0	0.0
AluSc_dup12767__AluSx1_dup35620	1.0	AluSc_dup12767__AluSx1_dup35620	0.2457961309523809	0.5	0.0	0.0	0.7158380681818182	0.5047348484848485	0.0	0.0
AluSc_dup15023__MER95_dup70		AluSc_dup15023__MER95_dup70	0.3559489989177489	0.5	1.0	0.0	0.5639914772727272	0.4276515151515151	0.0	0.0
AluSc_dup16330__AluYc3_dup238		AluSc_dup16330__AluYc3_dup238	0.4549648268398268	1.0	1.0	0.0	0.7366477272727273	0.4481060606060607	0.0	0.0
AluSc_dup18940__L2b_dup55103		AluSc_dup18940__L2b_dup55103	0.3946699134199134	1.0	1.0	0.0	0.5982954545454545	0.1643939393939394	0.0	0.0
AluSc_dup18941__L2b_dup55103		AluSc_dup18941__L2b_dup55103	0.4258353625541126	1.0	1.0	0.0	0.6066051136363637	0.3742424242424242	0.0	0.0
AluSc_dup23352__AluSz6_dup31952		AluSc_dup23352__AluSz6_dup31952	0.497666396103896	1.0	1.0	0.0	0.8035511363636364	0.6801136363636364	0.0	0.0
AluSc_dup25744__AluSz_dup74587		AluSc_dup25744__AluSz_dup74587	0.2718377976190476	0.5	0.0	0.0	0.7365767045454547	0.6662878787878787	0.0	0.0
AluSc_dup25744__AluSz_dup74588		AluSc_dup25744__AluSz_dup74588	0.2274249188311688	0.5	0.0	0.0	0.6328835227272728	0.4590909090909091	0.0	0.0
AluSc_dup25744__AluY_dup78478		AluSc_dup25744__AluY_dup78478	0.2265016233766233	0.5	0.0	0.0	0.5536931818181818	0.5318181818181817	0.0	0.0
AluSc_dup25744__FLAM_C_dup17518		AluSc_dup25744__FLAM_C_dup17518	0.2398302218614718	0.5	0.0	0.0	0.6439630681818183	0.5348484848484848	0.0	0.0
AluSc_dup25744__MIR_dup135339		AluSc_dup25744__MIR_dup135339	0.2530133928571428	0.5	0.0	0.0	0.7091619318181819	0.5619318181818183	0.0	0.0
AluSc_dup25744__MIRb_dup174050		AluSc_dup25744__MIRb_dup174050	0.2167816558441558	0.5	0.0	0.0	0.586221590909091	0.4312500000000001	0.0	0.0
AluSc_dup26046__AluJb_dup91876		AluSc_dup26046__AluJb_dup91876	0.4491037608225107	0.5	1.0	0.0	0.8441051136363636	0.799621212121212	0.0	0.0
AluSc_dup26046__AluJb_dup91877		AluSc_dup26046__AluJb_dup91877	0.2715773809523809	0.5	0.0	0.0	0.8627840909090909	0.5382575757575757	0.0	0.0
AluSc_dup26046__AluSx_dup82745		AluSc_dup26046__AluSx_dup82745	0.2410951028138528	0.5	0.0	0.0	0.7111505681818182	0.4765151515151515	0.0	0.0
AluSc_dup26046__Charlie5_dup1988		AluSc_dup26046__Charlie5_dup1988	0.3139238365800866	0.5	1.0	0.0	0.3925426136363636	0.3049242424242424	0.0	0.0
AluSc_dup26046__L2_dup44916		AluSc_dup26046__L2_dup44916	0.3571259469696969	0.5	1.0	0.0	0.5512073863636364	0.4486742424242424	0.0	0.0
AluSc_dup26046__L2_dup44917		AluSc_dup26046__L2_dup44917	0.3370332792207792	0.5	1.0	0.0	0.4313920454545454	0.4278409090909091	0.0	0.0
AluSc_dup26046__L2_dup44918		AluSc_dup26046__L2_dup44918	0.3543729707792207	0.5	1.0	0.0	0.5397017045454545	0.4409090909090909	0.0	0.0
AluSc_dup26046__L2_dup44919		AluSc_dup26046__L2_dup44919	0.3619656385281385	0.5	1.0	0.0	0.4867897727272727	0.546969696969697	0.0	0.0
AluSc_dup26046__L2_dup44920		AluSc_dup26046__L2_dup44920	0.3443790584415584	0.5	1.0	0.0	0.5901988636363636	0.3204545454545455	0.0	0.0
AluSc_dup26046__L2a_dup133691		AluSc_dup26046__L2a_dup133691	0.4004126082251082	0.5	1.0	0.0	0.6276988636363637	0.6751893939393939	0.0	0.0
AluSc_dup26046__L2a_dup133692		AluSc_dup26046__L2a_dup133692	0.3759604978354978	0.5	1.0	0.0	0.5071022727272727	0.624621212121212	0.0	0.0
AluSc_dup26046__L2a_dup133693		AluSc_dup26046__L2a_dup133693	0.2968411796536796	0.5	1.0	0.0	0.3373579545454545	0.240530303030303	0.0	0.0
AluSc_dup26046__MER113_dup2450		AluSc_dup26046__MER113_dup2450	0.3083840638528138	0.5	1.0	0.0	0.4066051136363636	0.2520833333333334	0.0	0.0
AluSc_dup26046__MER113_dup2451		AluSc_dup26046__MER113_dup2451	0.2051643668831168	0.5	0.0	0.0	0.5247869318181818	0.4113636363636364	0.0	0.0
AluSc_dup26046__MIRb_dup172407		AluSc_dup26046__MIRb_dup172407	0.3282467532467532	0.5	1.0	0.0	0.5215909090909091	0.2761363636363637	0.0	0.0
AluSc_dup26291__AluSc_dup25744		AluSc_dup26291__AluSc_dup25744	0.3102881493506494	0.5	0.0	0.0	0.8504261363636365	0.8215909090909091	0.0	0.0
AluSc_dup26291__L2c_dup110124		AluSc_dup26291__L2c_dup110124	0.2423092532467532	0.5	0.0	0.0	0.7555397727272728	0.440625	0.0	0.0
AluSc_dup28732__AluSq2_dup47685		AluSc_dup28732__AluSq2_dup47685	0.4131290584415584	0.5	1.0	0.0	0.7191761363636364	0.6727272727272727	0.0	0.0
AluSc_dup29155__MER112_dup3661		AluSc_dup29155__MER112_dup3661	0.2733698593073593	0.5	1.0	0.0	0.3308238636363637	0.0827651515151515	0.0	0.0
AluSc_dup29156__MER112_dup3661		AluSc_dup29156__MER112_dup3661	0.3060808982683982	0.5	1.0	0.0	0.4603693181818182	0.1821969696969697	0.0	0.0
AluSc_dup29630__LTR40b_dup1010		AluSc_dup29630__LTR40b_dup1010	0.340435606060606	0.5	1.0	0.0	0.509375	0.3736742424242424	0.0	0.0
AluSc_dup33108__AluSz_dup97667	0.0	AluSc_dup33108__AluSz_dup97667	0.2685741341991342	0.5	0.0	0.0	0.7525568181818182	0.6274621212121212	0.0	0.0
AluSc_dup33108__L2b_dup91829		AluSc_dup33108__L2b_dup91829	0.1501285173160173	0.5	0.0	0.0	0.3978693181818182	0.153030303030303	0.0	0.0
AluSc_dup33108__MIR_dup164433		AluSc_dup33108__MIR_dup164433	0.1856094426406926	0.5	0.0	0.0	0.3644176136363636	0.4348484848484849	0.0	0.0
AluSc_dup4202__MLT1B_dup2781		AluSc_dup4202__MLT1B_dup2781	0.3912912608225108	1.0	1.0	0.0	0.4740767045454546	0.2649621212121212	0.0	0.0
AluSc_dup8691__AluJr_dup19606		AluSc_dup8691__AluJr_dup19606	0.2170488365800865	0.5	0.0	0.0	0.5570312500000001	0.4623106060606061	0.0	0.0
AluSc_dup9846__MER58B_dup2208		AluSc_dup9846__MER58B_dup2208	0.2486471861471861	1.0	0.0	0.0	0.44375	0.296780303030303	0.0	0.0
AluSg4_dup5719__AluJb_dup102121		AluSg4_dup5719__AluJb_dup102121	0.3924479166666667	0.5	1.0	0.0	0.7549005681818182	0.4922348484848484	0.0	0.0
AluSg4_dup6355__AluSx1_dup99481		AluSg4_dup6355__AluSx1_dup99481	0.2815239448051948	0.5	0.0	0.0	0.8325994318181819	0.6380681818181818	0.0	0.0
AluSg4_dup6628__L1PA3_dup9433		AluSg4_dup6628__L1PA3_dup9433	0.3388122294372294	1.0	0.0	0.0	0.5309659090909091	0.8407196969696971	0.0	0.0
AluSg7_dup495__AluSx1_dup6348		AluSg7_dup495__AluSx1_dup6348	0.2888223755411255	0.5	0.0	0.0	0.7702414772727273	0.7515151515151515	0.0	0.0
AluSg7_dup495__L3_dup2611		AluSg7_dup495__L3_dup2611	0.1649080086580086	0.5	0.0	0.0	0.5545454545454546	0.099810606060606	0.0	0.0
AluSg7_dup495__LTR5_Hs_dup9		AluSg7_dup495__LTR5_Hs_dup9	0.4921063311688311	1.0	1.0	0.0	0.6805397727272728	0.7642045454545454	0.0	0.0
AluSg7_dup5013__L2b_dup57888		AluSg7_dup5013__L2b_dup57888	0.4684016504329004	1.0	1.0	0.0	0.4575994318181818	0.8212121212121213	0.0	0.0
AluSg7_dup5883__AluSx_dup78972		AluSg7_dup5883__AluSx_dup78972	0.30098079004329	0.5	0.0	0.0	0.8123579545454545	0.7945075757575758	0.0	0.0
AluSg7_dup5883__AluY_dup73884		AluSg7_dup5883__AluY_dup73884	0.3038994859307359	0.5	0.0	0.0	0.8337357954545455	0.7935606060606061	0.0	0.0
AluSg7_dup5883__MER81_dup2531		AluSg7_dup5883__MER81_dup2531	0.2437635281385281	0.5	0.0	0.0	0.665625	0.540719696969697	0.0	0.0
AluSg7_dup5899__FLAM_A_dup10181		AluSg7_dup5899__FLAM_A_dup10181	0.314941829004329	0.5	1.0	0.0	0.4450284090909091	0.2595643939393939	0.0	0.0
AluSg7_dup7659__HERVK3-int_dup205		AluSg7_dup7659__HERVK3-int_dup205	0.3698390151515151	0.5	1.0	0.0	0.4117897727272727	0.6770833333333334	0.0	0.0
AluSg7_dup7659__LTR3_dup67		AluSg7_dup7659__LTR3_dup67	0.3605654761904762	0.5	1.0	0.0	0.594034090909091	0.4299242424242424	0.0	0.0
AluSg_dup15172__MIRb_dup92194		AluSg_dup15172__MIRb_dup92194	0.3493540313852813	0.5	1.0	0.0	0.5712357954545455	0.3742424242424242	0.0	0.0
AluSg_dup16409__L2c_dup69284		AluSg_dup16409__L2c_dup69284	0.3803672889610389	0.5	1.0	0.0	0.7875710227272728	0.375	0.0	0.0
AluSg_dup16409__MER5A_dup17039		AluSg_dup16409__MER5A_dup17039	0.304599567099567	0.5	1.0	0.0	0.4767045454545454	0.1554924242424242	0.0	0.0
AluSg_dup17903__L1MC5_dup7943		AluSg_dup17903__L1MC5_dup7943	0.3544507575757575	0.5	1.0	0.0	0.4696022727272727	0.5115530303030303	0.0	0.0
AluSg_dup17903__L1ME2_dup6944	0.0	AluSg_dup17903__L1ME2_dup6944	0.1865936147186147	0.5	0.0	0.0	0.3184659090909091	0.487689393939394	0.0	0.0
AluSg_dup17903__MSTA_dup10582		AluSg_dup17903__MSTA_dup10582	0.406256764069264	0.5	1.0	0.0	0.7316761363636364	0.6121212121212122	0.0	0.0
AluSg_dup21482__AluSx1_dup66645		AluSg_dup21482__AluSx1_dup66645	0.4105620941558441	0.5	1.0	0.0	0.6764914772727273	0.697443181818182	0.0	0.0
AluSg_dup22559__AluJr_dup54307		AluSg_dup22559__AluJr_dup54307	0.3361302759740259	1.0	0.0	0.0	0.7040482954545455	0.6488636363636363	0.0	0.0
AluSg_dup22559__AluSp_dup32035		AluSg_dup22559__AluSp_dup32035	0.2473755411255411	0.5	0.0	0.0	0.7295454545454546	0.5020833333333333	0.0	0.0
AluSg_dup22589__MIR_dup121349		AluSg_dup22589__MIR_dup121349	0.4275027056277056	0.5	1.0	0.0	0.7235795454545455	0.7689393939393939	0.0	0.0
AluSg_dup24901__L2b_dup71853		AluSg_dup24901__L2b_dup71853	0.5252299783549783	1.0	1.0	0.0	0.4514204545454545	0.725189393939394	0.5	0.0
AluSg_dup25183__AluSg7_dup5883		AluSg_dup25183__AluSg7_dup5883	0.2867796266233766	0.5	0.0	0.0	0.8227982954545454	0.6846590909090908	0.0	0.0
AluSg_dup25183__MamRTE1_dup7235		AluSg_dup25183__MamRTE1_dup7235	0.171783685064935	0.5	0.0	0.0	0.4922585227272727	0.2102272727272727	0.0	0.0
AluSg_dup25238__Charlie7_dup2828		AluSg_dup25238__Charlie7_dup2828	0.4464420995670995	0.5	1.0	0.0	0.6173295454545455	0.5077651515151516	0.5	0.0
AluSg_dup25238__Charlie7_dup2829		AluSg_dup25238__Charlie7_dup2829	0.4169609036796536	0.5	1.0	0.0	0.577627840909091	0.3410984848484848	0.5	0.0
AluSg_dup25238__Charlie7_dup2830		AluSg_dup25238__Charlie7_dup2830	0.3634740259740259	0.5	1.0	0.0	0.4698863636363637	0.0744318181818181	0.5	0.0
AluSg_dup25238__FLAM_A_dup10181		AluSg_dup25238__FLAM_A_dup10181	0.4475919913419913	0.5	1.0	0.0	0.6605113636363636	0.4726325757575758	0.5	0.0
AluSg_dup25238__MER58A_dup9277		AluSg_dup25238__MER58A_dup9277	0.458008658008658	0.5	1.0	0.0	0.609659090909091	0.5964015151515151	0.5	0.0
AluSg_dup26804__MLT2B3_dup2657		AluSg_dup26804__MLT2B3_dup2657	0.5308204816017316	1.0	1.0	0.0	0.854190340909091	0.8615530303030304	0.0	0.0
AluSg_dup27886__Plat_L3_dup2566		AluSg_dup27886__Plat_L3_dup2566	0.4670217803030303	1.0	1.0	0.0	0.7621448863636364	0.5070075757575758	0.0	0.0
AluSg_dup2866__AluSg7_dup261		AluSg_dup2866__AluSg7_dup261	0.3818756764069264	0.5	1.0	0.0	0.7320312499999999	0.4410984848484848	0.0	0.0
AluSg_dup29279__AluSp_dup38728		AluSg_dup29279__AluSp_dup38728	0.4046604437229437	0.5	1.0	0.0	0.7140624999999999	0.618560606060606	0.0	0.0
AluSg_dup29279__AluSx1_dup88868		AluSg_dup29279__AluSx1_dup88868	0.4577245670995671	0.5	1.0	0.0	0.8559659090909091	0.8481060606060606	0.0	0.0
AluSg_dup33141__MamRep1151_dup1121		AluSg_dup33141__MamRep1151_dup1121	0.4404491341991342	1.0	1.0	0.0	0.5880681818181819	0.4950757575757576	0.0	0.0
AluSg_dup33279__AluJo_dup71150		AluSg_dup33279__AluJo_dup71150	0.3911458333333333	0.5	1.0	0.0	0.6955965909090909	0.5424242424242425	0.0	0.0
AluSg_dup33279__AluJo_dup71151		AluSg_dup33279__AluJo_dup71151	0.3448863636363636	0.5	1.0	0.0	0.7159090909090909	0.1982954545454545	0.0	0.0
AluSg_dup33279__AluSq_dup17117		AluSg_dup33279__AluSq_dup17117	0.4100716991341991	0.5	1.0	0.0	0.7941761363636364	0.5763257575757575	0.0	0.0
AluSg_dup33279__AluSz6_dup43807		AluSg_dup33279__AluSz6_dup43807	0.4124966179653679	0.5	1.0	0.0	0.6958096590909091	0.6916666666666668	0.0	0.0
AluSg_dup33279__MER5A_dup31320		AluSg_dup33279__MER5A_dup31320	0.3718073593073592	0.5	1.0	0.0	0.6653409090909091	0.437310606060606	0.0	0.0
AluSg_dup35902__L2b_dup92638		AluSg_dup35902__L2b_dup92638	0.3000811688311688	1.0	0.0	0.0	0.578409090909091	0.522159090909091	0.0	0.0
AluSg_dup6985__L4_B_Mam_dup617	0.0	AluSg_dup6985__L4_B_Mam_dup617	0.3339928300865801	0.5	1.0	0.0	0.5267755681818183	0.3111742424242424	0.0	0.0
AluSg_dup9222__L2-3_Crp_dup573	0.0	AluSg_dup9222__L2-3_Crp_dup573	0.3131324404761905	0.5	0.0	0.0	0.7762073863636364	0.9157196969696968	0.0	0.0
AluSp_dup11240__MLT2F_dup516		AluSp_dup11240__MLT2F_dup516	0.3840334145021645	1.0	1.0	0.0	0.421377840909091	0.2668560606060606	0.0	0.0
AluSp_dup16352__AluSq_dup6346		AluSp_dup16352__AluSq_dup6346	0.5836410984848485	1.0	1.0	0.0	0.8563210227272727	0.7291666666666666	0.5	0.0
AluSp_dup17781__MIRb_dup80312		AluSp_dup17781__MIRb_dup80312	0.3332115800865801	1.0	0.0	0.0	0.7161931818181818	0.6162878787878788	0.0	0.0
AluSp_dup24150__AluSp_dup25204		AluSp_dup24150__AluSp_dup25204	0.4709686147186147	1.0	1.0	0.0	0.6573863636363636	0.6393939393939395	0.0	0.0
AluSp_dup26412__MLT1C_dup10417		AluSp_dup26412__MLT1C_dup10417	0.5147862554112554	1.0	1.0	0.0	0.7161931818181818	0.8873106060606061	0.0	0.0
AluSp_dup26412__Tigger3b_dup3727		AluSp_dup26412__Tigger3b_dup3727	0.3564765963203463	1.0	1.0	0.0	0.3361505681818181	0.159185606060606	0.0	0.0
AluSp_dup27112__L2c_dup83238		AluSp_dup27112__L2c_dup83238	0.184571158008658	0.5	0.0	0.0	0.4546874999999999	0.3373106060606061	0.0	0.0
AluSp_dup28029__HAL1_dup14970		AluSp_dup28029__HAL1_dup14970	0.2692708333333333	0.5	0.0	0.0	0.4651988636363636	0.4196969696969697	0.5	0.0
AluSp_dup29501__AluSz_dup58142		AluSp_dup29501__AluSz_dup58142	0.5423092532467533	1.0	1.0	0.0	0.8012784090909091	0.4948863636363636	0.5	0.0
AluSp_dup29501__Charlie4_dup74		AluSp_dup29501__Charlie4_dup74	0.503517316017316	1.0	1.0	0.0	0.51875	0.5058712121212121	0.5	0.0
AluSp_dup29501__FLAM_C_dup13611		AluSp_dup29501__FLAM_C_dup13611	0.519044237012987	1.0	1.0	0.0	0.7196732954545455	0.4136363636363636	0.5	0.0
AluSp_dup31873__AluSg_dup22428		AluSp_dup31873__AluSg_dup22428	0.4574844426406926	1.0	1.0	0.0	0.7374289772727273	0.4649621212121212	0.0	0.0
AluSp_dup31873__AluSq2_dup38852		AluSp_dup31873__AluSq2_dup38852	0.2388528138528138	0.5	0.0	0.0	0.7227272727272728	0.4492424242424242	0.0	0.0
AluSp_dup35151__AluJb_dup91419		AluSp_dup35151__AluJb_dup91419	0.4267248376623376	1.0	0.0	0.0	0.7992897727272728	0.687784090909091	0.5	0.0
AluSp_dup35535__MIR3_dup67033		AluSp_dup35535__MIR3_dup67033	0.358299512987013	0.5	1.0	0.0	0.4052556818181818	0.6028409090909091	0.0	0.0
AluSp_dup35846__L1ME3A_dup12204		AluSp_dup35846__L1ME3A_dup12204	0.3290178571428571	0.5	1.0	0.0	0.396875	0.40625	0.0	0.0
AluSp_dup36204__AluJb_dup91876		AluSp_dup36204__AluJb_dup91876	0.431253382034632	0.5	1.0	0.0	0.8041903409090909	0.7145833333333332	0.0	0.0
AluSp_dup36204__Charlie5_dup1988		AluSp_dup36204__Charlie5_dup1988	0.3528104707792207	0.5	1.0	0.0	0.3912642045454545	0.5784090909090909	0.0	0.0
AluSp_dup36204__L2_dup44918		AluSp_dup36204__L2_dup44918	0.398048566017316	0.5	1.0	0.0	0.6611505681818182	0.6251893939393939	0.0	0.0
AluSp_dup36204__L2a_dup133692		AluSp_dup36204__L2a_dup133692	0.3874391233766233	0.5	1.0	0.0	0.5757102272727272	0.6363636363636364	0.0	0.0
AluSp_dup37176__AluSx1_dup87108		AluSp_dup37176__AluSx1_dup87108	0.3882068452380952	0.5	1.0	0.0	0.6837357954545454	0.5337121212121212	0.0	0.0
AluSp_dup37176__AluSz_dup78457		AluSp_dup37176__AluSz_dup78457	0.3994859307359307	0.5	1.0	0.0	0.7647727272727273	0.5316287878787879	0.0	0.0
AluSp_dup37879__AluSx1_dup86113		AluSp_dup37879__AluSx1_dup86113	0.2765963203463203	0.5	0.0	0.0	0.7704545454545455	0.6657196969696969	0.0	0.0
AluSp_dup38189__AluSq2_dup45239		AluSp_dup38189__AluSq2_dup45239	0.4670082521645021	1.0	1.0	0.0	0.7249289772727273	0.5441287878787878	0.0	0.0
AluSp_dup38189__MER4A1_dup1634		AluSp_dup38189__MER4A1_dup1634	0.3998545725108225	0.5	1.0	0.0	0.5141335227272728	0.7848484848484848	0.0	0.0
AluSp_dup40038__MSTB1_dup3702		AluSp_dup40038__MSTB1_dup3702	0.4667207792207791	1.0	1.0	0.0	0.6818181818181819	0.5852272727272726	0.0	0.0
AluSp_dup40599__AluJo_dup62285		AluSp_dup40599__AluJo_dup62285	0.1859577922077922	0.5	0.0	0.0	0.5113636363636364	0.2903409090909091	0.0	0.0
AluSp_dup40599__AluSp_dup40600		AluSp_dup40599__AluSp_dup40600	0.3764272186147185	0.5	1.0	0.0	0.6615056818181818	0.4734848484848484	0.0	0.0
AluSp_dup40599__FLAM_A_dup11985		AluSp_dup40599__FLAM_A_dup11985	0.1897964015151515	0.5	0.0	0.0	0.5412642045454545	0.287310606060606	0.0	0.0
AluSp_dup40599__MIRc_dup83060		AluSp_dup40599__MIRc_dup83060	0.4741071428571428	1.0	1.0	0.0	0.6636363636363637	0.6551136363636364	0.0	0.0
AluSp_dup40600__AluSq_dup15066	1.0	AluSp_dup40600__AluSq_dup15066	0.4252401244588744	0.5	1.0	0.0	0.7304687500000001	0.7462121212121212	0.0	0.0
AluSp_dup40600__AluSz_dup82908	1.0	AluSp_dup40600__AluSz_dup82908	0.3777969426406926	0.5	1.0	0.0	0.6995028409090909	0.4450757575757575	0.0	0.0
AluSp_dup40600__L2_dup47726	1.0	AluSp_dup40600__L2_dup47726	0.3514035443722944	0.5	1.0	0.0	0.5083096590909091	0.4515151515151515	0.0	0.0
AluSp_dup40600__MIRc_dup83060	1.0	AluSp_dup40600__MIRc_dup83060	0.389356737012987	0.5	1.0	0.0	0.6749289772727274	0.5505681818181818	0.0	0.0
AluSp_dup41372__AluJr_dup67860		AluSp_dup41372__AluJr_dup67860	0.436333198051948	1.0	1.0	0.0	0.5497869318181818	0.5045454545454545	0.0	0.0
AluSp_dup41372__AluSc_dup29155		AluSp_dup41372__AluSc_dup29155	0.2563988095238095	0.5	1.0	0.0	0.284375	0.0104166666666666	0.0	0.0
AluSp_dup41372__AluSc_dup29156		AluSp_dup41372__AluSc_dup29156	0.415723079004329	0.5	1.0	0.0	0.6212357954545455	0.7888257575757575	0.0	0.0
AluSp_dup41372__AluSx_dup95220		AluSp_dup41372__AluSx_dup95220	0.3954274891774891	0.5	1.0	0.0	0.6301136363636364	0.6378787878787879	0.0	0.0
AluSp_dup41372__FLAM_A_dup12178		AluSp_dup41372__FLAM_A_dup12178	0.2654017857142857	0.5	1.0	0.0	0.2964488636363636	0.0613636363636363	0.0	0.0
AluSp_dup42130__THE1D_dup10650		AluSp_dup42130__THE1D_dup10650	0.3368607954545454	1.0	0.0	0.0	0.6580255681818182	0.7000000000000001	0.0	0.0
AluSp_dup44138__L2a_dup149088		AluSp_dup44138__L2a_dup149088	0.5193689123376624	1.0	1.0	0.0	0.7537642045454546	0.8818181818181818	0.0	0.0
AluSp_dup48962__MIRb_dup217880		AluSp_dup48962__MIRb_dup217880	0.4251454274891774	1.0	1.0	0.0	0.6875710227272727	0.2884469696969697	0.0	0.0
AluSp_dup5161__AluJb_dup17762		AluSp_dup5161__AluJb_dup17762	0.533989448051948	1.0	1.0	0.0	0.7879261363636364	0.6166666666666666	0.0	0.3333333333333333
AluSp_dup5161__AluSz_dup13499		AluSp_dup5161__AluSz_dup13499	0.4914603625541126	1.0	1.0	0.0	0.5585937500000001	0.5482954545454546	0.0	0.3333333333333333
AluSp_dup5161__L1MC5a_dup2109		AluSp_dup5161__L1MC5a_dup2109	0.4898437499999999	1.0	1.0	0.0	0.3607244318181818	0.2348484848484848	0.5	0.3333333333333333
AluSp_dup8882__AluSx1_dup22280	0.0	AluSp_dup8882__AluSx1_dup22280	0.5099195075757575	1.0	1.0	0.0	0.7578835227272728	0.8115530303030303	0.0	0.0
AluSq10_dup974__AluY_dup54363		AluSq10_dup974__AluY_dup54363	0.3655539772727272	0.5	1.0	0.0	0.6134232954545455	0.4454545454545455	0.0	0.0
AluSq10_dup974__AluYf1_dup977		AluSq10_dup974__AluYf1_dup977	0.3848011363636363	0.5	1.0	0.0	0.7026988636363637	0.4909090909090909	0.0	0.0
AluSq2_dup12378__LTR8_dup553		AluSq2_dup12378__LTR8_dup553	0.4660579004329004	1.0	1.0	0.0	0.5008522727272727	0.7615530303030303	0.0	0.0
AluSq2_dup17760__Penelope1_Vert_dup343		AluSq2_dup17760__Penelope1_Vert_dup343	0.3147625811688311	1.0	0.0	0.0	0.4226562499999999	0.2806818181818182	0.5	0.0
AluSq2_dup18529__MIRb_dup76285		AluSq2_dup18529__MIRb_dup76285	0.397368777056277	0.5	1.0	0.0	0.4603693181818182	0.3212121212121212	0.5	0.0
AluSq2_dup22243__LTR1_dup85		AluSq2_dup22243__LTR1_dup85	0.4800459956709956	1.0	1.0	0.0	0.6803977272727273	0.6799242424242425	0.0	0.0
AluSq2_dup26664__MIR_dup85920		AluSq2_dup26664__MIR_dup85920	0.4646272997835497	1.0	1.0	0.0	0.5328835227272727	0.3861742424242425	0.0	0.3333333333333333
AluSq2_dup27147__AluSx1_dup47689		AluSq2_dup27147__AluSx1_dup47689	0.2321732954545454	0.5	0.0	0.0	0.6837357954545455	0.4414772727272727	0.0	0.0
AluSq2_dup27147__L2c_dup69283		AluSq2_dup27147__L2c_dup69283	0.3535646645021645	0.5	1.0	0.0	0.4899147727272727	0.4850378787878788	0.0	0.0
AluSq2_dup27147__L2c_dup69284		AluSq2_dup27147__L2c_dup69284	0.3910308441558441	0.5	1.0	0.0	0.7298295454545455	0.5073863636363637	0.0	0.0
AluSq2_dup27147__MER53_dup2765		AluSq2_dup27147__MER53_dup2765	0.3066862824675325	0.5	1.0	0.0	0.3985085227272728	0.2482954545454545	0.0	0.0
AluSq2_dup27147__MER5A1_dup7650		AluSq2_dup27147__MER5A1_dup7650	0.4189664502164502	0.5	1.0	0.0	0.7761363636363637	0.6566287878787879	0.0	0.0
AluSq2_dup27147__MER5A_dup17039		AluSq2_dup27147__MER5A_dup17039	0.364941829004329	0.5	1.0	0.0	0.4606534090909091	0.593939393939394	0.0	0.0
AluSq2_dup32050__MIR3_dup51048		AluSq2_dup32050__MIR3_dup51048	0.2027800324675324	0.5	0.0	0.0	0.5728693181818182	0.3465909090909091	0.0	0.0
AluSq2_dup32050__MSTB_dup4995		AluSq2_dup32050__MSTB_dup4995	0.191994724025974	0.5	0.0	0.0	0.4200994318181818	0.4238636363636363	0.0	0.0
AluSq2_dup34438__HAL1_dup14970		AluSq2_dup34438__HAL1_dup14970	0.2730113636363636	0.5	0.0	0.0	0.4713068181818182	0.4397727272727272	0.5	0.0
AluSq2_dup35070__L1ME4b_dup12728		AluSq2_dup35070__L1ME4b_dup12728	0.5030066287878787	1.0	1.0	0.0	0.754190340909091	0.7668560606060607	0.0	0.0
AluSq2_dup36250__AluJr4_dup12552		AluSq2_dup36250__AluJr4_dup12552	0.4345441017316017	0.5	1.0	0.0	0.7484375	0.7933712121212121	0.0	0.0
AluSq2_dup37646__AluSz_dup65689		AluSq2_dup37646__AluSz_dup65689	0.5129362824675324	1.0	1.0	0.0	0.6354403409090909	0.4551136363636363	0.5	0.0
AluSq2_dup37646__MIR3_dup60222		AluSq2_dup37646__MIR3_dup60222	0.4904119318181817	1.0	1.0	0.0	0.5772017045454546	0.3556818181818181	0.5	0.0
AluSq2_dup38852__AluSg_dup22428		AluSq2_dup38852__AluSg_dup22428	0.4064326298701299	0.5	1.0	0.0	0.7109375	0.6340909090909091	0.0	0.0
AluSq2_dup41555__L2b_dup71853		AluSq2_dup41555__L2b_dup71853	0.5420183982683983	1.0	1.0	0.0	0.5363636363636364	0.7577651515151516	0.5	0.0
AluSq2_dup41991__AluSc_dup24384		AluSq2_dup41991__AluSc_dup24384	0.4485524891774891	1.0	1.0	0.0	0.6957386363636364	0.4441287878787879	0.0	0.0
AluSq2_dup42934__L2a_dup133527		AluSq2_dup42934__L2a_dup133527	0.2258455086580086	0.5	0.0	0.0	0.4345170454545455	0.1464015151515151	0.5	0.0
AluSq2_dup52945__AluJo_dup67752		AluSq2_dup52945__AluJo_dup67752	0.3980857683982683	0.5	1.0	0.0	0.5805397727272728	0.706060606060606	0.0	0.0
AluSq2_dup52945__AluSx1_dup100821		AluSq2_dup52945__AluSx1_dup100821	0.3920758928571428	0.5	1.0	0.0	0.6933948863636363	0.5511363636363636	0.0	0.0
AluSq2_dup52945__L2c_dup123226		AluSq2_dup52945__L2c_dup123226	0.3139441287878787	0.5	1.0	0.0	0.5233664772727272	0.1742424242424242	0.0	0.0
AluSq2_dup52945__MIRc_dup88849		AluSq2_dup52945__MIRc_dup88849	0.3295251623376622	0.5	1.0	0.0	0.5805397727272728	0.2261363636363636	0.0	0.0
AluSq2_dup55010__MER34A_dup1317		AluSq2_dup55010__MER34A_dup1317	0.331158685064935	1.0	0.0	0.0	0.4652698863636364	0.3528409090909091	0.5	0.0
AluSq2_dup56430__L2c_dup127652		AluSq2_dup56430__L2c_dup127652	0.5753111471861471	1.0	1.0	0.0	0.6446022727272727	0.8825757575757575	0.5	0.0
AluSq2_dup59690__Kanga1_dup786		AluSq2_dup59690__Kanga1_dup786	0.2376454274891774	1.0	0.0	0.0	0.4989346590909091	0.1645833333333333	0.0	0.0
AluSq2_dup59690__MIRc_dup95117		AluSq2_dup59690__MIRc_dup95117	0.3808475378787879	1.0	1.0	0.0	0.3672585227272728	0.2986742424242424	0.0	0.0
AluSq2_dup7504__AluSc8_dup3494		AluSq2_dup7504__AluSc8_dup3494	0.4733089826839826	1.0	1.0	0.0	0.7335227272727273	0.5796401515151515	0.0	0.0
AluSq2_dup9704__AluSc_dup4202		AluSq2_dup9704__AluSc_dup4202	0.46426204004329	1.0	1.0	0.0	0.6803267045454546	0.5695075757575757	0.0	0.0
AluSq2_dup9704__L1ME3G_dup1865		AluSq2_dup9704__L1ME3G_dup1865	0.41289908008658	1.0	1.0	0.0	0.4677556818181818	0.4225378787878788	0.0	0.0
AluSq_dup13527__L1MB7_dup17101		AluSq_dup13527__L1MB7_dup17101	0.4992593344155844	1.0	1.0	0.0	0.6925426136363637	0.8022727272727272	0.0	0.0
AluSq_dup13527__MER74B_dup733		AluSq_dup13527__MER74B_dup733	0.4751792478354978	1.0	1.0	0.0	0.5703835227272728	0.7558712121212121	0.0	0.0
AluSq_dup17117__FLAM_C_dup22079		AluSq_dup17117__FLAM_C_dup22079	0.4296198593073593	0.5	1.0	0.0	0.8615056818181818	0.6458333333333334	0.0	0.0
AluSq_dup18308__AluSx1_dup110955		AluSq_dup18308__AluSx1_dup110955	0.3725716991341992	1.0	0.0	0.0	0.8274147727272728	0.7805871212121213	0.0	0.0
AluSq_dup18308__AluY_dup100463		AluSq_dup18308__AluY_dup100463	0.3430634469696969	1.0	0.0	0.0	0.7155539772727273	0.6858901515151515	0.0	0.0
AluSq_dup18766__AluSx1_dup115690		AluSq_dup18766__AluSx1_dup115690	0.3730992965367965	1.0	0.0	0.0	0.8311079545454546	0.7805871212121213	0.0	0.0
AluSq_dup18766__AluY_dup104417		AluSq_dup18766__AluY_dup104417	0.3432257846320346	1.0	0.0	0.0	0.716690340909091	0.6858901515151515	0.0	0.0
AluSq_dup8525__L2_dup28941	0.0	AluSq_dup8525__L2_dup28941	0.4531047077922077	1.0	1.0	0.0	0.5603693181818182	0.6113636363636363	0.0	0.0
AluSq_dup8525__L2a_dup84919		AluSq_dup8525__L2a_dup84919	0.520407196969697	1.0	1.0	0.0	0.7390625000000001	0.9037878787878788	0.0	0.0
AluSq_dup9995__AluJo_dup39190		AluSq_dup9995__AluJo_dup39190	0.5158820346320346	1.0	1.0	0.0	0.8068181818181819	0.8043560606060606	0.0	0.0
AluSx1_dup102706__L1MA4A_dup5221		AluSx1_dup102706__L1MA4A_dup5221	0.4844899891774891	1.0	1.0	0.0	0.4507102272727273	0.940719696969697	0.0	0.0
AluSx1_dup1050__LTR16D1_dup15		AluSx1_dup1050__LTR16D1_dup15	0.1989515692640692	0.5	0.0	0.0	0.5737215909090909	0.3189393939393939	0.0	0.0
AluSx1_dup1050__MIR3_dup4976		AluSx1_dup1050__MIR3_dup4976	0.3043492965367965	1.0	0.0	0.0	0.6961647727272727	0.434280303030303	0.0	0.0
AluSx1_dup10605__AluJb_dup17762		AluSx1_dup10605__AluJb_dup17762	0.508688446969697	1.0	1.0	0.0	0.8161221590909091	0.4113636363636364	0.0	0.3333333333333333
AluSx1_dup10605__AluSz_dup13499		AluSx1_dup10605__AluSz_dup13499	0.4847402597402597	1.0	1.0	0.0	0.6119318181818182	0.4479166666666667	0.0	0.3333333333333333
AluSx1_dup10605__L1MC5a_dup2109		AluSx1_dup10605__L1MC5a_dup2109	0.5499425054112554	1.0	1.0	0.0	0.5253551136363637	0.4909090909090909	0.5	0.3333333333333333
AluSx1_dup107908__AluJr_dup79252		AluSx1_dup107908__AluJr_dup79252	0.2595035173160173	0.5	0.0	0.0	0.6589488636363636	0.6575757575757576	0.0	0.0
AluSx1_dup113314__AluSx1_dup110955		AluSx1_dup113314__AluSx1_dup110955	0.3285071699134199	1.0	0.0	0.0	0.7183948863636365	0.581155303030303	0.0	0.0
AluSx1_dup116191__AluSx1_dup115690		AluSx1_dup116191__AluSx1_dup115690	0.330861066017316	1.0	0.0	0.0	0.7348721590909091	0.581155303030303	0.0	0.0
AluSx1_dup116191__AluY_dup104417		AluSx1_dup116191__AluY_dup104417	0.3619588744588744	1.0	0.0	0.0	0.8122159090909092	0.7214962121212122	0.0	0.0
AluSx1_dup118198__LTR12C_dup2690		AluSx1_dup118198__LTR12C_dup2690	0.4848958333333333	1.0	1.0	0.0	0.6211647727272727	0.7731060606060606	0.0	0.0
AluSx1_dup20056__MER20_dup3696		AluSx1_dup20056__MER20_dup3696	0.4886465097402597	1.0	1.0	0.0	0.5909801136363637	0.3295454545454545	0.5	0.0
AluSx1_dup22280__L2_dup10473	0.0	AluSx1_dup22280__L2_dup10473	0.344047619047619	1.0	0.0	0.0	0.7170454545454545	0.6912878787878789	0.0	0.0
AluSx1_dup24259__L1ME3C_dup839		AluSx1_dup24259__L1ME3C_dup839	0.5094426406926407	1.0	1.0	0.0	0.5738636363636365	0.4922348484848484	0.5	0.0
AluSx1_dup24259__L2c_dup40205		AluSx1_dup24259__L2c_dup40205	0.4910849567099566	1.0	1.0	0.0	0.6803977272727274	0.2571969696969697	0.5	0.0
AluSx1_dup24259__MER74A_dup428		AluSx1_dup24259__MER74A_dup428	0.510261093073593	1.0	1.0	0.0	0.5509943181818182	0.5208333333333334	0.5	0.0
AluSx1_dup28446__AluJr_dup20909		AluSx1_dup28446__AluJr_dup20909	0.4057629870129869	0.5	1.0	0.0	0.703409090909091	0.6369318181818182	0.0	0.0
AluSx1_dup28446__AluJr_dup20910		AluSx1_dup28446__AluJr_dup20910	0.388575487012987	0.5	1.0	0.0	0.5473011363636364	0.6727272727272727	0.0	0.0
AluSx1_dup28446__AluSx1_dup28447	0.0	AluSx1_dup28446__AluSx1_dup28447	0.3900094696969697	0.5	1.0	0.0	0.5609375	0.669128787878788	0.0	0.0
AluSx1_dup28446__AluSz6_dup12542		AluSx1_dup28446__AluSz6_dup12542	0.4270156926406926	0.5	1.0	0.0	0.6767045454545455	0.8124053030303031	0.0	0.0
AluSx1_dup29829__MER58B_dup2208		AluSx1_dup29829__MER58B_dup2208	0.1940983495670995	1.0	0.0	0.0	0.189559659090909	0.1691287878787878	0.0	0.0
AluSx1_dup29830__MER58B_dup2208		AluSx1_dup29830__MER58B_dup2208	0.2088609307359307	1.0	0.0	0.0	0.3548295454545455	0.1071969696969697	0.0	0.0
AluSx1_dup30221__AluSx1_dup32903		AluSx1_dup30221__AluSx1_dup32903	0.5515489718614718	1.0	1.0	0.0	0.6987215909090909	0.6621212121212121	0.5	0.0
AluSx1_dup30221__L2a_dup59926		AluSx1_dup30221__L2a_dup59926	0.5267383658008657	1.0	1.0	0.0	0.4674715909090909	0.7196969696969697	0.5	0.0
AluSx1_dup45650__AluSz_dup40929		AluSx1_dup45650__AluSz_dup40929	0.2591112012987013	0.5	0.0	0.0	0.7171875	0.5965909090909091	0.0	0.0
AluSx1_dup4763__AluSq2_dup50		AluSx1_dup4763__AluSq2_dup50	0.3579816017316017	1.0	0.0	0.0	0.8295454545454545	0.6763257575757575	0.0	0.0
AluSx1_dup47689__AluSg_dup16409		AluSx1_dup47689__AluSg_dup16409	0.2448254870129869	0.5	0.0	0.0	0.7507102272727272	0.4630681818181818	0.0	0.0
AluSx1_dup47689__MER5A1_dup7650		AluSx1_dup47689__MER5A1_dup7650	0.441118777056277	1.0	1.0	0.0	0.7223011363636365	0.365530303030303	0.0	0.0
AluSx1_dup47689__MER5A_dup17039		AluSx1_dup47689__MER5A_dup17039	0.3986945346320346	1.0	1.0	0.0	0.5007102272727273	0.2901515151515151	0.0	0.0
AluSx1_dup50309__AluSz_dup45156		AluSx1_dup50309__AluSz_dup45156	0.4459449404761905	0.5	1.0	0.0	0.7990767045454545	0.8225378787878789	0.0	0.0
AluSx1_dup50309__MLT1L_dup5955		AluSx1_dup50309__MLT1L_dup5955	0.441314935064935	0.5	1.0	0.0	0.7693181818181818	0.8198863636363636	0.0	0.0
AluSx1_dup54416__MIRc_dup54965		AluSx1_dup54416__MIRc_dup54965	0.3771983225108225	0.5	1.0	0.0	0.6759943181818182	0.4643939393939394	0.0	0.0
AluSx1_dup6348__LTR5_Hs_dup9		AluSx1_dup6348__LTR5_Hs_dup9	0.4178030303030303	0.5	1.0	0.0	0.6613636363636364	0.7632575757575758	0.0	0.0
AluSx1_dup63829__HAL1_dup14970		AluSx1_dup63829__HAL1_dup14970	0.2853016774891774	0.5	0.0	0.0	0.3893465909090909	0.6077651515151515	0.5	0.0
AluSx1_dup63831__HAL1_dup14970		AluSx1_dup63831__HAL1_dup14970	0.2376758658008657	0.5	0.0	0.0	0.3406249999999999	0.3231060606060605	0.5	0.0
AluSx1_dup65202__THE1B_dup14283		AluSx1_dup65202__THE1B_dup14283	0.4205965909090909	0.5	1.0	0.0	0.7419034090909091	0.7022727272727273	0.0	0.0
AluSx1_dup66288__LOR1a_dup522		AluSx1_dup66288__LOR1a_dup522	0.4576264880952381	1.0	1.0	0.0	0.7571732954545455	0.4462121212121212	0.0	0.0
AluSx1_dup66761__AluJb_dup71691		AluSx1_dup66761__AluJb_dup71691	0.4384232954545454	0.5	1.0	0.0	0.8110085227272728	0.7579545454545453	0.0	0.0
AluSx1_dup69953__MIR_dup121349		AluSx1_dup69953__MIR_dup121349	0.2465976731601731	0.5	0.0	0.0	0.6526988636363638	0.5734848484848484	0.0	0.0
AluSx1_dup69989__MIR3_dup60222		AluSx1_dup69989__MIR3_dup60222	0.4020900974025974	1.0	0.0	0.0	0.817471590909091	0.4971590909090909	0.5	0.0
AluSx1_dup69990__AluSz_dup65689		AluSx1_dup69990__AluSz_dup65689	0.5256256764069264	1.0	1.0	0.0	0.6223721590909091	0.5570075757575758	0.5	0.0
AluSx1_dup69990__MIR3_dup60222		AluSx1_dup69990__MIR3_dup60222	0.4488771645021644	1.0	1.0	0.0	0.4133522727272727	0.2287878787878787	0.5	0.0
AluSx1_dup7295__AluJo_dup5355		AluSx1_dup7295__AluJo_dup5355	0.383796672077922	0.5	1.0	0.0	0.7223721590909091	0.4642045454545454	0.0	0.0
AluSx1_dup7295__AluSz_dup6920		AluSx1_dup7295__AluSz_dup6920	0.3976461038961039	0.5	1.0	0.0	0.6454545454545455	0.6380681818181818	0.0	0.0
AluSx1_dup7295__L2c_dup11875		AluSx1_dup7295__L2c_dup11875	0.3479132846320346	0.5	1.0	0.0	0.5145596590909092	0.4208333333333334	0.0	0.0
AluSx1_dup7296__L2c_dup11875		AluSx1_dup7296__L2c_dup11875	0.3397050865800866	0.5	1.0	0.0	0.374715909090909	0.503219696969697	0.0	0.0
AluSx1_dup77520__AluSc8_dup14696		AluSx1_dup77520__AluSc8_dup14696	0.4995603354978354	1.0	1.0	0.0	0.7120738636363637	0.7848484848484848	0.0	0.0
AluSx1_dup77907__AluJb_dup85324		AluSx1_dup77907__AluJb_dup85324	0.4236066017316017	1.0	1.0	0.0	0.6241477272727273	0.3410984848484849	0.0	0.0
AluSx1_dup77907__MER21C_dup3911		AluSx1_dup77907__MER21C_dup3911	0.4780911796536796	1.0	1.0	0.0	0.5873579545454546	0.759280303030303	0.0	0.0
AluSx1_dup77907__MER21C_dup3912		AluSx1_dup77907__MER21C_dup3912	0.4037844967532467	1.0	1.0	0.0	0.41796875	0.4085227272727272	0.0	0.0
AluSx1_dup77913__AluSx3_dup21788		AluSx1_dup77913__AluSx3_dup21788	0.5151988636363636	0.5	1.0	0.0	0.7654829545454546	0.8409090909090908	0.5	0.0
AluSx1_dup78097__FLAM_A_dup10181		AluSx1_dup78097__FLAM_A_dup10181	0.3627874729437229	0.5	1.0	0.0	0.5283380681818182	0.5111742424242424	0.0	0.0
AluSx1_dup78097__MER58A_dup9277		AluSx1_dup78097__MER58A_dup9277	0.3849803841991341	0.5	1.0	0.0	0.3719460227272727	0.3229166666666667	0.5	0.0
AluSx1_dup80674__L2c_dup112060		AluSx1_dup80674__L2c_dup112060	0.5284462932900432	1.0	1.0	0.0	0.7199573863636364	0.9791666666666666	0.0	0.0
AluSx1_dup80712__AluSq10_dup1460		AluSx1_dup80712__AluSq10_dup1460	0.3551204004329004	0.5	1.0	0.0	0.6180397727272727	0.3678030303030303	0.0	0.0
AluSx1_dup8096__L1PA7_dup702		AluSx1_dup8096__L1PA7_dup702	0.3843547077922077	0.5	1.0	0.0	0.5052556818181818	0.6852272727272727	0.0	0.0
AluSx1_dup8096__MER1A_dup172		AluSx1_dup8096__MER1A_dup172	0.3330458603896103	0.5	1.0	0.0	0.6051846590909091	0.2261363636363636	0.0	0.0
AluSx1_dup8152__AluJo_dup2425		AluSx1_dup8152__AluJo_dup2425	0.4255242153679653	0.5	1.0	0.0	0.8563210227272727	0.6223484848484848	0.0	0.0
AluSx1_dup8152__AluSg7_dup261		AluSx1_dup8152__AluSg7_dup261	0.3843513257575757	0.5	1.0	0.0	0.6919744318181819	0.4984848484848485	0.0	0.0
AluSx1_dup8153__AluSg7_dup261		AluSx1_dup8153__AluSg7_dup261	0.3995400432900433	0.5	1.0	0.0	0.7181818181818181	0.5785984848484849	0.0	0.0
AluSx1_dup85814__Charlie24_dup1158		AluSx1_dup85814__Charlie24_dup1158	0.3585531655844156	0.5	1.0	0.0	0.6058948863636364	0.4039772727272727	0.0	0.0
AluSx1_dup86782__AluJr_dup64668		AluSx1_dup86782__AluJr_dup64668	0.243171672077922	0.5	0.0	0.0	0.6681107954545455	0.5340909090909091	0.0	0.0
AluSx1_dup86782__AluSx_dup87532		AluSx1_dup86782__AluSx_dup87532	0.2293729707792207	0.5	0.0	0.0	0.7397017045454546	0.3659090909090909	0.0	0.0
AluSx1_dup86782__MER58A_dup10447		AluSx1_dup86782__MER58A_dup10447	0.2122463474025974	0.5	0.0	0.0	0.48515625	0.5005681818181819	0.0	0.0
AluSx1_dup86782__MamRep137_dup1947		AluSx1_dup86782__MamRep137_dup1947	0.1903172348484848	0.5	0.0	0.0	0.3399857954545454	0.4922348484848484	0.0	0.0
AluSx1_dup87108__AluSz6_dup35891		AluSx1_dup87108__AluSz6_dup35891	0.3750845508658008	0.5	1.0	0.0	0.64453125	0.4810606060606061	0.0	0.0
AluSx1_dup87168__AluSz6_dup35911		AluSx1_dup87168__AluSz6_dup35911	0.4490969967532467	1.0	1.0	0.0	0.6669744318181818	0.4767045454545455	0.0	0.0
AluSx1_dup87240__AluSx1_dup87241		AluSx1_dup87240__AluSx1_dup87241	0.3913284632034632	0.5	1.0	0.0	0.6113636363636364	0.627935606060606	0.0	0.0
AluSx1_dup88868__AluY_dup85118		AluSx1_dup88868__AluY_dup85118	0.4497395833333333	0.5	1.0	0.0	0.8602982954545455	0.787878787878788	0.0	0.0
AluSx1_dup89230__L1MEg_dup12399		AluSx1_dup89230__L1MEg_dup12399	0.3751657196969696	0.5	1.0	0.0	0.47578125	0.6503787878787879	0.0	0.0
AluSx1_dup89792__AluSz6_dup39103		AluSx1_dup89792__AluSz6_dup39103	0.2611268939393939	0.5	0.0	0.0	0.6191761363636364	0.7087121212121211	0.0	0.0
AluSx1_dup92683__L1ME2z_dup5714		AluSx1_dup92683__L1ME2z_dup5714	0.3772591991341991	0.5	1.0	0.0	0.6071022727272727	0.5337121212121212	0.0	0.0
AluSx1_dup99424__L1P1_dup2683		AluSx1_dup99424__L1P1_dup2683	0.4341112012987012	1.0	1.0	0.0	0.4296875	0.609090909090909	0.0	0.0
AluSx3_dup1452__AluSz_dup28		AluSx3_dup1452__AluSz_dup28	0.4131797889610389	1.0	1.0	0.0	0.597940340909091	0.2943181818181818	0.0	0.0
AluSx3_dup18661__THE1B_dup14283		AluSx3_dup18661__THE1B_dup14283	0.3839420995670995	0.5	1.0	0.0	0.7281250000000001	0.459469696969697	0.0	0.0
AluSx3_dup22644__AluSq_dup12859		AluSx3_dup22644__AluSq_dup12859	0.3409767316017316	0.5	1.0	0.0	0.6974431818181819	0.1893939393939393	0.0	0.0
AluSx3_dup24308__Charlie24_dup1158		AluSx3_dup24308__Charlie24_dup1158	0.3403206168831169	0.5	1.0	0.0	0.3907670454545454	0.4914772727272727	0.0	0.0
AluSx3_dup24308__Charlie24_dup1159		AluSx3_dup24308__Charlie24_dup1159	0.3001082251082251	0.5	1.0	0.0	0.4380681818181818	0.1626893939393939	0.0	0.0
AluSx3_dup2450__AluSg7_dup261		AluSx3_dup2450__AluSg7_dup261	0.3728084415584415	0.5	1.0	0.0	0.6818181818181819	0.427840909090909	0.0	0.0
AluSx3_dup24952__MIRb_dup187199		AluSx3_dup24952__MIRb_dup187199	0.504197104978355	1.0	1.0	0.0	0.7610085227272728	0.7683712121212122	0.0	0.0
AluSx3_dup921__AluJo_dup5647		AluSx3_dup921__AluJo_dup5647	0.3968005952380952	0.5	1.0	0.0	0.7285511363636364	0.5490530303030302	0.0	0.0
AluSx3_dup921__MIRc_dup8458		AluSx3_dup921__MIRc_dup8458	0.3911931818181818	0.5	1.0	0.0	0.7480113636363637	0.490340909090909	0.0	0.0
AluSx4_dup1559__AluSx_dup15657		AluSx4_dup1559__AluSx_dup15657	0.5087662337662338	0.5	1.0	0.0	0.8403409090909091	0.7210227272727273	0.5	0.0
AluSx4_dup6086__AluJb_dup69115		AluSx4_dup6086__AluJb_dup69115	0.4247023809523809	0.5	1.0	0.0	0.8420454545454547	0.6308712121212121	0.0	0.0
AluSx4_dup8060__AluJb_dup90478		AluSx4_dup8060__AluJb_dup90478	0.4944703733766233	1.0	1.0	0.0	0.8209517045454546	0.6403409090909091	0.0	0.0
AluSx4_dup8060__AluY_dup76353		AluSx4_dup8060__AluY_dup76353	0.5207352543290042	1.0	1.0	0.0	0.8262073863636363	0.8189393939393939	0.0	0.0
AluSx4_dup8745__MER21A_dup1632		AluSx4_dup8745__MER21A_dup1632	0.4451941287878788	1.0	1.0	0.0	0.58984375	0.5265151515151515	0.0	0.0
AluSx4_dup9250__AluSz_dup85933		AluSx4_dup9250__AluSz_dup85933	0.5316693722943723	0.5	1.0	0.0	0.8644886363636364	0.8571969696969696	0.5	0.0
AluSx4_dup9250__L1ME4a_dup29833		AluSx4_dup9250__L1ME4a_dup29833	0.3117458062770562	0.5	1.0	0.0	0.4308948863636364	0.2513257575757575	0.0	0.0
AluSx4_dup9250__LTR40b_dup1008		AluSx4_dup9250__LTR40b_dup1008	0.3247023809523809	0.5	1.0	0.0	0.5494318181818182	0.2234848484848484	0.0	0.0
AluSx4_dup9250__LTR40b_dup1010		AluSx4_dup9250__LTR40b_dup1010	0.3964995941558441	0.5	1.0	0.0	0.6010653409090909	0.6744318181818182	0.0	0.0
AluSx4_dup93__LTR16D1_dup15		AluSx4_dup93__LTR16D1_dup15	0.2244318181818181	0.5	0.0	0.0	0.6494318181818183	0.421590909090909	0.0	0.0
AluSx_dup100971__AluSq_dup16309		AluSx_dup100971__AluSq_dup16309	0.4499932359307358	0.5	1.0	0.0	0.8353693181818183	0.8145833333333333	0.0	0.0
AluSx_dup102424__L1PA6_dup5059		AluSx_dup102424__L1PA6_dup5059	0.3525500541125541	0.5	1.0	0.0	0.4720170454545455	0.4958333333333333	0.0	0.0
AluSx_dup104090__L1MA5_dup3850		AluSx_dup104090__L1MA5_dup3850	0.2728591720779221	0.5	0.0	0.0	0.5850142045454546	0.8250000000000001	0.0	0.0
AluSx_dup110900__AluSz_dup97667	0.0	AluSx_dup110900__AluSz_dup97667	0.4305668290043289	0.5	1.0	0.0	0.8569602272727272	0.6570075757575756	0.0	0.0
AluSx_dup110900__L2b_dup91829	0.0	AluSx_dup110900__L2b_dup91829	0.2919372294372294	0.5	1.0	0.0	0.353125	0.190435606060606	0.0	0.0
AluSx_dup110900__MIR_dup164433		AluSx_dup110900__MIR_dup164433	0.4484172077922077	0.5	1.0	0.0	0.5684659090909091	0.5704545454545454	0.5	0.0
AluSx_dup113584__AluSx1_dup110955		AluSx_dup113584__AluSx1_dup110955	0.3620400432900432	1.0	0.0	0.0	0.7713068181818181	0.7629734848484849	0.0	0.0
AluSx_dup113936__AluY_dup102683		AluSx_dup113936__AluY_dup102683	0.248241341991342	0.5	0.0	0.0	0.7818181818181819	0.4558712121212121	0.0	0.0
AluSx_dup113936__MER70A_dup520		AluSx_dup113936__MER70A_dup520	0.2729031385281385	0.5	0.0	0.0	0.740625	0.6696969696969698	0.0	0.0
AluSx_dup115516__AluY_dup101997		AluSx_dup115516__AluY_dup101997	0.3532332251082251	1.0	0.0	0.0	0.8247159090909091	0.6479166666666667	0.0	0.0
AluSx_dup116401__AluSx1_dup115690		AluSx_dup116401__AluSx1_dup115690	0.3578801406926407	1.0	0.0	0.0	0.7421875	0.7629734848484849	0.0	0.0
AluSx_dup116401__AluY_dup104417		AluSx_dup116401__AluY_dup104417	0.3207386363636363	1.0	0.0	0.0	0.6795454545454546	0.5656249999999999	0.0	0.0
AluSx_dup17213__CR1_Mam_dup250		AluSx_dup17213__CR1_Mam_dup250	0.1908414502164502	0.5	0.0	0.0	0.5928977272727273	0.2429924242424242	0.0	0.0
AluSx_dup17213__HERV16-int_dup243		AluSx_dup17213__HERV16-int_dup243	0.2843411796536796	0.5	0.0	0.0	0.6504261363636363	0.8399621212121212	0.0	0.0
AluSx_dup17213__LTR16A_dup561		AluSx_dup17213__LTR16A_dup561	0.2943655303030303	0.5	0.0	0.0	0.7365056818181818	0.8240530303030303	0.0	0.0
AluSx_dup19905__AluSp_dup10403		AluSx_dup19905__AluSp_dup10403	0.434865395021645	1.0	0.0	0.0	0.7181107954545455	0.659280303030303	0.0	0.6666666666666666
AluSx_dup20456__MIRb_dup52226		AluSx_dup20456__MIRb_dup52226	0.3607345779220779	1.0	1.0	0.0	0.4603693181818182	0.0647727272727272	0.0	0.0
AluSx_dup21991__L2a_dup35882		AluSx_dup21991__L2a_dup35882	0.2870468073593074	0.5	0.0	0.0	0.6083806818181818	0.9009469696969696	0.0	0.0
AluSx_dup21991__LTR16A1_dup538		AluSx_dup21991__LTR16A1_dup538	0.2630681818181818	0.5	0.0	0.0	0.7948863636363637	0.546590909090909	0.0	0.0
AluSx_dup23337__L1PB4_dup1092		AluSx_dup23337__L1PB4_dup1092	0.2373714826839826	0.5	0.0	0.0	0.5242897727272728	0.6373106060606061	0.0	0.0
AluSx_dup23337__OldhAT1_dup988		AluSx_dup23337__OldhAT1_dup988	0.1620468073593073	0.5	0.0	0.0	0.4373579545454545	0.1969696969696969	0.0	0.0
AluSx_dup23496__AluSx1_dup19572		AluSx_dup23496__AluSx1_dup19572	0.5673329274891774	1.0	1.0	0.0	0.6868607954545455	0.784469696969697	0.5	0.0
AluSx_dup23496__MER4D1_dup235		AluSx_dup23496__MER4D1_dup235	0.5755073051948052	1.0	1.0	0.0	0.6103693181818182	0.918181818181818	0.5	0.0
AluSx_dup23496__MIRc_dup20438		AluSx_dup23496__MIRc_dup20438	0.4972368777056277	1.0	1.0	0.0	0.4855823863636364	0.4950757575757576	0.5	0.0
AluSx_dup25929__Charlie4z_dup1623		AluSx_dup25929__Charlie4z_dup1623	0.5120907738095237	1.0	1.0	0.0	0.6088778409090909	0.4757575757575757	0.5	0.0
AluSx_dup26982__AluSz_dup26402		AluSx_dup26982__AluSz_dup26402	0.5876893939393939	1.0	1.0	0.0	0.7096590909090909	0.2374999999999999	0.5	0.6666666666666666
AluSx_dup28837__L1M5_dup13404		AluSx_dup28837__L1M5_dup13404	0.3080965909090909	1.0	0.0	0.0	0.5225852272727273	0.634090909090909	0.0	0.0
AluSx_dup32457__AluSp_dup16075		AluSx_dup32457__AluSp_dup16075	0.5184760551948051	1.0	1.0	0.0	0.8719460227272728	0.7573863636363636	0.0	0.0
AluSx_dup32457__AluYc3_dup178		AluSx_dup32457__AluYc3_dup178	0.2439360119047618	0.5	0.0	0.0	0.6816051136363637	0.5259469696969696	0.0	0.0
AluSx_dup33013__Penelope1_Vert_dup343		AluSx_dup33013__Penelope1_Vert_dup343	0.2923227813852814	1.0	0.0	0.0	0.4794034090909091	0.0668560606060606	0.5	0.0
AluSx_dup3556__AluSg_dup2866		AluSx_dup3556__AluSg_dup2866	0.4107954545454545	0.5	1.0	0.0	0.7443181818181819	0.63125	0.0	0.0
AluSx_dup3556__AluSx1_dup8153		AluSx_dup3556__AluSx1_dup8153	0.3281892586580086	0.5	1.0	0.0	0.5793323863636364	0.2179924242424242	0.0	0.0
AluSx_dup35955__L2b_dup37064		AluSx_dup35955__L2b_dup37064	0.39941829004329	0.5	1.0	0.0	0.7644886363636364	0.5314393939393939	0.0	0.0
AluSx_dup38579__L1MC4_dup8745		AluSx_dup38579__L1MC4_dup8745	0.2452922077922077	1.0	0.0	0.0	0.359090909090909	0.3579545454545454	0.0	0.0
AluSx_dup44395__L4_C_Mam_dup2371		AluSx_dup44395__L4_C_Mam_dup2371	0.3928436147186147	0.5	1.0	0.0	0.6792613636363637	0.5706439393939394	0.0	0.0
AluSx_dup44395__MER41A_dup976		AluSx_dup44395__MER41A_dup976	0.3420589826839826	0.5	1.0	0.0	0.5928977272727273	0.3015151515151515	0.0	0.0
AluSx_dup44395__MER41A_dup977		AluSx_dup44395__MER41A_dup977	0.3723417207792208	0.5	1.0	0.0	0.6029829545454546	0.5034090909090909	0.0	0.0
AluSx_dup44395__Tigger18a_dup579		AluSx_dup44395__Tigger18a_dup579	0.298728354978355	0.5	0.0	0.0	0.678409090909091	0.412689393939394	0.5	0.0
AluSx_dup4878__MER2_dup700		AluSx_dup4878__MER2_dup700	0.2405979437229437	0.5	0.0	0.0	0.5934659090909091	0.590719696969697	0.0	0.0
AluSx_dup55637__AluJb_dup58891		AluSx_dup55637__AluJb_dup58891	0.4183881222943723	1.0	1.0	0.0	0.5348721590909091	0.393844696969697	0.0	0.0
AluSx_dup55637__AluJb_dup58892		AluSx_dup55637__AluJb_dup58892	0.4717261904761904	1.0	1.0	0.0	0.7170454545454545	0.5850378787878787	0.0	0.0
AluSx_dup55637__L2a_dup89699		AluSx_dup55637__L2a_dup89699	0.402056277056277	1.0	1.0	0.0	0.4380681818181817	0.3763257575757575	0.0	0.0
AluSx_dup55637__MADE1_dup4253		AluSx_dup55637__MADE1_dup4253	0.2146340638528138	1.0	0.0	0.0	0.4441051136363637	0.0583333333333333	0.0	0.0
AluSx_dup55637__MER5A1_dup8027		AluSx_dup55637__MER5A1_dup8027	0.4142755681818181	1.0	1.0	0.0	0.3573153409090908	0.5426136363636364	0.0	0.0
AluSx_dup57527__AluSp_dup24150	0.0	AluSx_dup57527__AluSp_dup24150	0.4656520562770562	1.0	1.0	0.0	0.7485795454545455	0.5109848484848485	0.0	0.0
AluSx_dup58153__AluJb_dup67047		AluSx_dup58153__AluJb_dup67047	0.3918087121212121	0.5	1.0	0.0	0.7231534090909091	0.5195075757575758	0.0	0.0
AluSx_dup58153__AluJo_dup40186		AluSx_dup58153__AluJo_dup40186	0.2609882305194805	0.5	0.0	0.0	0.8019176136363637	0.525	0.0	0.0
AluSx_dup58153__L1MDa_dup3902		AluSx_dup58153__L1MDa_dup3902	0.2101055194805194	0.5	0.0	0.0	0.4548295454545454	0.515909090909091	0.0	0.0
AluSx_dup58153__MIR3_dup49747		AluSx_dup58153__MIR3_dup49747	0.3815273268398268	0.5	1.0	0.0	0.6907670454545456	0.4799242424242424	0.0	0.0
AluSx_dup67031__Charlie15a_dup1846		AluSx_dup67031__Charlie15a_dup1846	0.4312905844155844	0.5	1.0	0.0	0.619034090909091	0.3999999999999999	0.5	0.0
AluSx_dup67031__L2c_dup86171		AluSx_dup67031__L2c_dup86171	0.5112418831168831	0.5	1.0	0.0	0.6480113636363637	0.9306818181818182	0.5	0.0
AluSx_dup67746__AluSx_dup67747		AluSx_dup67746__AluSx_dup67747	0.4212662337662337	0.5	1.0	0.0	0.6977272727272728	0.7511363636363636	0.0	0.0
AluSx_dup67746__LTR5A_dup209		AluSx_dup67746__LTR5A_dup209	0.3734375	0.5	1.0	0.0	0.6930397727272728	0.4210227272727273	0.0	0.0
AluSx_dup67746__Tigger2_dup1853		AluSx_dup67746__Tigger2_dup1853	0.3517789502164501	0.5	1.0	0.0	0.3302556818181818	0.6321969696969697	0.0	0.0
AluSx_dup69853__MIR_dup120030	0.0	AluSx_dup69853__MIR_dup120030	0.4829241071428571	1.0	1.0	0.0	0.5463778409090909	0.334090909090909	0.5	0.0
AluSx_dup70075__AluSq2_dup38852		AluSx_dup70075__AluSq2_dup38852	0.2570109577922078	0.5	0.0	0.0	0.6718039772727273	0.6272727272727273	0.0	0.0
AluSx_dup71805__L2a_dup112551		AluSx_dup71805__L2a_dup112551	0.3655133928571428	0.5	1.0	0.0	0.59609375	0.4624999999999999	0.0	0.0
AluSx_dup71805__MIRb_dup147166		AluSx_dup71805__MIRb_dup147166	0.3260957792207792	0.5	1.0	0.0	0.4275568181818182	0.3551136363636364	0.0	0.0
AluSx_dup71806__AluSc8_dup13293		AluSx_dup71806__AluSc8_dup13293	0.3912642045454545	0.5	1.0	0.0	0.8013494318181819	0.4375	0.0	0.0
AluSx_dup71806__MER5A1_dup10442		AluSx_dup71806__MER5A1_dup10442	0.2076501623376623	0.5	0.0	0.0	0.6694602272727272	0.2840909090909091	0.0	0.0
AluSx_dup72150__AluJr_dup50943		AluSx_dup72150__AluJr_dup50943	0.4022930194805194	0.5	1.0	0.0	0.7393465909090908	0.5767045454545454	0.0	0.0
AluSx_dup78972__MamRTE1_dup7235		AluSx_dup78972__MamRTE1_dup7235	0.1957859848484848	0.5	0.0	0.0	0.548721590909091	0.321780303030303	0.0	0.0
AluSx_dup82745__AluSp_dup36204		AluSx_dup82745__AluSp_dup36204	0.2814258658008658	0.5	0.0	0.0	0.8133522727272728	0.6566287878787879	0.0	0.0
AluSx_dup83470__AluSx4_dup7873		AluSx_dup83470__AluSx4_dup7873	0.5165246212121212	1.0	1.0	0.0	0.8813920454545455	0.734280303030303	0.0	0.0
AluSx_dup83564__AluSc_dup25744		AluSx_dup83564__AluSc_dup25744	0.2567573051948051	0.5	0.0	0.0	0.6973011363636363	0.6	0.0	0.0
AluSx_dup83564__L2c_dup110124		AluSx_dup83564__L2c_dup110124	0.3407501352813852	0.5	1.0	0.0	0.559872159090909	0.3253787878787879	0.0	0.0
AluSx_dup8462__MIR3_dup2756		AluSx_dup8462__MIR3_dup2756	0.4917478354978354	1.0	1.0	0.0	0.7812500000000001	0.6609848484848485	0.0	0.0
AluSx_dup89984__AluSx_dup93139		AluSx_dup89984__AluSx_dup93139	0.4626623376623376	1.0	1.0	0.0	0.75	0.4886363636363637	0.0	0.0
AluSx_dup92696__AluJb_dup102121		AluSx_dup92696__AluJb_dup102121	0.3859104437229437	0.5	1.0	0.0	0.7379261363636365	0.4634469696969696	0.0	0.0
AluSx_dup92696__AluJr_dup68150		AluSx_dup92696__AluJr_dup68150	0.3722876082251082	0.5	1.0	0.0	0.5876420454545455	0.5183712121212122	0.0	0.0
AluSx_dup92696__MIRb_dup187217		AluSx_dup92696__MIRb_dup187217	0.2081337932900432	0.5	0.0	0.0	0.6686789772727273	0.2882575757575757	0.0	0.0
AluSx_dup94522__L2a_dup144256		AluSx_dup94522__L2a_dup144256	0.2881764069264069	0.5	0.0	0.0	0.6409090909090909	0.8763257575757576	0.0	0.0
AluSx_dup96659__AluSz6_dup40311		AluSx_dup96659__AluSz6_dup40311	0.4222402597402597	0.5	1.0	0.0	0.7261363636363636	0.7295454545454545	0.0	0.0
AluSx_dup96820__AluSz_dup85933		AluSx_dup96820__AluSz_dup85933	0.4204613095238095	0.5	1.0	0.0	0.7248579545454547	0.7183712121212121	0.0	0.0
AluSx_dup96820__L1ME4a_dup29833		AluSx_dup96820__L1ME4a_dup29833	0.297666396103896	0.5	1.0	0.0	0.4836647727272727	0.0999999999999999	0.0	0.0
AluSx_dup96820__LTR40b_dup1008		AluSx_dup96820__LTR40b_dup1008	0.3679484577922077	0.5	1.0	0.0	0.6426846590909091	0.4329545454545454	0.0	0.0
AluSx_dup96820__LTR40b_dup1010		AluSx_dup96820__LTR40b_dup1010	0.3287878787878788	0.5	1.0	0.0	0.4107954545454546	0.3907196969696969	0.0	0.0
AluSx_dup96820__MIRc_dup87030		AluSx_dup96820__MIRc_dup87030	0.2943553841991342	0.5	1.0	0.0	0.323934659090909	0.2365530303030303	0.0	0.0
AluSx_dup97247__MLT1J_dup13020		AluSx_dup97247__MLT1J_dup13020	0.2984983766233766	0.5	0.0	0.0	0.7036931818181819	0.8857954545454545	0.0	0.0
AluSx_dup97785__MLT1A_dup7777		AluSx_dup97785__MLT1A_dup7777	0.5220102813852814	1.0	1.0	0.0	0.806534090909091	0.8475378787878788	0.0	0.0
AluSx_dup97785__MLT1C_dup16392		AluSx_dup97785__MLT1C_dup16392	0.3585903679653679	1.0	0.0	0.0	0.7781250000000001	0.7320075757575758	0.0	0.0
AluSz6_dup1216__AluSc_dup2253		AluSz6_dup1216__AluSc_dup2253	0.3972165854978355	0.5	1.0	0.0	0.76953125	0.5109848484848485	0.0	0.0
AluSz6_dup16792__L1MB8_dup5782		AluSz6_dup16792__L1MB8_dup5782	0.3571158008658008	0.5	1.0	0.0	0.4602272727272727	0.5395833333333333	0.0	0.0
AluSz6_dup16799__Charlie4z_dup2296		AluSz6_dup16799__Charlie4z_dup2296	0.2918459145021645	0.5	1.0	0.0	0.237997159090909	0.3049242424242424	0.0	0.0
AluSz6_dup17095__MER113A_dup536		AluSz6_dup17095__MER113A_dup536	0.2656994047619048	1.0	0.0	0.0	0.3214488636363636	0.5384469696969697	0.0	0.0
AluSz6_dup19892__AluYa5_dup1853	1.0	AluSz6_dup19892__AluYa5_dup1853	0.3436011904761905	0.5	1.0	0.0	0.553125	0.3520833333333333	0.0	0.0
AluSz6_dup29826__MER5A_dup23919		AluSz6_dup29826__MER5A_dup23919	0.4161525974025973	1.0	1.0	0.0	0.5198863636363636	0.3931818181818181	0.0	0.0
AluSz6_dup3074__L1PA4_dup103		AluSz6_dup3074__L1PA4_dup103	0.4559117965367965	1.0	1.0	0.0	0.5161931818181819	0.675189393939394	0.0	0.0
AluSz6_dup34197__AluJo_dup55300		AluSz6_dup34197__AluJo_dup55300	0.4677928841991342	1.0	1.0	0.0	0.738565340909091	0.5359848484848485	0.0	0.0
AluSz6_dup34197__AluSx1_dup81942		AluSz6_dup34197__AluSx1_dup81942	0.4670217803030302	1.0	1.0	0.0	0.6610085227272727	0.6081439393939394	0.0	0.0
AluSz6_dup34731__AluSx_dup80646		AluSz6_dup34731__AluSx_dup80646	0.4980688582251082	1.0	1.0	0.0	0.7385653409090909	0.7479166666666667	0.0	0.0
AluSz6_dup34731__L2c_dup108853		AluSz6_dup34731__L2c_dup108853	0.2735626352813852	1.0	0.0	0.0	0.3378551136363636	0.5770833333333334	0.0	0.0
AluSz6_dup34731__L2c_dup108854		AluSz6_dup34731__L2c_dup108854	0.2814867424242424	1.0	0.0	0.0	0.4580965909090909	0.5123106060606061	0.0	0.0
AluSz6_dup3658__AluSg7_dup261		AluSz6_dup3658__AluSg7_dup261	0.383989448051948	0.5	1.0	0.0	0.6725852272727273	0.5153409090909091	0.0	0.0
AluSz6_dup38984__AluSz_dup80260		AluSz6_dup38984__AluSz_dup80260	0.3008455086580086	1.0	0.0	0.0	0.6759943181818182	0.4299242424242424	0.0	0.0
AluSz6_dup38984__FAM_dup3466		AluSz6_dup38984__FAM_dup3466	0.3238467261904761	1.0	0.0	0.0	0.63984375	0.6270833333333333	0.0	0.0
AluSz6_dup39134__MIRc_dup83230		AluSz6_dup39134__MIRc_dup83230	0.2327651515151515	0.5	0.0	0.0	0.6821022727272728	0.4472537878787879	0.0	0.0
AluSz6_dup40417__AluJb_dup106486		AluSz6_dup40417__AluJb_dup106486	0.4005073051948051	0.5	1.0	0.0	0.7285511363636363	0.5750000000000001	0.0	0.0
AluSz6_dup42760__LFSINE_Vert_dup2047		AluSz6_dup42760__LFSINE_Vert_dup2047	0.4528950216450216	1.0	1.0	0.0	0.7403409090909091	0.4299242424242424	0.0	0.0
AluSz6_dup43079__AluSx1_dup105776		AluSz6_dup43079__AluSx1_dup105776	0.460457251082251	1.0	1.0	0.0	0.6775568181818182	0.5456439393939393	0.0	0.0
AluSz6_dup43807__FLAM_C_dup22079		AluSz6_dup43807__FLAM_C_dup22079	0.3874898538961039	0.5	1.0	0.0	0.763565340909091	0.4488636363636364	0.0	0.0
AluSz6_dup47173__HAL1_dup22376		AluSz6_dup47173__HAL1_dup22376	0.4005343614718614	0.5	1.0	0.0	0.5274147727272727	0.7763257575757576	0.0	0.0
AluSz6_dup47173__L1ME4b_dup21536		AluSz6_dup47173__L1ME4b_dup21536	0.3860964556277055	0.5	1.0	0.0	0.6627130681818182	0.5399621212121212	0.0	0.0
AluSz6_dup47173__MIRb_dup216839		AluSz6_dup47173__MIRb_dup216839	0.3620738636363637	0.5	1.0	0.0	0.6072443181818182	0.4272727272727273	0.0	0.0
AluSz6_dup49311__MIRc_dup100983		AluSz6_dup49311__MIRc_dup100983	0.2298024891774891	0.5	0.0	0.0	0.6613636363636364	0.4472537878787879	0.0	0.0
AluSz6_dup6626__AluSx_dup15657		AluSz6_dup6626__AluSx_dup15657	0.4817978896103896	0.5	1.0	0.0	0.7623579545454545	0.6102272727272727	0.5	0.0
AluSz6_dup6627__AluSx_dup15657		AluSz6_dup6627__AluSx_dup15657	0.5260044642857142	0.5	1.0	0.0	0.87578125	0.80625	0.5	0.0
AluSz6_dup8617__AluSx_dup23337		AluSz6_dup8617__AluSx_dup23337	0.2194534632034632	0.5	0.0	0.0	0.6693181818181818	0.3668560606060606	0.0	0.0
AluSz6_dup8617__OldhAT1_dup988		AluSz6_dup8617__OldhAT1_dup988	0.2650838744588744	1.0	0.0	0.0	0.5923295454545454	0.2632575757575757	0.0	0.0
AluSz6_dup8998__AluJb_dup27988		AluSz6_dup8998__AluJb_dup27988	0.3461275703463203	1.0	0.0	0.0	0.8174005681818182	0.6054924242424242	0.0	0.0
AluSz6_dup8998__AluY_dup22683		AluSz6_dup8998__AluY_dup22683	0.3178131764069264	1.0	0.0	0.0	0.7568892045454546	0.4678030303030303	0.0	0.0
AluSz_dup14370__L1MD2_dup1341		AluSz_dup14370__L1MD2_dup1341	0.1896881764069264	0.5	0.0	0.0	0.3622869318181818	0.465530303030303	0.0	0.0
AluSz_dup16630__LTR16A1_dup540	0.0	AluSz_dup16630__LTR16A1_dup540	0.4924174783549783	1.0	1.0	0.0	0.6825284090909092	0.7643939393939393	0.0	0.0
AluSz_dup18526__MER20_dup3696		AluSz_dup18526__MER20_dup3696	0.5576975108225108	1.0	1.0	0.0	0.7917613636363637	0.6121212121212122	0.5	0.0
AluSz_dup18526__MIR_dup40151		AluSz_dup18526__MIR_dup40151	0.5150162337662337	1.0	1.0	0.0	0.4011363636363637	0.7039772727272727	0.5	0.0
AluSz_dup2414__AluJo_dup5326		AluSz_dup2414__AluJo_dup5326	0.199323593073593	0.5	0.0	0.0	0.6	0.2952651515151515	0.0	0.0
AluSz_dup2414__AluJr4_dup1475		AluSz_dup2414__AluJr4_dup1475	0.2599567099567099	0.5	0.0	0.0	0.6147727272727274	0.7049242424242425	0.0	0.0
AluSz_dup2414__L2a_dup12636		AluSz_dup2414__L2a_dup12636	0.2519886363636363	0.5	0.0	0.0	0.3207386363636363	0.9431818181818182	0.0	0.0
AluSz_dup2415__AluJo_dup5326		AluSz_dup2415__AluJo_dup5326	0.2713744588744589	0.5	0.0	0.0	0.6551136363636364	0.7445075757575758	0.0	0.0
AluSz_dup2416__AluJo_dup5326		AluSz_dup2416__AluJo_dup5326	0.370417343073593	0.5	1.0	0.0	0.6124289772727274	0.4804924242424242	0.0	0.0
AluSz_dup2416__AluJr4_dup1475		AluSz_dup2416__AluJr4_dup1475	0.3580661525974026	0.5	1.0	0.0	0.4729403409090909	0.5335227272727273	0.0	0.0
AluSz_dup24273__AluJb_dup28460	0.0	AluSz_dup24273__AluJb_dup28460	0.4279186958874458	1.0	1.0	0.0	0.6333096590909091	0.3621212121212121	0.0	0.0
AluSz_dup24273__AluSx1_dup24019		AluSz_dup24273__AluSx1_dup24019	0.4504024621212121	1.0	1.0	0.0	0.5986505681818182	0.5541666666666667	0.0	0.0
AluSz_dup24960__AluY_dup26654		AluSz_dup24960__AluY_dup26654	0.4445718344155843	0.5	1.0	0.0	0.8449573863636364	0.7670454545454545	0.0	0.0
AluSz_dup24960__MER3_dup2977		AluSz_dup24960__MER3_dup2977	0.3057731331168831	0.5	1.0	0.0	0.4352982954545454	0.2051136363636363	0.0	0.0
AluSz_dup24960__MIR3_dup24367		AluSz_dup24960__MIR3_dup24367	0.3077617694805195	0.5	1.0	0.0	0.3810369318181818	0.2732954545454545	0.0	0.0
AluSz_dup28__AluJb_dup5970		AluSz_dup28__AluJb_dup5970	0.4518093885281385	1.0	1.0	0.0	0.6401278409090909	0.5225378787878788	0.0	0.0
AluSz_dup28__AluSz_dup4601		AluSz_dup28__AluSz_dup4601	0.4842160443722944	1.0	1.0	0.0	0.7056107954545454	0.6839015151515152	0.0	0.0
AluSz_dup28__L1MC4_dup870		AluSz_dup28__L1MC4_dup870	0.3680600649350649	1.0	1.0	0.0	0.3201704545454545	0.25625	0.0	0.0
AluSz_dup29496__AluJb_dup37681		AluSz_dup29496__AluJb_dup37681	0.4670454545454545	0.5	1.0	0.0	0.9085227272727272	0.8607954545454545	0.0	0.0
AluSz_dup29496__AluJo_dup21697		AluSz_dup29496__AluJo_dup21697	0.4223112824675324	0.5	1.0	0.0	0.7061789772727273	0.75	0.0	0.0
AluSz_dup29496__AluSx1_dup32282		AluSz_dup29496__AluSx1_dup32282	0.4723620129870129	0.5	1.0	0.0	0.6622159090909091	0.6443181818181818	0.5	0.0
AluSz_dup29496__AluSx1_dup32283		AluSz_dup29496__AluSx1_dup32283	0.3876521915584415	0.5	1.0	0.0	0.6550426136363636	0.5585227272727272	0.0	0.0
AluSz_dup3263__AluJr_dup6021		AluSz_dup3263__AluJr_dup6021	0.4253280573593073	0.5	1.0	0.0	0.8558948863636363	0.6214015151515152	0.0	0.0
AluSz_dup3263__AluSg_dup2866		AluSz_dup3263__AluSg_dup2866	0.4365022997835497	0.5	1.0	0.0	0.8280539772727273	0.7274621212121212	0.0	0.0
AluSz_dup3263__AluSx1_dup8152		AluSz_dup3263__AluSx1_dup8152	0.42285579004329	0.5	1.0	0.0	0.726846590909091	0.7331439393939393	0.0	0.0
AluSz_dup3263__AluSx1_dup8153		AluSz_dup3263__AluSx1_dup8153	0.4107041396103896	0.5	1.0	0.0	0.7845880681818183	0.5903409090909091	0.0	0.0
AluSz_dup3263__AluSz6_dup3658		AluSz_dup3263__AluSz6_dup3658	0.362993777056277	0.5	1.0	0.0	0.6947443181818183	0.3462121212121212	0.0	0.0
AluSz_dup3263__Charlie1a_dup419		AluSz_dup3263__Charlie1a_dup419	0.3790719696969697	0.5	1.0	0.0	0.4985795454545455	0.6549242424242424	0.0	0.0
AluSz_dup34737__L1MB8_dup5782		AluSz_dup34737__L1MB8_dup5782	0.3290719696969697	0.5	1.0	0.0	0.3946022727272728	0.4089015151515151	0.0	0.0
AluSz_dup34766__Charlie4z_dup2296		AluSz_dup34766__Charlie4z_dup2296	0.3321969696969696	0.5	1.0	0.0	0.4607954545454545	0.3645833333333333	0.0	0.0
AluSz_dup34768__AluSx1_dup35620		AluSz_dup34768__AluSx1_dup35620	0.2453564664502164	0.5	0.0	0.0	0.6597301136363637	0.5577651515151515	0.0	0.0
AluSz_dup36098__L2c_dup58695		AluSz_dup36098__L2c_dup58695	0.2837763798701298	0.5	0.0	0.0	0.7438210227272727	0.7426136363636363	0.0	0.0
AluSz_dup36098__LTR41B_dup327		AluSz_dup36098__LTR41B_dup327	0.2751724837662337	1.0	0.0	0.0	0.6017755681818182	0.3244318181818181	0.0	0.0
AluSz_dup36098__LTR41B_dup328		AluSz_dup36098__LTR41B_dup328	0.3399181547619047	1.0	0.0	0.0	0.6875710227272728	0.6918560606060605	0.0	0.0
AluSz_dup36098__MLT1A0_dup8905		AluSz_dup36098__MLT1A0_dup8905	0.287601461038961	0.5	0.0	0.0	0.6626420454545455	0.8505681818181818	0.0	0.0
AluSz_dup36098__Tigger5b_dup1014		AluSz_dup36098__Tigger5b_dup1014	0.2504836309523809	1.0	0.0	0.0	0.5293323863636363	0.2240530303030302	0.0	0.0
AluSz_dup40930__AluSz_dup40929		AluSz_dup40930__AluSz_dup40929	0.2567031926406926	0.5	0.0	0.0	0.6779829545454545	0.618939393939394	0.0	0.0
AluSz_dup41516__AluYa5_dup1853	1.0	AluSz_dup41516__AluYa5_dup1853	0.3135822510822511	0.5	1.0	0.0	0.4721590909090909	0.2229166666666666	0.0	0.0
AluSz_dup44091__MIR_dup85920		AluSz_dup44091__MIR_dup85920	0.4338203463203463	1.0	1.0	0.0	0.3698863636363635	0.3335227272727272	0.0	0.3333333333333333
AluSz_dup47271__AluSx_dup55637		AluSz_dup47271__AluSx_dup55637	0.3132474296536796	1.0	0.0	0.0	0.4993607954545455	0.6933712121212121	0.0	0.0
AluSz_dup55400__AluSp_dup27112		AluSz_dup55400__AluSp_dup27112	0.4064765963203463	0.5	1.0	0.0	0.7250710227272728	0.6202651515151515	0.0	0.0
AluSz_dup55400__L1MCc_dup2166		AluSz_dup55400__L1MCc_dup2166	0.4182291666666666	0.5	1.0	0.0	0.5282670454545455	0.8993371212121213	0.0	0.0
AluSz_dup60252__AluSx_dup67746		AluSz_dup60252__AluSx_dup67746	0.4308137175324675	0.5	1.0	0.0	0.7844460227272728	0.7312500000000001	0.0	0.0
AluSz_dup60614__L2c_dup96686		AluSz_dup60614__L2c_dup96686	0.3619487283549783	0.5	1.0	0.0	0.7010653409090909	0.3325757575757576	0.0	0.0
AluSz_dup63910__AluSx_dup68868		AluSz_dup63910__AluSx_dup68868	0.2282738095238095	0.5	0.0	0.0	0.7159090909090909	0.3820075757575757	0.0	0.0
AluSz_dup63914__AluSc8_dup13293		AluSz_dup63914__AluSc8_dup13293	0.3276853354978354	0.5	1.0	0.0	0.6532670454545455	0.140530303030303	0.0	0.0
AluSz_dup63914__L2a_dup112551		AluSz_dup63914__L2a_dup112551	0.3442234848484848	0.5	1.0	0.0	0.5502840909090909	0.359280303030303	0.0	0.0
AluSz_dup63914__MIRb_dup147166		AluSz_dup63914__MIRb_dup147166	0.3275196158008657	0.5	1.0	0.0	0.4456676136363636	0.346969696969697	0.0	0.0
AluSz_dup64137__AluSx_dup69114		AluSz_dup64137__AluSx_dup69114	0.5133691829004329	0.5	1.0	0.0	0.7990767045454547	0.7945075757575758	0.5	0.0
AluSz_dup65689__AluSq2_dup37647		AluSz_dup65689__AluSq2_dup37647	0.5553233225108225	1.0	1.0	0.0	0.820596590909091	0.5666666666666668	0.5	0.0
AluSz_dup65689__AluSx1_dup69991		AluSz_dup65689__AluSx1_dup69991	0.5660917207792208	1.0	1.0	0.0	0.7978693181818182	0.6647727272727273	0.5	0.0
AluSz_dup65689__AluSz_dup62981		AluSz_dup65689__AluSz_dup62981	0.5448153409090909	1.0	1.0	0.0	0.6716619318181819	0.6420454545454546	0.5	0.0
AluSz_dup67120__L1M3_dup4497		AluSz_dup67120__L1M3_dup4497	0.4417376893939393	1.0	1.0	0.0	0.46015625	0.6320075757575757	0.0	0.0
AluSz_dup6920__AluSx1_dup7296		AluSz_dup6920__AluSx1_dup7296	0.3865124458874459	0.5	1.0	0.0	0.628125	0.5774621212121213	0.0	0.0
AluSz_dup6920__L2a_dup12701		AluSz_dup6920__L2a_dup12701	0.3943080357142857	0.5	1.0	0.0	0.6453835227272728	0.6147727272727272	0.0	0.0
AluSz_dup6920__L2a_dup12702		AluSz_dup6920__L2a_dup12702	0.3613399621212121	0.5	1.0	0.0	0.5752130681818183	0.4541666666666666	0.0	0.0
AluSz_dup6959__L2c_dup11983		AluSz_dup6959__L2c_dup11983	0.3582792207792207	0.5	1.0	0.0	0.4948863636363636	0.5130681818181818	0.0	0.0
AluSz_dup6959__MIRb_dup18484		AluSz_dup6959__MIRb_dup18484	0.44609375	0.5	1.0	0.0	0.8232244318181818	0.7994318181818182	0.0	0.0
AluSz_dup6959__MIRb_dup18485		AluSz_dup6959__MIRb_dup18485	0.3652867965367965	0.5	1.0	0.0	0.4414772727272727	0.6155303030303031	0.0	0.0
AluSz_dup70427__MER66B_dup898		AluSz_dup70427__MER66B_dup898	0.3269142316017316	1.0	0.0	0.0	0.6251420454545455	0.1632575757575757	0.5	0.0
AluSz_dup70849__L2_dup42905		AluSz_dup70849__L2_dup42905	0.3194128787878787	0.5	1.0	0.0	0.4775568181818181	0.2583333333333333	0.0	0.0
AluSz_dup70849__L2_dup43708		AluSz_dup70849__L2_dup43708	0.3683779761904761	0.5	1.0	0.0	0.3731534090909091	0.7054924242424242	0.0	0.0
AluSz_dup7340__AluSq2_dup1724		AluSz_dup7340__AluSq2_dup1724	0.5803503787878788	1.0	1.0	0.0	0.720596590909091	0.8418560606060606	0.5	0.0
AluSz_dup73499__AluSx_dup80646		AluSz_dup73499__AluSx_dup80646	0.467190882034632	1.0	1.0	0.0	0.5892755681818183	0.681060606060606	0.0	0.0
AluSz_dup73499__L2c_dup108853		AluSz_dup73499__L2c_dup108853	0.2347132034632034	1.0	0.0	0.0	0.2954545454545454	0.3475378787878787	0.0	0.0
AluSz_dup73499__L2c_dup108854		AluSz_dup73499__L2c_dup108854	0.20546875	1.0	0.0	0.0	0.2155539772727273	0.2227272727272727	0.0	0.0
AluSz_dup74588__L2c_dup110124		AluSz_dup74588__L2c_dup110124	0.1215739989177489	0.5	0.0	0.0	0.3097301136363636	0.0412878787878787	0.0	0.0
AluSz_dup78457__AluSz6_dup35891		AluSz_dup78457__AluSz6_dup35891	0.4347165854978355	0.5	1.0	0.0	0.8181107954545455	0.7249053030303031	0.0	0.0
AluSz_dup78492__AluSz6_dup35911		AluSz_dup78492__AluSz6_dup35911	0.5050899621212122	1.0	1.0	0.0	0.8107244318181819	0.7249053030303031	0.0	0.0
AluSz_dup78547__AluSx1_dup87241		AluSz_dup78547__AluSx1_dup87241	0.3581811417748917	0.5	1.0	0.0	0.661434659090909	0.3458333333333334	0.0	0.0
AluSz_dup82335__AluJb_dup102121		AluSz_dup82335__AluJb_dup102121	0.3932426948051947	0.5	1.0	0.0	0.7146306818181818	0.5380681818181818	0.0	0.0
AluSz_dup83023__AluJo_dup62381		AluSz_dup83023__AluJo_dup62381	0.2400500541125541	0.5	0.0	0.0	0.7271306818181819	0.4532196969696969	0.0	0.0
AluSz_dup83023__AluSz6_dup39103		AluSz_dup83023__AluSz6_dup39103	0.256351461038961	0.5	0.0	0.0	0.6904829545454545	0.6039772727272726	0.0	0.0
AluSz_dup85794__AluSx_dup96659		AluSz_dup85794__AluSx_dup96659	0.2917681277056277	0.5	0.0	0.0	0.6387784090909091	0.4035984848484849	0.5	0.0
AluSz_dup85794__MSTA_dup16138		AluSz_dup85794__MSTA_dup16138	0.2766741071428571	0.5	0.0	0.0	0.4134232954545455	0.5232954545454546	0.5	0.0
AluSz_dup85932__LTR40b_dup1010		AluSz_dup85932__LTR40b_dup1010	0.4091145833333333	0.5	1.0	0.0	0.5952414772727272	0.768560606060606	0.0	0.0
AluSz_dup85933__AluSc_dup29630		AluSz_dup85933__AluSc_dup29630	0.3005647997835498	0.5	0.0	0.0	0.8446732954545455	0.759280303030303	0.0	0.0
AluSz_dup85933__AluSz_dup85932		AluSz_dup85933__AluSz_dup85932	0.448735119047619	0.5	1.0	0.0	0.8436079545454546	0.7975378787878787	0.0	0.0
AluSz_dup85933__L1ME3Cz_dup10555		AluSz_dup85933__L1ME3Cz_dup10555	0.1990395021645021	0.5	0.0	0.0	0.5525568181818182	0.3407196969696969	0.0	0.0
AluSz_dup85933__MIR_dup149777		AluSz_dup85933__MIR_dup149777	0.2902732683982684	0.5	1.0	0.0	0.3803977272727273	0.1515151515151515	0.0	0.0
AluSz_dup87349__AluSq_dup16421		AluSz_dup87349__AluSq_dup16421	0.5535984848484848	1.0	1.0	0.0	0.6505681818181819	0.7246212121212121	0.5	0.0
AluSz_dup87349__AluSz_dup89959		AluSz_dup87349__AluSz_dup89959	0.5687872023809524	1.0	1.0	0.0	0.7716619318181819	0.709848484848485	0.5	0.0
AluSz_dup87__AluSp_dup2401		AluSz_dup87__AluSp_dup2401	0.3603896103896103	1.0	0.0	0.0	0.79375	0.7289772727272728	0.0	0.0
AluSz_dup89710__AluJo_dup67752		AluSz_dup89710__AluJo_dup67752	0.3914468344155843	0.5	1.0	0.0	0.6639914772727273	0.5761363636363636	0.0	0.0
AluSz_dup89710__AluSx1_dup100821		AluSz_dup89710__AluSx1_dup100821	0.4155776515151515	0.5	1.0	0.0	0.7103693181818183	0.6986742424242424	0.0	0.0
AluSz_dup89710__L2c_dup123226		AluSz_dup89710__L2c_dup123226	0.3086478625541126	0.5	1.0	0.0	0.5078835227272728	0.1526515151515151	0.0	0.0
AluSz_dup89710__MIRc_dup88849		AluSz_dup89710__MIRc_dup88849	0.3444771374458874	0.5	1.0	0.0	0.5276278409090909	0.3837121212121212	0.0	0.0
AluSz_dup90222__L2a_dup150996		AluSz_dup90222__L2a_dup150996	0.2592228084415584	0.5	0.0	0.0	0.6111505681818182	0.703409090909091	0.0	0.0
AluSz_dup91991__L1MA5_dup3850		AluSz_dup91991__L1MA5_dup3850	0.2182088744588744	0.5	0.0	0.0	0.4375	0.5899621212121212	0.0	0.0
AluSz_dup93478__AluSz_dup93479		AluSz_dup93478__AluSz_dup93479	0.2248511904761904	0.5	0.0	0.0	0.5588068181818182	0.5151515151515151	0.0	0.0
AluSz_dup93903__AluJo_dup71149		AluSz_dup93903__AluJo_dup71149	0.3105891504329004	0.5	1.0	0.0	0.4034801136363636	0.2706439393939394	0.0	0.0
AluSz_dup93903__AluJo_dup71150		AluSz_dup93903__AluJo_dup71150	0.3362215909090909	0.5	1.0	0.0	0.5947443181818182	0.2588068181818181	0.0	0.0
AluSz_dup93903__AluJo_dup71151		AluSz_dup93903__AluJo_dup71151	0.3351528679653679	0.5	1.0	0.0	0.5242897727272727	0.3217803030303029	0.0	0.0
AluSz_dup93903__AluSq_dup17117		AluSz_dup93903__AluSq_dup17117	0.3664028679653679	0.5	1.0	0.0	0.6333806818181819	0.4314393939393939	0.0	0.0
AluSz_dup93903__AluSz6_dup43807		AluSz_dup93903__AluSz6_dup43807	0.3984239718614718	0.5	1.0	0.0	0.7444602272727273	0.5445075757575758	0.0	0.0
AluSz_dup93903__MER5A_dup31320		AluSz_dup93903__MER5A_dup31320	0.2967058982683982	0.5	1.0	0.0	0.3890625	0.1878787878787879	0.0	0.0
AluSz_dup97667__HAL1b_dup5035	0.0	AluSz_dup97667__HAL1b_dup5035	0.3644074675324675	0.5	1.0	0.0	0.6747159090909092	0.3761363636363636	0.0	0.0
AluSz_dup97667__L2b_dup91828	0.0	AluSz_dup97667__L2b_dup91828	0.2024113906926407	0.5	0.0	0.0	0.6121448863636364	0.3047348484848485	0.0	0.0
AluSz_dup97667__MER20_dup15329	0.0	AluSz_dup97667__MER20_dup15329	0.2433576839826839	0.5	0.0	0.0	0.6241477272727273	0.5793560606060607	0.0	0.0
AluSz_dup97667__MER51B_dup638	0.0	AluSz_dup97667__MER51B_dup638	0.2072544642857142	0.5	0.0	0.0	0.5564630681818182	0.3943181818181818	0.0	0.0
AluY_dup100463__AluJb_dup122476		AluY_dup100463__AluJb_dup122476	0.3181006493506493	1.0	0.0	0.0	0.5866477272727273	0.6400568181818183	0.0	0.0
AluY_dup100463__AluSx1_dup113314		AluY_dup100463__AluSx1_dup113314	0.3600852272727272	1.0	0.0	0.0	0.798721590909091	0.7218749999999999	0.0	0.0
AluY_dup100463__AluSx_dup113584		AluY_dup100463__AluSx_dup113584	0.3207183441558441	1.0	0.0	0.0	0.6794034090909091	0.5656249999999999	0.0	0.0
AluY_dup10105__L1PA16_dup1612		AluY_dup10105__L1PA16_dup1612	0.351954816017316	1.0	0.0	0.0	0.6782670454545455	0.7854166666666665	0.0	0.0
AluY_dup101997__L2c_dup136007		AluY_dup101997__L2c_dup136007	0.3054518398268398	1.0	0.0	0.0	0.6201704545454546	0.5179924242424242	0.0	0.0
AluY_dup101997__MIRb_dup217880		AluY_dup101997__MIRb_dup217880	0.3035849567099567	1.0	0.0	0.0	0.7372159090909092	0.3878787878787879	0.0	0.0
AluY_dup104417__AluJb_dup125588		AluY_dup104417__AluJb_dup125588	0.3219358766233766	1.0	0.0	0.0	0.6134943181818182	0.6400568181818183	0.0	0.0
AluY_dup15741__L2b_dup12558		AluY_dup15741__L2b_dup12558	0.4312905844155843	0.5	1.0	0.0	0.5991477272727272	0.9198863636363636	0.0	0.0
AluY_dup26654__AluJo_dup18483		AluY_dup26654__AluJo_dup18483	0.3927184794372294	0.5	1.0	0.0	0.7287642045454545	0.5202651515151516	0.0	0.0
AluY_dup27956__L1MA9_dup3741		AluY_dup27956__L1MA9_dup3741	0.4481331168831168	1.0	1.0	0.0	0.3323863636363636	0.8045454545454546	0.0	0.0
AluY_dup5141__MIR3_dup4802		AluY_dup5141__MIR3_dup4802	0.1861539502164502	0.5	0.0	0.0	0.6115056818181818	0.1915719696969696	0.0	0.0
AluY_dup54363__AluJb_dup63445		AluY_dup54363__AluJb_dup63445	0.4306716720779221	0.5	1.0	0.0	0.83515625	0.6795454545454546	0.0	0.0
AluY_dup54363__MER46C_dup1505		AluY_dup54363__MER46C_dup1505	0.3396408279220779	0.5	1.0	0.0	0.6388494318181819	0.2386363636363636	0.0	0.0
AluY_dup54363__MER46C_dup1506		AluY_dup54363__MER46C_dup1506	0.3142214556277056	0.5	1.0	0.0	0.6391335227272728	0.0604166666666666	0.0	0.0
AluY_dup54363__MIRb_dup120640		AluY_dup54363__MIRb_dup120640	0.4274113906926406	0.5	1.0	0.0	0.8689630681818181	0.6229166666666667	0.0	0.0
AluY_dup55905__L2b_dup55103		AluY_dup55905__L2b_dup55103	0.5163014069264069	1.0	1.0	0.0	0.8627840909090909	0.7513257575757576	0.0	0.0
AluY_dup61203__L2c_dup92045		AluY_dup61203__L2c_dup92045	0.5119859307359307	0.5	1.0	0.0	0.6948863636363636	0.8890151515151515	0.5	0.0
AluY_dup61822__MLT1J_dup9447		AluY_dup61822__MLT1J_dup9447	0.5098281926406927	0.5	1.0	0.5	0.5026988636363637	0.5660984848484848	0.5	0.0
AluY_dup67553__AluJo_dup48006		AluY_dup67553__AluJo_dup48006	0.2410477543290043	0.5	0.0	0.0	0.7666903409090909	0.4206439393939394	0.0	0.0
AluY_dup74345__L2_dup42905		AluY_dup74345__L2_dup42905	0.3847199675324675	0.5	1.0	0.0	0.7055397727272728	0.4875	0.0	0.0
AluY_dup76484__AluSx_dup83470		AluY_dup76484__AluSx_dup83470	0.5153138528138528	1.0	1.0	0.0	0.8471590909090909	0.7600378787878789	0.0	0.0
AluY_dup78244__AluJb_dup90478		AluY_dup78244__AluJb_dup90478	0.4828936688311688	1.0	1.0	0.0	0.7870738636363637	0.5931818181818181	0.0	0.0
AluY_dup78244__AluY_dup76353		AluY_dup78244__AluY_dup76353	0.4785376082251082	1.0	1.0	0.0	0.8177556818181819	0.5320075757575758	0.0	0.0
AluY_dup78478__L2c_dup110124		AluY_dup78478__L2c_dup110124	0.1723755411255411	0.5	0.0	0.0	0.4954545454545455	0.2111742424242424	0.0	0.0
AluY_dup78839__MLT2B3_dup2657		AluY_dup78839__MLT2B3_dup2657	0.488771645021645	1.0	1.0	0.0	0.8397727272727273	0.5816287878787879	0.0	0.0
AluY_dup80018__THE1A_dup3478		AluY_dup80018__THE1A_dup3478	0.2509131493506493	0.5	0.0	0.0	0.6882102272727273	0.5681818181818182	0.0	0.0
AluY_dup82503__AluSx1_dup91701		AluY_dup82503__AluSx1_dup91701	0.3969629329004329	1.0	1.0	0.0	0.5859375	0.1928030303030303	0.0	0.0
AluY_dup83088__SVA_D_dup1174		AluY_dup83088__SVA_D_dup1174	0.4431412337662338	0.5	1.0	0.0	0.753125	0.8488636363636365	0.0	0.0
AluY_dup91172__Tigger3b_dup5699		AluY_dup91172__Tigger3b_dup5699	0.2974296536796537	0.5	0.0	0.0	0.5119318181818182	0.5700757575757576	0.5	0.0
AluY_dup95233__MER113_dup3601		AluY_dup95233__MER113_dup3601	0.4375507305194804	1.0	1.0	0.0	0.4747869318181817	0.0880681818181818	0.5	0.0
AluY_dup99745__L2b_dup91364		AluY_dup99745__L2b_dup91364	0.4239143668831169	0.5	1.0	0.0	0.6299005681818182	0.8375	0.0	0.0
AluYa5_dup1853__AluSg_dup15235		AluYa5_dup1853__AluSg_dup15235	0.3860152867965367	0.5	1.0	0.0	0.6252130681818182	0.5768939393939393	0.0	0.0
AluYc3_dup178__AluSp_dup16075		AluYc3_dup178__AluSp_dup16075	0.3669135551948052	0.5	1.0	0.0	0.6493607954545455	0.4190340909090909	0.0	0.0
AluYf1_dup1701__AluSx1_dup99481		AluYf1_dup1701__AluSx1_dup99481	0.3166463744588744	0.5	0.0	0.0	0.8867897727272728	0.8297348484848485	0.0	0.0
AluYf1_dup977__MER46C_dup1505		AluYf1_dup977__MER46C_dup1505	0.3346489448051948	0.5	1.0	0.0	0.6715198863636365	0.1710227272727272	0.0	0.0
AluYh9_dup8__AluSz_dup28		AluYh9_dup8__AluSz_dup28	0.4462763798701298	1.0	1.0	0.0	0.7455255681818183	0.3784090909090909	0.0	0.0
AluYj4_dup222__MIR3_dup2756		AluYj4_dup222__MIR3_dup2756	0.3913521374458875	1.0	1.0	0.0	0.5483664772727274	0.1910984848484848	0.0	0.0
AluYj4_dup649__L4_B_Mam_dup617		AluYj4_dup649__L4_B_Mam_dup617	0.3797652867965367	0.5	1.0	0.0	0.6274857954545454	0.5308712121212121	0.0	0.0
AluYk4_dup863__AluSx1_dup89792		AluYk4_dup863__AluSx1_dup89792	0.2097537878787878	0.5	0.0	0.0	0.5588068181818182	0.409469696969697	0.0	0.0
Alu_dup1472__L1MB8_dup5782		Alu_dup1472__L1MB8_dup5782	0.2654153138528138	0.5	1.0	0.0	0.2524147727272727	0.1054924242424242	0.0	0.0
CR1-3_Croc_dup908__AluJr_dup54249		CR1-3_Croc_dup908__AluJr_dup54249	0.1972774621212121	0.5	0.0	0.0	0.6318892045454546	0.2490530303030302	0.0	0.0
CR1_Mam_dup1062__L1ME4b_dup12728		CR1_Mam_dup1062__L1ME4b_dup12728	0.4476461038961039	1.0	1.0	0.0	0.4517045454545454	0.6818181818181818	0.0	0.0
Charlie10_dup548__AluJr_dup33143		Charlie10_dup548__AluJr_dup33143	0.211235119047619	0.5	0.0	0.0	0.4595170454545454	0.5191287878787879	0.0	0.0
Charlie15a_dup1846__AluSx1_dup66416		Charlie15a_dup1846__AluSx1_dup66416	0.4426508387445887	0.5	1.0	0.0	0.6290482954545455	0.4695075757575758	0.5	0.0
Charlie15a_dup1846__AluY_dup62755		Charlie15a_dup1846__AluY_dup62755	0.4307765151515151	0.5	1.0	0.0	0.6144886363636364	0.4009469696969696	0.5	0.0
Charlie19a_dup1004__MLT1J2_dup4310		Charlie19a_dup1004__MLT1J2_dup4310	0.4521712662337662	0.5	1.0	0.0	0.3953125	0.7698863636363636	0.5	0.0
Charlie1_dup1138__MLT1C_dup10417		Charlie1_dup1138__MLT1C_dup10417	0.3943587662337662	1.0	1.0	0.0	0.1991477272727273	0.5613636363636364	0.0	0.0
Charlie1_dup1138__Tigger3b_dup3727		Charlie1_dup1138__Tigger3b_dup3727	0.4017620400432901	1.0	1.0	0.0	0.2871448863636364	0.525189393939394	0.0	0.0
Charlie1a_dup373__AluSz_dup6920		Charlie1a_dup373__AluSz_dup6920	0.3570955086580086	0.5	1.0	0.0	0.5714488636363637	0.428219696969697	0.0	0.0
Charlie1a_dup373__L2c_dup11875		Charlie1a_dup373__L2c_dup11875	0.3376758658008658	0.5	1.0	0.0	0.4696022727272727	0.3941287878787878	0.0	0.0
Charlie1a_dup419__AluSg7_dup261		Charlie1a_dup419__AluSg7_dup261	0.3623917748917749	0.5	1.0	0.0	0.3738636363636364	0.662878787878788	0.0	0.0
Charlie1a_dup4286__AluSp_dup32767		Charlie1a_dup4286__AluSp_dup32767	0.3972132034632034	1.0	1.0	0.0	0.4414772727272728	0.3390151515151515	0.0	0.0
Charlie1a_dup4286__Arthur1B_dup1736		Charlie1a_dup4286__Arthur1B_dup1736	0.381446158008658	1.0	1.0	0.0	0.3680397727272728	0.3020833333333333	0.0	0.0
Charlie1b_dup2331__Charlie5_dup1988		Charlie1b_dup2331__Charlie5_dup1988	0.3504802489177489	1.0	1.0	0.0	0.1359375	0.3174242424242424	0.0	0.0
Charlie1b_dup2331__L2a_dup133692		Charlie1b_dup2331__L2a_dup133692	0.380181277056277	1.0	1.0	0.0	0.2747159090909091	0.3865530303030303	0.0	0.0
Charlie1b_dup2331__L2a_dup133693		Charlie1b_dup2331__L2a_dup133693	0.3732751623376623	1.0	1.0	0.0	0.2794034090909091	0.3335227272727272	0.0	0.0
Charlie24_dup1159__AluSx1_dup85814		Charlie24_dup1159__AluSx1_dup85814	0.3359104437229437	0.5	1.0	0.0	0.6765625	0.174810606060606	0.0	0.0
Charlie24_dup275__MER72_dup140		Charlie24_dup275__MER72_dup140	0.3496482683982683	0.5	1.0	0.0	0.5676136363636364	0.3799242424242424	0.0	0.0
Charlie24_dup275__MIRb_dup39282		Charlie24_dup275__MIRb_dup39282	0.3516402867965367	0.5	1.0	0.0	0.5703835227272728	0.3910984848484848	0.0	0.0
Charlie29a_dup1250__AluSz_dup55400		Charlie29a_dup1250__AluSz_dup55400	0.3609713203463203	0.5	1.0	0.0	0.4707386363636364	0.556060606060606	0.0	0.0
Charlie29a_dup1250__L2c_dup83238		Charlie29a_dup1250__L2c_dup83238	0.0883184523809523	0.5	0.0	0.0	0.0186079545454545	0.0996212121212121	0.0	0.0
Charlie4a_dup1279__LTR48B_dup421		Charlie4a_dup1279__LTR48B_dup421	0.3716619318181818	0.5	1.0	0.0	0.41640625	0.6852272727272727	0.0	0.0
Charlie4a_dup13__MER45B_dup71		Charlie4a_dup13__MER45B_dup71	0.3854166666666666	1.0	1.0	0.0	0.2988636363636364	0.3990530303030303	0.0	0.0
Charlie4z_dup1623__MER53_dup1463		Charlie4z_dup1623__MER53_dup1463	0.4495535714285714	1.0	1.0	0.0	0.3332386363636364	0.3136363636363636	0.5	0.0
Charlie4z_dup2296__AluJr_dup27865		Charlie4z_dup2296__AluJr_dup27865	0.3465165043290043	0.5	1.0	0.0	0.5100852272727273	0.415530303030303	0.0	0.0
Charlie4z_dup2296__L1M5_dup20870		Charlie4z_dup2296__L1M5_dup20870	0.3669575216450216	0.5	1.0	0.0	0.3558238636363637	0.7128787878787879	0.0	0.0
Charlie4z_dup2296__L1ME5_dup1299		Charlie4z_dup2296__L1ME5_dup1299	0.2746448863636363	0.5	1.0	0.0	0.2662642045454546	0.15625	0.0	0.0
Charlie4z_dup4972__MLT1J_dup13020		Charlie4z_dup4972__MLT1J_dup13020	0.2539265422077922	0.5	0.0	0.0	0.3735085227272728	0.4039772727272727	0.5	0.0
Charlie5_dup1405__L1MB4_dup4494		Charlie5_dup1405__L1MB4_dup4494	0.3296739718614718	0.5	0.0	0.0	0.4160511363636363	0.8916666666666667	0.5	0.0
Charlie7_dup2828__AluSg7_dup5899		Charlie7_dup2828__AluSg7_dup5899	0.3284023268398268	0.5	1.0	0.0	0.4342329545454545	0.3645833333333333	0.0	0.0
Charlie7_dup2828__AluSx1_dup78097		Charlie7_dup2828__AluSx1_dup78097	0.4232751623376622	0.5	1.0	0.0	0.5083806818181819	0.4545454545454545	0.5	0.0
Charlie7_dup2829__AluSg7_dup5899		Charlie7_dup2829__AluSg7_dup5899	0.3443621482683982	0.5	1.0	0.0	0.46640625	0.4441287878787878	0.0	0.0
Charlie7_dup2829__AluSx1_dup78097		Charlie7_dup2829__AluSx1_dup78097	0.2776920995670995	0.5	1.0	0.0	0.2707386363636364	0.1731060606060606	0.0	0.0
Charlie7_dup2830__AluSg7_dup5899		Charlie7_dup2830__AluSg7_dup5899	0.309963474025974	0.5	1.0	0.0	0.3561079545454546	0.3136363636363636	0.0	0.0
Charlie7_dup2830__AluSx1_dup78097		Charlie7_dup2830__AluSx1_dup78097	0.2717464826839826	0.5	1.0	0.0	0.2910511363636364	0.1111742424242424	0.0	0.0
Charlie8_dup1661__MIR3_dup51048		Charlie8_dup1661__MIR3_dup51048	0.16289908008658	0.5	0.0	0.0	0.3018465909090909	0.3384469696969697	0.0	0.0
Charlie8_dup1661__MSTB_dup4995		Charlie8_dup1661__MSTB_dup4995	0.1411525974025974	0.5	0.0	0.0	0.2323863636363636	0.2556818181818182	0.0	0.0
Charlie8_dup2432__AluJo_dup58494		Charlie8_dup2432__AluJo_dup58494	0.2245603354978355	0.5	0.0	0.0	0.6421875	0.4297348484848485	0.0	0.0
Charlie8_dup2432__AluSq_dup14040		Charlie8_dup2432__AluSq_dup14040	0.1767688041125541	0.5	0.0	0.0	0.50859375	0.2287878787878788	0.0	0.0
Cheshire_dup500__MIR3_dup39237		Cheshire_dup500__MIR3_dup39237	0.2944061147186146	0.5	0.0	0.0	0.3873579545454545	0.6734848484848485	0.5	0.0
ERVL-E-int_dup5888__MIRc_dup68844		ERVL-E-int_dup5888__MIRc_dup68844	0.4580898268398268	1.0	1.0	0.0	0.4272727272727272	0.7793560606060606	0.0	0.0
FAM_dup2304__AluY_dup54363		FAM_dup2304__AluY_dup54363	0.3722537878787878	0.5	1.0	0.0	0.7377840909090909	0.3679924242424242	0.0	0.0
FAM_dup2304__AluYf1_dup977		FAM_dup2304__AluYf1_dup977	0.375686553030303	0.5	1.0	0.0	0.6716619318181819	0.4581439393939394	0.0	0.0
FLAM_A_dup11985__AluSq_dup15066		FLAM_A_dup11985__AluSq_dup15066	0.2055769751082251	0.5	0.0	0.0	0.6104403409090909	0.3285984848484848	0.0	0.0
FLAM_A_dup11985__AluSz_dup82908		FLAM_A_dup11985__AluSz_dup82908	0.2373444264069263	0.5	0.0	0.0	0.6771306818181818	0.484280303030303	0.0	0.0
FLAM_A_dup11985__L2_dup47726		FLAM_A_dup11985__L2_dup47726	0.193655303030303	0.5	0.0	0.0	0.4786931818181819	0.3768939393939394	0.0	0.0
FLAM_A_dup11985__MIRc_dup83060		FLAM_A_dup11985__MIRc_dup83060	0.1488737824675324	0.5	0.0	0.0	0.2227982954545455	0.3193181818181818	0.0	0.0
FLAM_A_dup13967__AluSg7_dup8555		FLAM_A_dup13967__AluSg7_dup8555	0.578223079004329	1.0	1.0	0.0	0.88828125	0.659280303030303	0.5	0.0
FLAM_A_dup13967__L2a_dup168799		FLAM_A_dup13967__L2a_dup168799	0.5070008116883117	1.0	1.0	0.0	0.4438920454545454	0.6051136363636364	0.5	0.0
FLAM_C_dup17518__L2c_dup110124		FLAM_C_dup17518__L2c_dup110124	0.2079883658008658	0.5	0.0	0.0	0.5271306818181819	0.4287878787878788	0.0	0.0
FLAM_C_dup17519__AluSc_dup25744		FLAM_C_dup17519__AluSc_dup25744	0.221878382034632	0.5	0.0	0.0	0.5811789772727273	0.471969696969697	0.0	0.0
FLAM_C_dup17519__L2c_dup110124		FLAM_C_dup17519__L2c_dup110124	0.1501420454545454	0.5	0.0	0.0	0.373153409090909	0.1778409090909091	0.0	0.0
FLAM_C_dup21185__L1PB4_dup6237		FLAM_C_dup21185__L1PB4_dup6237	0.3517789502164502	0.5	1.0	0.0	0.3598011363636363	0.6026515151515152	0.0	0.0
FLAM_C_dup23634__L2a_dup166915		FLAM_C_dup23634__L2a_dup166915	0.1074066558441558	0.5	0.0	0.0	0.2029829545454545	0.0488636363636363	0.0	0.0
FLAM_C_dup3722__AluJr4_dup3262		FLAM_C_dup3722__AluJr4_dup3262	0.1945650703463203	0.5	0.0	0.0	0.4905539772727273	0.3714015151515151	0.0	0.0
FLAM_C_dup3722__CR1_Mam_dup250		FLAM_C_dup3722__CR1_Mam_dup250	0.1193892045454545	0.5	0.0	0.0	0.26015625	0.0755681818181818	0.0	0.0
FLAM_C_dup3722__HERV16-int_dup243		FLAM_C_dup3722__HERV16-int_dup243	0.2032230790043289	0.5	0.0	0.0	0.4308948863636364	0.4916666666666667	0.0	0.0
FLAM_C_dup3722__LTR16A_dup561		FLAM_C_dup3722__LTR16A_dup561	0.1769379058441558	0.5	0.0	0.0	0.3953835227272727	0.3431818181818182	0.0	0.0
FLAM_C_dup6549__AluSx1_dup32903		FLAM_C_dup6549__AluSx1_dup32903	0.4576704545454545	1.0	1.0	0.0	0.4650568181818182	0.2386363636363636	0.5	0.0
FLAM_C_dup6549__L2a_dup59926		FLAM_C_dup6549__L2a_dup59926	0.5460091991341991	1.0	1.0	0.0	0.4894886363636364	0.8325757575757576	0.5	0.0
FRAM_dup1454__LTR8_dup553		FRAM_dup1454__LTR8_dup553	0.5514542748917748	1.0	1.0	0.0	0.5666193181818182	0.7935606060606061	0.5	0.0
FRAM_dup34__AluJb_dup6656		FRAM_dup34__AluJb_dup6656	0.3249661796536796	1.0	0.0	0.0	0.8188920454545454	0.4558712121212121	0.0	0.0
FRAM_dup4585__MER5A1_dup10442	0.0	FRAM_dup4585__MER5A1_dup10442	0.1630106872294372	0.5	0.0	0.0	0.3821732954545455	0.2589015151515151	0.0	0.0
FRAM_dup4585__MER5A1_dup10443		FRAM_dup4585__MER5A1_dup10443	0.1546570616883116	0.5	0.0	0.0	0.4240767045454546	0.1585227272727273	0.0	0.0
FRAM_dup5893__AluJo_dup62285		FRAM_dup5893__AluJo_dup62285	0.1999932359307359	0.5	0.0	0.0	0.6353693181818182	0.2645833333333333	0.0	0.0
FRAM_dup5893__AluSp_dup40600	1.0	FRAM_dup5893__AluSp_dup40600	0.3927861201298701	0.5	1.0	0.0	0.7671164772727272	0.4823863636363636	0.0	0.0
FRAM_dup5893__FLAM_A_dup11985		FRAM_dup5893__FLAM_A_dup11985	0.204109172077922	0.5	0.0	0.0	0.53671875	0.3920454545454545	0.0	0.0
FRAM_dup5893__MIRc_dup83060		FRAM_dup5893__MIRc_dup83060	0.4123173701298701	1.0	1.0	0.0	0.4498579545454546	0.4363636363636364	0.0	0.0
HAL1M8_dup1774__AluSq2_dup47685		HAL1M8_dup1774__AluSq2_dup47685	0.4025737283549784	0.5	1.0	0.0	0.5192471590909091	0.7987689393939394	0.0	0.0
HAL1ME_dup1270__L2b_dup12558		HAL1ME_dup1270__L2b_dup12558	0.4716754599567099	0.5	1.0	0.0	0.4541903409090909	0.8475378787878788	0.5	0.0
HAL1_dup12082__L2b_dup46730		HAL1_dup12082__L2b_dup46730	0.4264745670995671	0.5	1.0	0.0	0.5491477272727273	0.9361742424242424	0.0	0.0
HAL1_dup14970__AluY_dup60436		HAL1_dup14970__AluY_dup60436	0.3204477813852813	0.5	0.0	0.0	0.507528409090909	0.7356060606060605	0.5	0.0
HAL1_dup14970__L1ME3D_dup2614		HAL1_dup14970__L1ME3D_dup2614	0.2798566017316017	0.5	0.0	0.0	0.3286931818181818	0.6303030303030304	0.5	0.0
HAL1_dup17535__MIRb_dup162536		HAL1_dup17535__MIRb_dup162536	0.4222740800865801	1.0	1.0	0.0	0.2646306818181818	0.6912878787878788	0.0	0.0
HAL1_dup18776__Charlie24_dup1158		HAL1_dup18776__Charlie24_dup1158	0.2816152597402597	0.5	1.0	0.0	0.1485795454545454	0.3227272727272727	0.0	0.0
HAL1_dup18776__Charlie24_dup1159		HAL1_dup18776__Charlie24_dup1159	0.3137040043290043	0.5	1.0	0.0	0.390625	0.3053030303030303	0.0	0.0
HAL1_dup19835__L2b_dup81583		HAL1_dup19835__L2b_dup81583	0.3630546536796536	0.5	1.0	0.0	0.5917613636363636	0.4496212121212121	0.0	0.0
HAL1_dup4827__AluSx_dup24703		HAL1_dup4827__AluSx_dup24703	0.2298227813852814	1.0	0.0	0.0	0.4424715909090909	0.1662878787878788	0.0	0.0
HAL1b_dup5035__L2b_dup91829	0.0	HAL1b_dup5035__L2b_dup91829	0.2834347943722943	0.5	1.0	0.0	0.3393465909090908	0.1446969696969696	0.0	0.0
HAL1b_dup5035__MIR_dup164433		HAL1b_dup5035__MIR_dup164433	0.342589962121212	0.5	1.0	0.0	0.3058948863636364	0.0922348484848484	0.5	0.0
HERV3-int_dup224__LTR61_dup120		HERV3-int_dup224__LTR61_dup120	0.3844967532467532	0.5	1.0	0.0	0.3335227272727272	0.8579545454545455	0.0	0.0
HERV3-int_dup226__LTR61_dup120		HERV3-int_dup226__LTR61_dup120	0.2656926406926406	0.5	0.0	0.0	0.4170454545454545	0.9428030303030304	0.0	0.0
HERV3-int_dup228__LTR61_dup120		HERV3-int_dup228__LTR61_dup120	0.390523538961039	0.5	1.0	0.0	0.3705965909090909	0.8630681818181819	0.0	0.0
HERV9N-int_dup176__LTR12_dup649		HERV9N-int_dup176__LTR12_dup649	0.3936011904761904	0.5	1.0	0.0	0.4514204545454545	0.8037878787878787	0.0	0.0
HERVI-int_dup43__AluSx1_dup54660		HERVI-int_dup43__AluSx1_dup54660	0.3493709415584415	1.0	1.0	0.0	0.4441761363636364	0.0014204545454545	0.0	0.0
HERVIP10FH-int_dup231__MER5A_dup23944		HERVIP10FH-int_dup231__MER5A_dup23944	0.3156351461038961	1.0	0.0	0.0	0.3100142045454545	0.3994318181818181	0.5	0.0
HERVIP10FH-int_dup285__MIRb_dup188816		HERVIP10FH-int_dup285__MIRb_dup188816	0.313967803030303	0.5	1.0	0.0	0.3248579545454546	0.3729166666666667	0.0	0.0
HERVK3-int_dup205__L1MB7_dup19633		HERVK3-int_dup205__L1MB7_dup19633	0.2683373917748917	0.5	0.0	0.0	0.501278409090909	0.8770833333333333	0.0	0.0
HERVK3-int_dup205__LFSINE_Vert_dup2056		HERVK3-int_dup205__LFSINE_Vert_dup2056	0.5133319805194805	1.0	1.0	0.0	0.3938920454545455	0.6994318181818181	0.5	0.0
HERVK3-int_dup205__LTR13_dup421		HERVK3-int_dup205__LTR13_dup421	0.4059794372294372	0.5	1.0	0.0	0.5517045454545455	0.7901515151515152	0.0	0.0
HERVK3-int_dup205__MamRTE1_dup8164		HERVK3-int_dup205__MamRTE1_dup8164	0.4866003787878787	1.0	1.0	0.0	0.3893465909090909	0.5168560606060606	0.5	0.0
HERVK3-int_dup47__AluY_dup26484		HERVK3-int_dup47__AluY_dup26484	0.4308441558441558	0.5	1.0	0.0	0.59375	0.922159090909091	0.0	0.0
HERVL-int_dup2131__MER20B_dup4037		HERVL-int_dup2131__MER20B_dup4037	0.38633658008658	1.0	1.0	0.0	0.4022727272727272	0.3020833333333333	0.0	0.0
HERVL-int_dup2131__MER20B_dup4038		HERVL-int_dup2131__MER20B_dup4038	0.2513122294372294	1.0	0.0	0.0	0.1099431818181818	0.1492424242424242	0.5	0.0
Harlequin-int_dup414__AluSp_dup42912		Harlequin-int_dup414__AluSp_dup42912	0.3714285714285714	0.5	1.0	0.0	0.4346590909090909	0.6653409090909091	0.0	0.0
Helitron3Na_Mam_dup666__MIR_dup107402		Helitron3Na_Mam_dup666__MIR_dup107402	0.428128382034632	1.0	1.0	0.0	0.4141335227272727	0.5827651515151515	0.0	0.0
L1M1_dup4001__AluJb_dup46965		L1M1_dup4001__AluJb_dup46965	0.3246888528138528	1.0	0.0	0.0	0.571875	0.7009469696969698	0.0	0.0
L1M1_dup4001__AluSq4_dup657		L1M1_dup4001__AluSq4_dup657	0.3145359848484848	1.0	0.0	0.0	0.5646306818181819	0.6371212121212121	0.0	0.0
L1M2a_dup410__L1MA5_dup3850		L1M2a_dup410__L1MA5_dup3850	0.2581439393939394	0.5	0.0	0.0	0.375	0.9320075757575758	0.0	0.0
L1M2a_dup411__L1MA5_dup3850		L1M2a_dup411__L1MA5_dup3850	0.2103016774891774	0.5	0.0	0.0	0.2240056818181818	0.7481060606060606	0.0	0.0
L1M3_dup353__L1MC4_dup481		L1M3_dup353__L1MC4_dup481	0.2831168831168831	1.0	0.0	0.0	0.3289772727272727	0.6528409090909091	0.0	0.0
L1M3_dup4496__AluSz_dup67120		L1M3_dup4496__AluSz_dup67120	0.3713406385281385	1.0	1.0	0.0	0.5274147727272727	0.0719696969696969	0.0	0.0
L1M3_dup82__AluJo_dup5326		L1M3_dup82__AluJo_dup5326	0.1551406926406926	0.5	0.0	0.0	0.2732954545454545	0.3126893939393939	0.0	0.0
L1M3_dup82__AluJr4_dup1475		L1M3_dup82__AluJr4_dup1475	0.2158313041125541	0.5	0.0	0.0	0.2808948863636363	0.7299242424242425	0.0	0.0
L1M4_dup9530__Tigger1_dup7034		L1M4_dup9530__Tigger1_dup7034	0.4383150703463203	1.0	1.0	0.0	0.3735085227272727	0.6946969696969697	0.0	0.0
L1M5_dup13404__L1ME3G_dup4479		L1M5_dup13404__L1ME3G_dup4479	0.3105418019480519	1.0	0.0	0.0	0.3328835227272727	0.340909090909091	0.5	0.0
L1M5_dup26886__L1PA6_dup3010		L1M5_dup26886__L1PA6_dup3010	0.5169237012987012	1.0	1.0	0.0	0.3786931818181818	0.7397727272727272	0.5	0.0
L1M5_dup26888__AluSq_dup8240		L1M5_dup26888__AluSq_dup8240	0.3125473484848485	0.5	1.0	0.0	0.3103693181818182	0.3774621212121212	0.0	0.0
L1M5_dup26888__L1M5_dup26886		L1M5_dup26888__L1M5_dup26886	0.4377096861471861	0.5	1.0	0.0	0.2779829545454546	0.7859848484848485	0.5	0.0
L1M5_dup26888__L1PA6_dup3010	0.0	L1M5_dup26888__L1PA6_dup3010	0.2932832792207792	0.5	0.0	0.0	0.3484374999999999	0.7045454545454545	0.5	0.0
L1M5_dup34912__AluSx1_dup66645		L1M5_dup34912__AluSx1_dup66645	0.3087527056277056	0.5	1.0	0.0	0.2639204545454545	0.3973484848484849	0.0	0.0
L1M5_dup34913__AluSx1_dup66645		L1M5_dup34913__AluSx1_dup66645	0.3031216179653679	0.5	1.0	0.0	0.2909801136363636	0.3308712121212121	0.0	0.0
L1M5_dup47755__AluJb_dup111686		L1M5_dup47755__AluJb_dup111686	0.1743540313852813	0.5	0.0	0.0	0.25078125	0.4696969696969697	0.0	0.0
L1M5_dup47755__AluJo_dup68879		L1M5_dup47755__AluJo_dup68879	0.1806344696969696	0.5	0.0	0.0	0.3197443181818181	0.4446969696969696	0.0	0.0
L1M5_dup47755__Tigger3b_dup5699		L1M5_dup47755__Tigger3b_dup5699	0.3219899891774891	0.5	0.0	0.0	0.4092329545454545	0.8446969696969697	0.5	0.0
L1M5_dup4890__AluJr_dup11078		L1M5_dup4890__AluJr_dup11078	0.1216044372294372	0.5	0.0	0.0	0.1951704545454546	0.156060606060606	0.0	0.0
L1M5_dup4890__AluJr_dup11079		L1M5_dup4890__AluJr_dup11079	0.1675324675324675	0.5	0.0	0.0	0.2795454545454545	0.3931818181818181	0.0	0.0
L1M5_dup4890__AluJr_dup11080		L1M5_dup4890__AluJr_dup11080	0.3183407738095238	0.5	1.0	0.0	0.3543323863636363	0.3740530303030303	0.0	0.0
L1M5_dup4890__L1M2_dup1092		L1M5_dup4890__L1M2_dup1092	0.3091247294372294	0.5	1.0	0.0	0.2811079545454545	0.3827651515151515	0.0	0.0
L1M5_dup4890__L1M5_dup7242		L1M5_dup4890__L1M5_dup7242	0.2372835497835497	0.5	0.0	0.0	0.3528409090909091	0.8081439393939394	0.0	0.0
L1M5_dup4890__L1MB4_dup1090		L1M5_dup4890__L1MB4_dup1090	0.2427353896103896	0.5	0.0	0.0	0.4178977272727273	0.78125	0.0	0.0
L1M5_dup4890__PABL_B_dup40		L1M5_dup4890__PABL_B_dup40	0.3449134199134199	0.5	1.0	0.0	0.2482954545454545	0.6660984848484849	0.0	0.0
L1M5_dup4890__Tigger11a_dup58		L1M5_dup4890__Tigger11a_dup58	0.3183475378787879	0.5	1.0	0.0	0.1962357954545454	0.5321969696969697	0.0	0.0
L1M5_dup50975__L2b_dup91364		L1M5_dup50975__L2b_dup91364	0.1993303571428571	0.5	0.0	0.0	0.2521306818181817	0.6431818181818182	0.0	0.0
L1M5_dup7242__AluJb_dup13637		L1M5_dup7242__AluJb_dup13637	0.2225547889610389	0.5	0.0	0.0	0.2959517045454546	0.7619318181818181	0.0	0.0
L1M5_dup7242__L1ME3G_dup1437		L1M5_dup7242__L1ME3G_dup1437	0.1143195346320346	0.5	0.0	0.0	0.1180397727272727	0.1821969696969697	0.0	0.0
L1M5_dup8178__L2b_dup12558		L1M5_dup8178__L2b_dup12558	0.4259165313852814	0.5	1.0	0.0	0.5986505681818182	0.8827651515151516	0.0	0.0
L1M5_dup8180__L2b_dup12558		L1M5_dup8180__L2b_dup12558	0.3489380411255411	0.5	1.0	0.0	0.2711647727272727	0.6714015151515151	0.0	0.0
L1M5_dup8180__L2c_dup19519		L1M5_dup8180__L2c_dup19519	0.3705999729437229	0.5	1.0	0.0	0.3415482954545455	0.7526515151515151	0.0	0.0
L1M6_dup5176__MLT1D_dup17839		L1M6_dup5176__MLT1D_dup17839	0.5666531385281385	1.0	1.0	0.0	0.5610795454545455	0.9054924242424244	0.5	0.0
L1MA10_dup630__L1MD2_dup1341		L1MA10_dup630__L1MD2_dup1341	0.2223789231601731	0.5	0.0	0.0	0.3786221590909091	0.6780303030303031	0.0	0.0
L1MA1_dup3159__AluSx1_dup99481		L1MA1_dup3159__AluSx1_dup99481	0.1390388257575757	0.5	0.0	0.0	0.3906960227272728	0.0825757575757575	0.0	0.0
L1MA1_dup3161__AluSx1_dup99481		L1MA1_dup3161__AluSx1_dup99481	0.2391166125541125	0.5	0.0	0.0	0.5228693181818181	0.6509469696969696	0.0	0.0
L1MA4A_dup4655__AluSg_dup26352		L1MA4A_dup4655__AluSg_dup26352	0.1967397186147185	0.5	0.0	0.0	0.3639204545454545	0.5132575757575757	0.0	0.0
L1MA4_dup6373__AluSx1_dup66645		L1MA4_dup6373__AluSx1_dup66645	0.3616883116883116	0.5	1.0	0.0	0.3784090909090909	0.6534090909090909	0.0	0.0
L1MA5_dup3849__AluJb_dup112757		L1MA5_dup3849__AluJb_dup112757	0.3650331439393939	0.5	1.0	0.0	0.2948153409090909	0.7604166666666666	0.0	0.0
L1MA5_dup3849__AluJr_dup76360		L1MA5_dup3849__AluJr_dup76360	0.364163961038961	0.5	1.0	0.0	0.3315340909090908	0.7176136363636364	0.0	0.0
L1MA5_dup3849__AluSx_dup104090		L1MA5_dup3849__AluSx_dup104090	0.3774655032467532	0.5	1.0	0.0	0.4627130681818182	0.6795454545454546	0.0	0.0
L1MA5_dup3849__AluY_dup94227		L1MA5_dup3849__AluY_dup94227	0.3676474567099567	0.5	1.0	0.0	0.4248579545454545	0.6486742424242424	0.0	0.0
L1MA5_dup3849__L1M2a_dup409		L1MA5_dup3849__L1M2a_dup409	0.3781858766233766	0.5	1.0	0.0	0.2921875	0.8551136363636364	0.0	0.0
L1MA5_dup3849__L1M2a_dup410		L1MA5_dup3849__L1M2a_dup410	0.3887107683982683	0.5	1.0	0.0	0.3416193181818182	0.8793560606060606	0.0	0.0
L1MA5_dup3849__L1M2a_dup411		L1MA5_dup3849__L1M2a_dup411	0.2019886363636363	0.5	0.0	0.0	0.2667613636363636	0.6471590909090909	0.0	0.0
L1MA5_dup3849__L1M2a_dup412		L1MA5_dup3849__L1M2a_dup412	0.3325419372294372	0.5	1.0	0.0	0.1955965909090909	0.6321969696969697	0.0	0.0
L1MA5_dup3850__AluJb_dup112757		L1MA5_dup3850__AluJb_dup112757	0.1577482413419913	0.5	0.0	0.0	0.3074573863636363	0.296780303030303	0.0	0.0
L1MA5_dup3850__AluY_dup94227		L1MA5_dup3850__AluY_dup94227	0.2402529761904761	0.5	0.0	0.0	0.4842329545454545	0.6975378787878787	0.0	0.0
L1MA5_dup3850__L1M2a_dup409		L1MA5_dup3850__L1M2a_dup409	0.2529829545454545	0.5	0.0	0.0	0.3356534090909091	0.9352272727272728	0.0	0.0
L1MA5_dup3850__L1M2a_dup412		L1MA5_dup3850__L1M2a_dup412	0.216020698051948	0.5	0.0	0.0	0.2752130681818182	0.7369318181818182	0.0	0.0
L1MA5_dup3850__L1M2a_dup413		L1MA5_dup3850__L1M2a_dup413	0.2592058982683982	0.5	0.0	0.0	0.4680397727272727	0.8464015151515151	0.0	0.0
L1MA9_dup4687__MER20_dup5193		L1MA9_dup4687__MER20_dup5193	0.2278206168831168	1.0	0.0	0.0	0.3640624999999999	0.2306818181818181	0.0	0.0
L1MB2_dup4569__MER54B_dup219		L1MB2_dup4569__MER54B_dup219	0.5261532738095238	0.5	1.0	0.0	0.7607244318181818	0.9223484848484848	0.5	0.0
L1MB3_dup12634__AluSp_dup36513		L1MB3_dup12634__AluSp_dup36513	0.1945481601731601	0.5	0.0	0.0	0.2889204545454545	0.5729166666666666	0.0	0.0
L1MB3_dup12634__AluYk11_dup929		L1MB3_dup12634__AluYk11_dup929	0.1861268939393939	0.5	0.0	0.0	0.3026988636363636	0.5001893939393939	0.0	0.0
L1MB3_dup14886__Tigger3b_dup5699		L1MB3_dup14886__Tigger3b_dup5699	0.3251589556277056	0.5	0.0	0.0	0.3503551136363637	0.9257575757575758	0.5	0.0
L1MB3_dup5457__MER46C_dup921		L1MB3_dup5457__MER46C_dup921	0.3787405303030302	0.5	1.0	0.0	0.3248579545454546	0.8263257575757575	0.0	0.0
L1MB3_dup6014__AluSx3_dup11593		L1MB3_dup6014__AluSx3_dup11593	0.4024756493506493	0.5	1.0	0.0	0.4247159090909091	0.3926136363636363	0.5	0.0
L1MB4_dup1087__L1ME3G_dup1437		L1MB4_dup1087__L1ME3G_dup1437	0.2558035714285714	0.5	1.0	0.0	0.1923295454545454	0.0982954545454545	0.0	0.0
L1MB4_dup1088__L1ME3G_dup1437		L1MB4_dup1088__L1ME3G_dup1437	0.1253382034632034	0.5	0.0	0.0	0.2622159090909091	0.1151515151515151	0.0	0.0
L1MB4_dup1089__L1ME3G_dup1437		L1MB4_dup1089__L1ME3G_dup1437	0.1601122835497835	0.5	0.0	0.0	0.2643465909090909	0.3564393939393939	0.0	0.0
L1MB4_dup1090__L1ME3G_dup1437		L1MB4_dup1090__L1ME3G_dup1437	0.1737283549783549	0.5	0.0	0.0	0.3585227272727272	0.3575757575757576	0.0	0.0
L1MB4_dup4494__L1MB4_dup4495		L1MB4_dup4494__L1MB4_dup4495	0.3224296536796537	0.5	0.0	0.0	0.3829545454545454	0.8740530303030303	0.5	0.0
L1MB5_dup1278__AluJr4_dup3262		L1MB5_dup1278__AluJr4_dup3262	0.4110119047619047	0.5	1.0	0.0	0.5096590909090909	0.8674242424242425	0.0	0.0
L1MB5_dup1278__CR1_Mam_dup250		L1MB5_dup1278__CR1_Mam_dup250	0.3146205357142857	0.5	1.0	0.0	0.248934659090909	0.4534090909090909	0.0	0.0
L1MB5_dup1278__HERV16-int_dup241		L1MB5_dup1278__HERV16-int_dup241	0.3159023268398268	0.5	1.0	0.0	0.2802556818181818	0.4310606060606061	0.0	0.0
L1MB5_dup1278__HERV16-int_dup243		L1MB5_dup1278__HERV16-int_dup243	0.3695278679653679	0.5	1.0	0.0	0.3092329545454545	0.7774621212121212	0.0	0.0
L1MB5_dup1278__LTR16A_dup561		L1MB5_dup1278__LTR16A_dup561	0.3806175595238095	0.5	1.0	0.0	0.3743607954545455	0.7899621212121213	0.0	0.0
L1MB5_dup1279__AluJr4_dup3262		L1MB5_dup1279__AluJr4_dup3262	0.123339420995671	0.5	0.0	0.0	0.3169744318181818	0.0464015151515151	0.0	0.0
L1MB5_dup1279__CR1_Mam_dup250		L1MB5_dup1279__CR1_Mam_dup250	0.124120670995671	0.5	0.0	0.0	0.2940340909090909	0.074810606060606	0.0	0.0
L1MB5_dup1279__HERV16-int_dup243		L1MB5_dup1279__HERV16-int_dup243	0.1204816017316017	0.5	0.0	0.0	0.1886363636363636	0.1547348484848485	0.0	0.0
L1MB5_dup1279__LTR16A_dup561		L1MB5_dup1279__LTR16A_dup561	0.09941829004329	0.5	0.0	0.0	0.1616477272727272	0.034280303030303	0.0	0.0
L1MB5_dup1931__L1ME4a_dup9402	0.0	L1MB5_dup1931__L1ME4a_dup9402	0.4534361471861472	0.5	1.0	0.0	0.3409090909090909	0.8331439393939394	0.5	0.0
L1MB5_dup4884__AluSg_dup20280		L1MB5_dup4884__AluSg_dup20280	0.4087459415584415	1.0	1.0	0.0	0.4117897727272727	0.4494318181818181	0.0	0.0
L1MB5_dup552__MER41D_dup13		L1MB5_dup552__MER41D_dup13	0.4152157738095238	1.0	1.0	0.0	0.35859375	0.5479166666666666	0.0	0.0
L1MB7_dup11020__L1PA7_dup7121		L1MB7_dup11020__L1PA7_dup7121	0.4385146103896103	0.5	1.0	0.0	0.4849431818181818	0.5846590909090909	0.5	0.0
L1MB7_dup11021__L1PA7_dup7121		L1MB7_dup11021__L1PA7_dup7121	0.3931277056277056	0.5	1.0	0.0	0.4346590909090909	0.8172348484848485	0.0	0.0
L1MB7_dup11165__L1M1_dup4607		L1MB7_dup11165__L1M1_dup4607	0.3928165584415584	1.0	1.0	0.0	0.3684659090909091	0.38125	0.0	0.0
L1MB7_dup11353__L1MB4_dup4495		L1MB7_dup11353__L1MB4_dup4495	0.3394480519480519	0.5	0.0	0.0	0.5176136363636363	0.8585227272727273	0.5	0.0
L1MB7_dup18998__MLT1A_dup7777		L1MB7_dup18998__MLT1A_dup7777	0.4275128517316017	1.0	1.0	0.0	0.4997869318181818	0.4928030303030303	0.0	0.0
L1MB7_dup19479__L1MB7_dup19477	0.0	L1MB7_dup19479__L1MB7_dup19477	0.2742424242424242	0.5	0.0	0.0	0.4278409090909091	0.9918560606060606	0.0	0.0
L1MB7_dup19633__LTR3_dup67		L1MB7_dup19633__LTR3_dup67	0.3714691558441558	0.5	0.0	0.0	0.7576704545454546	0.8426136363636364	0.5	0.0
L1MB7_dup21253__HAL1_dup22379		L1MB7_dup21253__HAL1_dup22379	0.2117965367965368	0.5	0.0	0.0	0.2238636363636364	0.7587121212121213	0.0	0.0
L1MB8_dup1193__L3_dup6711		L1MB8_dup1193__L3_dup6711	0.2397152326839826	1.0	0.0	0.0	0.2100142045454545	0.4679924242424242	0.0	0.0
L1MB8_dup1193__LTR79_dup561		L1MB8_dup1193__LTR79_dup561	0.285741341991342	1.0	0.0	0.0	0.4278409090909091	0.5723484848484849	0.0	0.0
L1MB8_dup1193__LTR79_dup562		L1MB8_dup1193__LTR79_dup562	0.3626860119047619	1.0	0.0	0.0	0.3549005681818181	0.6839015151515152	0.5	0.0
L1MB8_dup1193__MER5B_dup2952		L1MB8_dup1193__MER5B_dup2952	0.2605384199134198	1.0	0.0	0.0	0.3264204545454545	0.4973484848484849	0.0	0.0
L1MC1_dup11665__L1MB7_dup19479		L1MC1_dup11665__L1MB7_dup19479	0.2199337121212121	0.5	0.0	0.0	0.2848011363636364	0.7547348484848485	0.0	0.0
L1MC1_dup11666__L1MB7_dup19479		L1MC1_dup11666__L1MB7_dup19479	0.2206236471861472	0.5	0.0	0.0	0.2788352272727273	0.7655303030303031	0.0	0.0
L1MC1_dup1516__AluSc8_dup3494		L1MC1_dup1516__AluSc8_dup3494	0.4230316558441558	1.0	1.0	0.0	0.5151988636363637	0.4460227272727273	0.0	0.0
L1MC1_dup1517__AluSc8_dup3494		L1MC1_dup1517__AluSc8_dup3494	0.3825487012987013	1.0	1.0	0.0	0.4715909090909091	0.2062499999999999	0.0	0.0
L1MC1_dup1518__AluSc8_dup3494		L1MC1_dup1518__AluSc8_dup3494	0.3656351461038961	1.0	1.0	0.0	0.5037642045454546	0.0556818181818181	0.0	0.0
L1MC1_dup1518__AluSq2_dup9704		L1MC1_dup1518__AluSq2_dup9704	0.3986810064935064	1.0	1.0	0.0	0.4532670454545455	0.3375000000000001	0.0	0.0
L1MC1_dup1519__AluSc8_dup3494		L1MC1_dup1519__AluSc8_dup3494	0.4260247564935064	1.0	1.0	0.0	0.5514914772727273	0.4306818181818181	0.0	0.0
L1MC1_dup1519__AluSq2_dup9704		L1MC1_dup1519__AluSq2_dup9704	0.3856364989177488	1.0	1.0	0.0	0.4354403409090909	0.2640151515151515	0.0	0.0
L1MC4_dup10771__MLT2B3_dup1542		L1MC4_dup10771__MLT2B3_dup1542	0.3033549783549784	0.5	0.0	0.0	0.5488636363636363	0.5746212121212122	0.5	0.0
L1MC4_dup10773__L1MC4_dup10771		L1MC4_dup10773__L1MC4_dup10771	0.2752367424242424	0.5	0.0	0.0	0.3643465909090909	0.5623106060606061	0.5	0.0
L1MC4_dup12708__L1PA4_dup6641		L1MC4_dup12708__L1PA4_dup6641	0.3686891233766234	0.5	1.0	0.0	0.3683238636363636	0.7125	0.0	0.0
L1MC4_dup15599__L2a_dup104440		L1MC4_dup15599__L2a_dup104440	0.4252705627705627	0.5	1.0	0.0	0.6113636363636364	0.8655303030303031	0.0	0.0
L1MC4_dup15600__L2a_dup104440		L1MC4_dup15600__L2a_dup104440	0.3852205086580086	0.5	1.0	0.0	0.4507102272727273	0.7458333333333332	0.0	0.0
L1MC4_dup20502__L1ME2z_dup5714		L1MC4_dup20502__L1ME2z_dup5714	0.3525094696969696	0.5	1.0	0.0	0.2774147727272727	0.6901515151515151	0.0	0.0
L1MC4_dup22000__L1ME2_dup11401		L1MC4_dup22000__L1ME2_dup11401	0.4114650974025974	0.5	1.0	0.0	0.4223011363636363	0.9579545454545456	0.0	0.0
L1MC4_dup22001__L1ME2_dup11401		L1MC4_dup22001__L1ME2_dup11401	0.3592228084415584	0.5	1.0	0.0	0.2549005681818181	0.7596590909090909	0.0	0.0
L1MC4_dup4213__L1ME3A_dup3284		L1MC4_dup4213__L1ME3A_dup3284	0.4132406655844156	1.0	1.0	0.0	0.2756392045454545	0.6170454545454546	0.0	0.0
L1MC4_dup481__AluY_dup7006		L1MC4_dup481__AluY_dup7006	0.3603253517316017	1.0	0.0	0.0	0.6237926136363637	0.8984848484848484	0.0	0.0
L1MC5_dup12895__L2b_dup81583		L1MC5_dup12895__L2b_dup81583	0.358110119047619	0.5	1.0	0.0	0.5450284090909091	0.4617424242424242	0.0	0.0
L1MC5_dup3838__AluSc_dup8790		L1MC5_dup3838__AluSc_dup8790	0.2693756764069264	0.5	0.0	0.0	0.4700994318181818	0.415530303030303	0.5	0.0
L1MC5_dup3838__AluSp_dup12612		L1MC5_dup3838__AluSp_dup12612	0.2121415043290043	0.5	0.0	0.0	0.5268465909090909	0.4581439393939394	0.0	0.0
L1MC5_dup3838__AluSq2_dup14778		L1MC5_dup3838__AluSq2_dup14778	0.2494622564935064	0.5	0.0	0.0	0.4638494318181818	0.7823863636363636	0.0	0.0
L1MC5_dup3838__L1MC1_dup3683		L1MC5_dup3838__L1MC1_dup3683	0.1544439935064935	0.5	0.0	0.0	0.2572443181818181	0.3238636363636364	0.0	0.0
L1MC5_dup3838__L1MC5_dup3839		L1MC5_dup3838__L1MC5_dup3839	0.2416565205627705	0.5	0.0	0.0	0.2419744318181818	0.449621212121212	0.5	0.0
L1MC5_dup7945__AluSg_dup17903		L1MC5_dup7945__AluSg_dup17903	0.3476461038961038	0.5	1.0	0.0	0.3909090909090909	0.5426136363636364	0.0	0.0
L1MC5_dup7945__MLT1A0_dup11572		L1MC5_dup7945__MLT1A0_dup11572	0.4620468073593073	0.5	1.0	0.0	0.3833806818181818	0.8509469696969697	0.5	0.0
L1MC5_dup9443__L2c_dup90525		L1MC5_dup9443__L2c_dup90525	0.4032061688311688	0.5	1.0	0.0	0.3809659090909091	0.9414772727272728	0.0	0.0
L1MC5a_dup1254__L3_dup6711		L1MC5a_dup1254__L3_dup6711	0.2998376623376623	1.0	0.0	0.0	0.4142045454545454	0.6846590909090908	0.0	0.0
L1MC5a_dup1254__LTR79_dup561		L1MC5a_dup1254__LTR79_dup561	0.2705424783549783	1.0	0.0	0.0	0.3714488636363636	0.5223484848484848	0.0	0.0
L1MC5a_dup1254__LTR79_dup562		L1MC5a_dup1254__LTR79_dup562	0.3698863636363636	1.0	0.0	0.0	0.3221590909090909	0.7670454545454545	0.5	0.0
L1MC5a_dup1254__MER5B_dup2952		L1MC5a_dup1254__MER5B_dup2952	0.2580560064935064	1.0	0.0	0.0	0.3245738636363636	0.4818181818181817	0.0	0.0
L1MC5a_dup1255__L3_dup6711		L1MC5a_dup1255__L3_dup6711	0.249320211038961	1.0	0.0	0.0	0.2174005681818182	0.5278409090909091	0.0	0.0
L1MC5a_dup1255__L3_dup6712		L1MC5a_dup1255__L3_dup6712	0.3373241341991342	1.0	0.0	0.0	0.3769886363636363	0.484280303030303	0.5	0.0
L1MC5a_dup1255__MER5B_dup2952		L1MC5a_dup1255__MER5B_dup2952	0.2341788419913419	1.0	0.0	0.0	0.2856534090909091	0.3535984848484848	0.0	0.0
L1MC5a_dup15266__MER113_dup3601		L1MC5a_dup15266__MER113_dup3601	0.5034767316017316	1.0	1.0	0.0	0.3758522727272727	0.6484848484848486	0.5	0.0
L1MC_dup2111__AluSc8_dup5087		L1MC_dup2111__AluSc8_dup5087	0.3123376623376623	0.5	1.0	0.0	0.3630681818181818	0.3232954545454545	0.0	0.0
L1MCa_dup5631__AluJo_dup55677		L1MCa_dup5631__AluJo_dup55677	0.4322003517316017	1.0	1.0	0.0	0.3627130681818182	0.662689393939394	0.0	0.0
L1MCc_dup2166__L2c_dup83238		L1MCc_dup2166__L2c_dup83238	0.2914535984848485	0.5	1.0	0.0	0.3024857954545454	0.2376893939393939	0.0	0.0
L1MCc_dup2167__AluSz_dup55400		L1MCc_dup2167__AluSz_dup55400	0.4206135010822511	0.5	1.0	0.0	0.6219460227272728	0.8223484848484848	0.0	0.0
L1MCc_dup2167__L2c_dup83238		L1MCc_dup2167__L2c_dup83238	0.3395833333333333	0.5	1.0	0.0	0.3556818181818182	0.5214015151515151	0.0	0.0
L1MD2_dup1341__L1MD2_dup1340		L1MD2_dup1341__L1MD2_dup1340	0.2705289502164502	0.5	0.0	0.0	0.4507102272727272	0.4429924242424243	0.5	0.0
L1MD2_dup1341__MER44A_dup333		L1MD2_dup1341__MER44A_dup333	0.2015151515151515	0.5	0.0	0.0	0.2681818181818182	0.6424242424242425	0.0	0.0
L1MD2_dup7313__L1MD2_dup7430		L1MD2_dup7313__L1MD2_dup7430	0.4727069805194804	1.0	1.0	0.0	0.4186079545454545	0.890340909090909	0.0	0.0
L1MD3_dup3612__AluSx1_dup76264		L1MD3_dup3612__AluSx1_dup76264	0.4006493506493506	0.5	1.0	0.0	0.5034090909090909	0.3011363636363636	0.5	0.0
L1MD3_dup807__MamRTE1_dup1541		L1MD3_dup807__MamRTE1_dup1541	0.2213474025974026	0.5	0.0	0.0	0.3034090909090909	0.7460227272727273	0.0	0.0
L1MD_dup2312__AluSc8_dup5087		L1MD_dup2312__AluSc8_dup5087	0.3577313311688312	0.5	1.0	0.0	0.5342329545454546	0.4698863636363636	0.0	0.0
L1ME1_dup16094__L1ME2_dup6997	1.0	L1ME1_dup16094__L1ME2_dup6997	0.3251758658008657	0.5	1.0	0.0	0.2474431818181818	0.5287878787878788	0.0	0.0
L1ME1_dup22656__Tigger13a_dup2288		L1ME1_dup22656__Tigger13a_dup2288	0.4864177489177489	1.0	1.0	0.0	0.4380681818181818	0.9668560606060608	0.0	0.0
L1ME1_dup22674__AluSz_dup67120		L1ME1_dup22674__AluSz_dup67120	0.3610491071428571	1.0	1.0	0.0	0.4182528409090909	0.109090909090909	0.0	0.0
L1ME1_dup30511__AluY_dup103890		L1ME1_dup30511__AluY_dup103890	0.2976833062770562	0.5	1.0	0.0	0.3756392045454545	0.2081439393939394	0.0	0.0
L1ME2_dup11400__L1MC4_dup22000		L1ME2_dup11400__L1MC4_dup22000	0.384473079004329	0.5	1.0	0.0	0.3530539772727273	0.8382575757575758	0.0	0.0
L1ME2_dup11400__L1MC4_dup22001		L1ME2_dup11400__L1MC4_dup22001	0.3516098484848484	0.5	1.0	0.0	0.2775568181818181	0.6837121212121212	0.0	0.0
L1ME2_dup11402__L1MC4_dup22000		L1ME2_dup11402__L1MC4_dup22000	0.3662980248917749	0.5	1.0	0.0	0.2415482954545455	0.8225378787878789	0.0	0.0
L1ME2_dup11402__L1MC4_dup22001		L1ME2_dup11402__L1MC4_dup22001	0.3299377705627705	0.5	1.0	0.0	0.2082386363636364	0.6013257575757576	0.0	0.0
L1ME2_dup11404__L1MC4_dup22000		L1ME2_dup11404__L1MC4_dup22000	0.3884604978354978	0.5	1.0	0.0	0.4008522727272727	0.8183712121212121	0.0	0.0
L1ME2_dup11404__L1MC4_dup22001		L1ME2_dup11404__L1MC4_dup22001	0.3481195887445887	0.5	1.0	0.0	0.3451704545454545	0.5916666666666667	0.0	0.0
L1ME2_dup11406__L1MC4_dup22000		L1ME2_dup11406__L1MC4_dup22000	0.3602340367965367	0.5	1.0	0.0	0.3850852272727273	0.6365530303030303	0.0	0.0
L1ME2_dup11406__L1MC4_dup22001		L1ME2_dup11406__L1MC4_dup22001	0.3310741341991342	0.5	1.0	0.0	0.3576704545454545	0.4598484848484848	0.0	0.0
L1ME2_dup533__L2a_dup16380		L1ME2_dup533__L2a_dup16380	0.452834145021645	1.0	1.0	0.0	0.2569602272727273	0.4128787878787879	0.5	0.0
L1ME2_dup533__L2a_dup16381		L1ME2_dup533__L2a_dup16381	0.5320616883116883	1.0	1.0	0.0	0.4613636363636364	0.7630681818181818	0.5	0.0
L1ME2_dup533__MER2_dup700		L1ME2_dup533__MER2_dup700	0.1111674783549783	0.5	0.0	0.0	0.0865056818181818	0.1916666666666666	0.0	0.0
L1ME2z_dup2030__MLT1H1_dup1062		L1ME2z_dup2030__MLT1H1_dup1062	0.4210159632034632	0.5	1.0	0.0	0.6694602272727274	0.7776515151515152	0.0	0.0
L1ME2z_dup5714__L2a_dup143379		L1ME2z_dup5714__L2a_dup143379	0.3426136363636364	0.5	1.0	0.0	0.4863636363636363	0.4119318181818182	0.0	0.0
L1ME2z_dup5805__L1MB7_dup17919		L1ME2z_dup5805__L1MB7_dup17919	0.4591281114718614	1.0	1.0	0.0	0.3841619318181818	0.8297348484848485	0.0	0.0
L1ME3B_dup5316__MIR_dup121349		L1ME3B_dup5316__MIR_dup121349	0.2058238636363636	0.5	0.0	0.0	0.3845170454545454	0.55625	0.0	0.0
L1ME3C_dup2977__MLT1A_dup7777		L1ME3C_dup2977__MLT1A_dup7777	0.5107582521645021	1.0	1.0	0.0	0.4425426136363636	0.6327651515151516	0.5	0.0
L1ME3C_dup2977__MLT1C_dup16392		L1ME3C_dup2977__MLT1C_dup16392	0.3572882846320346	1.0	0.0	0.0	0.3591619318181818	0.6418560606060607	0.5	0.0
L1ME3Cz_dup10555__LTR40b_dup1008		L1ME3Cz_dup10555__LTR40b_dup1008	0.3236268939393939	0.5	1.0	0.0	0.4663352272727272	0.2990530303030302	0.0	0.0
L1ME3Cz_dup10555__LTR40b_dup1010		L1ME3Cz_dup10555__LTR40b_dup1010	0.3731229707792207	0.5	1.0	0.0	0.5567471590909091	0.5551136363636363	0.0	0.0
L1ME3Cz_dup11237__L2c_dup127652		L1ME3Cz_dup11237__L2c_dup127652	0.5164908008658008	1.0	1.0	0.0	0.365625	0.7498106060606061	0.5	0.0
L1ME3Cz_dup3116__L1PA5_dup3140		L1ME3Cz_dup3116__L1PA5_dup3140	0.4713135822510822	1.0	1.0	0.0	0.5001420454545454	0.7990530303030304	0.0	0.0
L1ME3D_dup2613__HAL1_dup14970		L1ME3D_dup2613__HAL1_dup14970	0.2480079816017315	0.5	0.0	0.0	0.236434659090909	0.4996212121212121	0.5	0.0
L1ME3_dup7030__AluSp_dup35846		L1ME3_dup7030__AluSp_dup35846	0.3193790584415584	0.5	1.0	0.0	0.3845170454545454	0.3511363636363636	0.0	0.0
L1ME3_dup7030__L1MEg_dup11624		L1ME3_dup7030__L1MEg_dup11624	0.3741714015151515	0.5	1.0	0.0	0.3057528409090909	0.8134469696969697	0.0	0.0
L1ME4a_dup29832__AluJb_dup106389		L1ME4a_dup29832__AluJb_dup106389	0.3702448593073593	0.5	1.0	0.0	0.4021306818181818	0.6895833333333333	0.0	0.0
L1ME4a_dup29832__AluSc_dup29630		L1ME4a_dup29832__AluSc_dup29630	0.3068587662337662	0.5	1.0	0.0	0.3019886363636364	0.3460227272727272	0.0	0.0
L1ME4a_dup29832__AluSx4_dup9250		L1ME4a_dup29832__AluSx4_dup9250	0.3481872294372294	0.5	1.0	0.0	0.3295454545454546	0.6077651515151515	0.0	0.0
L1ME4a_dup29832__AluSx_dup96820		L1ME4a_dup29832__AluSx_dup96820	0.3209719967532467	0.5	1.0	0.0	0.3700994318181818	0.3767045454545454	0.0	0.0
L1ME4a_dup29832__L1ME3Cz_dup10555		L1ME4a_dup29832__L1ME3Cz_dup10555	0.3447916666666666	0.5	1.0	0.0	0.3366477272727273	0.5768939393939395	0.0	0.0
L1ME4a_dup29832__MIR_dup149777		L1ME4a_dup29832__MIR_dup149777	0.3168898809523809	0.5	1.0	0.0	0.2822443181818181	0.4359848484848485	0.0	0.0
L1ME4a_dup29833__AluSc_dup29630		L1ME4a_dup29833__AluSc_dup29630	0.3204680735930735	0.5	1.0	0.0	0.5326704545454545	0.2106060606060606	0.0	0.0
L1ME4a_dup29833__L1ME3Cz_dup10555		L1ME4a_dup29833__L1ME3Cz_dup10555	0.3530100108225108	0.5	1.0	0.0	0.3498579545454545	0.1212121212121212	0.5	0.0
L1ME4a_dup29833__MIR_dup149777		L1ME4a_dup29833__MIR_dup149777	0.2765083874458874	0.5	1.0	0.0	0.2796875	0.1558712121212121	0.0	0.0
L1ME4b_dup12728__AluSq2_dup35071		L1ME4b_dup12728__AluSq2_dup35071	0.4512817911255411	1.0	1.0	0.0	0.5830255681818183	0.5759469696969698	0.0	0.0
L1ME4b_dup12728__MIR_dup107402		L1ME4b_dup12728__MIR_dup107402	0.401082251082251	1.0	1.0	0.0	0.3034090909090909	0.5041666666666667	0.0	0.0
L1ME4b_dup3094__L2b_dup12558		L1ME4b_dup3094__L2b_dup12558	0.3868607954545454	0.5	1.0	0.0	0.3875710227272728	0.8204545454545454	0.0	0.0
L1ME4b_dup3095__L2b_dup12558		L1ME4b_dup3095__L2b_dup12558	0.3866511093073593	0.5	1.0	0.0	0.3658380681818182	0.840719696969697	0.0	0.0
L1ME4b_dup4179__AluSx_dup24703		L1ME4b_dup4179__AluSx_dup24703	0.2511634199134199	1.0	0.0	0.0	0.5863636363636364	0.171780303030303	0.0	0.0
L1ME4b_dup5080__L1ME3C_dup839		L1ME4b_dup5080__L1ME3C_dup839	0.4512445887445887	1.0	1.0	0.0	0.3011363636363636	0.3575757575757576	0.5	0.0
L1ME4b_dup5080__L2c_dup40205		L1ME4b_dup5080__L2c_dup40205	0.5722436417748917	1.0	1.0	0.0	0.613849431818182	0.8918560606060607	0.5	0.0
L1ME4b_dup5080__MER74A_dup428		L1ME4b_dup5080__MER74A_dup428	0.5592397186147186	1.0	1.0	0.0	0.6019886363636364	0.8126893939393939	0.5	0.0
L1ME4b_dup8937__AluSx_dup45410		L1ME4b_dup8937__AluSx_dup45410	0.4498342803030303	1.0	1.0	0.0	0.4549005681818182	0.693939393939394	0.0	0.0
L1ME4b_dup8937__L1ME3B_dup3519		L1ME4b_dup8937__L1ME3B_dup3519	0.4209686147186147	1.0	1.0	0.0	0.4659090909090909	0.4808712121212121	0.0	0.0
L1ME4c_dup74__L2c_dup8951		L1ME4c_dup74__L2c_dup8951	0.1964556277056277	0.5	0.0	0.0	0.4676136363636364	0.4075757575757575	0.0	0.0
L1ME4c_dup7888__AluSz_dup93479		L1ME4c_dup7888__AluSz_dup93479	0.1825757575757575	0.5	0.0	0.0	0.2954545454545454	0.4825757575757576	0.0	0.0
L1ME5_dup1704__L1ME2_dup6997	1.0	L1ME5_dup1704__L1ME2_dup6997	0.2536593614718614	0.5	0.0	0.0	0.4112215909090909	0.8643939393939393	0.0	0.0
L1MEd_dup14305__AluSg_dup21482		L1MEd_dup14305__AluSg_dup21482	0.1672957251082251	0.5	0.0	0.0	0.3958806818181818	0.2751893939393939	0.0	0.0
L1MEd_dup14305__L1M5_dup34912		L1MEd_dup14305__L1M5_dup34912	0.210254329004329	0.5	0.0	0.0	0.3676136363636364	0.6041666666666666	0.0	0.0
L1MEd_dup14305__L1M5_dup34913		L1MEd_dup14305__L1M5_dup34913	0.1289299242424242	0.5	0.0	0.0	0.1776988636363636	0.224810606060606	0.0	0.0
L1MEd_dup14305__L1MA4_dup6373		L1MEd_dup14305__L1MA4_dup6373	0.1954274891774891	0.5	0.0	0.0	0.2602272727272727	0.6077651515151515	0.0	0.0
L1MEd_dup18882__Tigger3b_dup5699		L1MEd_dup18882__Tigger3b_dup5699	0.4660105519480519	0.5	1.0	0.0	0.3813920454545454	0.8806818181818182	0.5	0.0
L1MEd_dup18883__Tigger3b_dup5699		L1MEd_dup18883__Tigger3b_dup5699	0.442677895021645	0.5	1.0	0.0	0.3830255681818182	0.7157196969696971	0.5	0.0
L1MEh_dup690__L1ME3F_dup1080		L1MEh_dup690__L1ME3F_dup1080	0.3981669372294372	0.5	1.0	0.0	0.3561079545454546	0.931060606060606	0.0	0.0
L1M_dup569__AluSc_dup25744		L1M_dup569__AluSc_dup25744	0.1847098214285714	0.5	0.0	0.0	0.5151278409090909	0.2778409090909091	0.0	0.0
L1M_dup569__L2c_dup110124		L1M_dup569__L2c_dup110124	0.1190340909090909	0.5	0.0	0.0	0.2082386363636363	0.125	0.0	0.0
L1P1_dup162__MER1A_dup172		L1P1_dup162__MER1A_dup172	0.2860964556277056	0.5	1.0	0.0	0.2729403409090909	0.2297348484848485	0.0	0.0
L1P2_dup1222__L1P2_dup1221		L1P2_dup1222__L1P2_dup1221	0.4030979437229437	0.5	1.0	0.0	0.4536931818181818	0.8679924242424243	0.0	0.0
L1PA13_dup1565__AluJb_dup26776		L1PA13_dup1565__AluJb_dup26776	0.2060673701298701	0.5	0.0	0.0	0.4180397727272727	0.5244318181818182	0.0	0.0
L1PA14_dup2286__L1M4_dup13961		L1PA14_dup2286__L1M4_dup13961	0.3693317099567099	0.5	1.0	0.0	0.3821022727272727	0.7032196969696969	0.0	0.0
L1PA14_dup2286__L1M5_dup40365		L1PA14_dup2286__L1M5_dup40365	0.3765760281385281	0.5	1.0	0.0	0.2947443181818182	0.8412878787878788	0.0	0.0
L1PA16_dup8318__Charlie8_dup1661		L1PA16_dup8318__Charlie8_dup1661	0.1143432088744588	0.5	0.0	0.0	0.1678267045454545	0.1325757575757575	0.0	0.0
L1PA17_dup2298__AluSx1_dup50309		L1PA17_dup2298__AluSx1_dup50309	0.381544237012987	0.5	1.0	0.0	0.5969460227272727	0.5738636363636364	0.0	0.0
L1PA17_dup2298__L2_dup29174		L1PA17_dup2298__L2_dup29174	0.3742255140692641	0.5	1.0	0.0	0.5199573863636364	0.5996212121212121	0.0	0.0
L1PA17_dup2298__LTR67B_dup2005		L1PA17_dup2298__LTR67B_dup2005	0.4214962121212121	0.5	1.0	0.0	0.6588068181818182	0.7916666666666666	0.0	0.0
L1PA17_dup2298__LTR67B_dup2006		L1PA17_dup2298__LTR67B_dup2006	0.3752232142857142	0.5	1.0	0.0	0.4987215909090909	0.6278409090909091	0.0	0.0
L1PA2_dup3169__L1MEd_dup14410		L1PA2_dup3169__L1MEd_dup14410	0.2523133116883116	0.5	0.0	0.0	0.5008522727272727	0.765340909090909	0.0	0.0
L1PA2_dup3169__L1MEd_dup14411		L1PA2_dup3169__L1MEd_dup14411	0.2137987012987013	0.5	0.0	0.0	0.4801136363636363	0.5164772727272727	0.0	0.0
L1PA3_dup6788__MIRb_dup144214		L1PA3_dup6788__MIRb_dup144214	0.3851934523809524	0.5	1.0	0.0	0.5359375000000001	0.6604166666666668	0.0	0.0
L1PA3_dup7310__AluJb_dup80684		L1PA3_dup7310__AluJb_dup80684	0.4205830627705627	1.0	1.0	0.0	0.3865056818181818	0.5575757575757576	0.0	0.0
L1PA3_dup8925__AluSz6_dup40311		L1PA3_dup8925__AluSz6_dup40311	0.3667681277056276	0.5	1.0	0.0	0.3603693181818181	0.7070075757575758	0.0	0.0
L1PA3_dup9433__AluJr_dup78874		L1PA3_dup9433__AluJr_dup78874	0.4225378787878787	1.0	1.0	0.0	0.5130681818181818	0.4446969696969696	0.0	0.0
L1PA5_dup3840__AluSx3_dup8802		L1PA5_dup3840__AluSx3_dup8802	0.2243303571428571	1.0	0.0	0.0	0.5688920454545454	0.0014204545454545	0.0	0.0
L1PA5_dup3840__L2a_dup53458		L1PA5_dup3840__L2a_dup53458	0.3072375541125541	1.0	0.0	0.0	0.5474431818181819	0.6032196969696969	0.0	0.0
L1PA5_dup9906__AluSz_dup93479		L1PA5_dup9906__AluSz_dup93479	0.3573119588744589	0.5	1.0	0.0	0.5964488636363636	0.4047348484848485	0.0	0.0
L1PA7_dup6844__MIRc_dup48081		L1PA7_dup6844__MIRc_dup48081	0.4057291666666666	0.5	1.0	0.0	0.5245738636363637	0.8155303030303029	0.0	0.0
L1PA7_dup702__AluSz_dup7591		L1PA7_dup702__AluSz_dup7591	0.3898268398268398	0.5	1.0	0.0	0.5755681818181818	0.653219696969697	0.0	0.0
L1PA7_dup702__L1P1_dup162		L1PA7_dup702__L1P1_dup162	0.3923498376623376	0.5	1.0	0.0	0.4220170454545455	0.8244318181818181	0.0	0.0
L1PA7_dup702__L1PA7_dup703		L1PA7_dup702__L1PA7_dup703	0.3843682359307359	0.5	1.0	0.0	0.4055397727272727	0.7850378787878789	0.0	0.0
L1PA7_dup702__MIR_dup13913		L1PA7_dup702__MIR_dup13913	0.367579816017316	0.5	1.0	0.0	0.4240056818181819	0.6490530303030303	0.0	0.0
L1PA7_dup702__MIRc_dup8803		L1PA7_dup702__MIRc_dup8803	0.2598484848484848	0.5	0.0	0.0	0.4852272727272727	0.8337121212121211	0.0	0.0
L1PA7_dup703__MER1A_dup172		L1PA7_dup703__MER1A_dup172	0.2576467803030303	0.5	1.0	0.0	0.1084517045454545	0.1950757575757575	0.0	0.0
L1PA7_dup7122__L1MB7_dup11020		L1PA7_dup7122__L1MB7_dup11020	0.4398200757575757	0.5	1.0	0.0	0.3882102272727273	0.690530303030303	0.5	0.0
L1PA7_dup7122__L1MB7_dup11021		L1PA7_dup7122__L1MB7_dup11021	0.3544507575757575	0.5	1.0	0.0	0.3196022727272727	0.6615530303030303	0.0	0.0
L1PA8A_dup1180__MER30_dup1878		L1PA8A_dup1180__MER30_dup1878	0.364853896103896	0.5	1.0	0.0	0.3823863636363636	0.671590909090909	0.0	0.0
L1PA8A_dup1180__MER30_dup1879		L1PA8A_dup1180__MER30_dup1879	0.3208570075757575	0.5	1.0	0.0	0.2872869318181817	0.4587121212121212	0.0	0.0
L1PA8A_dup1180__MER89_dup634		L1PA8A_dup1180__MER89_dup634	0.3971421807359306	0.5	1.0	0.0	0.4801846590909091	0.799810606060606	0.0	0.0
L1PA8A_dup1180__MER95_dup70		L1PA8A_dup1180__MER95_dup70	0.4084212662337662	1.0	1.0	0.0	0.3305397727272727	0.5284090909090909	0.0	0.0
L1PA8A_dup478__MER33_dup1979		L1PA8A_dup478__MER33_dup1979	0.2848146645021645	0.5	1.0	0.0	0.2671875	0.2265151515151514	0.0	0.0
L1PA8_dup6928__AluSx_dup98256		L1PA8_dup6928__AluSx_dup98256	0.4624492694805194	1.0	1.0	0.0	0.6865767045454547	0.5505681818181819	0.0	0.0
L1PA8_dup6928__L1MA9_dup13810		L1PA8_dup6928__L1MA9_dup13810	0.4382508116883116	1.0	1.0	0.0	0.5120738636363636	0.5556818181818183	0.0	0.0
L1PA8_dup6928__MER46C_dup2385		L1PA8_dup6928__MER46C_dup2385	0.3137987012987012	1.0	0.0	0.0	0.5238636363636363	0.6727272727272727	0.0	0.0
L1PA8_dup6928__MIR_dup151548		L1PA8_dup6928__MIR_dup151548	0.4400466720779221	1.0	1.0	0.0	0.5473721590909091	0.5329545454545456	0.0	0.0
L1PA8_dup6928__MIR_dup151549		L1PA8_dup6928__MIR_dup151549	0.4541294642857142	1.0	1.0	0.0	0.5584517045454546	0.6204545454545455	0.0	0.0
L1PB1_dup923__AluSc_dup4418		L1PB1_dup923__AluSc_dup4418	0.2102813852813852	0.5	0.0	0.0	0.4028409090909091	0.5691287878787878	0.0	0.0
L1PB1_dup923__Kanga2_a_dup201		L1PB1_dup923__Kanga2_a_dup201	0.2482345779220779	0.5	0.0	0.0	0.4058238636363636	0.8318181818181819	0.0	0.0
L1PB1_dup923__Kanga2_a_dup202		L1PB1_dup923__Kanga2_a_dup202	0.2308373917748917	0.5	0.0	0.0	0.3870738636363637	0.7287878787878789	0.0	0.0
L1PB1_dup923__L1MB7_dup2800		L1PB1_dup923__L1MB7_dup2800	0.270116341991342	0.5	0.0	0.0	0.4127840909090909	0.978030303030303	0.0	0.0
L1PB2_dup1152__L2a_dup67879		L1PB2_dup1152__L2a_dup67879	0.4501116071428571	1.0	1.0	0.0	0.1973721590909091	0.4534090909090909	0.5	0.0
L1PB4_dup1092__OldhAT1_dup988		L1PB4_dup1092__OldhAT1_dup988	0.2398809523809523	1.0	0.0	0.0	0.3909090909090909	0.2882575757575757	0.0	0.0
L1PB4_dup1093__AluSx_dup23337		L1PB4_dup1093__AluSx_dup23337	0.2556818181818182	0.5	0.0	0.0	0.5698863636363637	0.7198863636363636	0.0	0.0
L1PB4_dup1093__OldhAT1_dup988		L1PB4_dup1093__OldhAT1_dup988	0.2604335768398268	1.0	0.0	0.0	0.3385653409090909	0.4844696969696969	0.0	0.0
L1PB_dup218__L2b_dup12558		L1PB_dup218__L2b_dup12558	0.4598958333333333	0.5	1.0	0.0	0.3410511363636364	0.878219696969697	0.5	0.0
L1PB_dup218__L2c_dup19519		L1PB_dup218__L2c_dup19519	0.4025331439393939	0.5	1.0	0.0	0.2345880681818182	0.5831439393939394	0.5	0.0
L2_dup10116__AluSg7_dup1661		L2_dup10116__AluSg7_dup1661	0.4664502164502164	0.5	1.0	0.0	0.7892045454545455	0.4759469696969696	0.5	0.0
L2_dup10116__L3_dup10252		L2_dup10116__L3_dup10252	0.4217058982683983	0.5	1.0	0.0	0.5038352272727273	0.4481060606060605	0.5	0.0
L2_dup11675__AluSg_dup6985		L2_dup11675__AluSg_dup6985	0.3515895562770563	0.5	1.0	0.0	0.5717329545454546	0.3893939393939393	0.0	0.0
L2_dup11675__AluYj4_dup649		L2_dup11675__AluYj4_dup649	0.3317133387445887	0.5	1.0	0.0	0.4769176136363637	0.3450757575757575	0.0	0.0
L2_dup2813__AluSx_dup6007		L2_dup2813__AluSx_dup6007	0.3217194264069264	0.5	1.0	0.0	0.4819602272727273	0.2700757575757576	0.0	0.0
L2_dup2813__MIRb_dup13158	0.0	L2_dup2813__MIRb_dup13158	0.3305533008658008	0.5	1.0	0.0	0.4203125	0.3935606060606061	0.0	0.0
L2_dup29174__AluSz_dup45156		L2_dup29174__AluSz_dup45156	0.3833265692640693	0.5	1.0	0.0	0.5961647727272728	0.587121212121212	0.0	0.0
L2_dup29174__MLT1L_dup5955		L2_dup29174__MLT1L_dup5955	0.3527495941558441	0.5	1.0	0.0	0.5834517045454546	0.3857954545454545	0.0	0.0
L2_dup30410__MLT1G3_dup1401		L2_dup30410__MLT1G3_dup1401	0.5149891774891775	1.0	1.0	0.0	0.3994318181818182	0.7054924242424242	0.5	0.0
L2_dup42707__L1MD2_dup7430		L2_dup42707__L1MD2_dup7430	0.4960768398268398	1.0	1.0	0.0	0.5619318181818181	0.9106060606060606	0.0	0.0
L2_dup42707__L1MD2_dup7431		L2_dup42707__L1MD2_dup7431	0.36953125	1.0	1.0	0.0	0.2287642045454546	0.3579545454545454	0.0	0.0
L2_dup42707__L1PB1_dup9665		L2_dup42707__L1PB1_dup9665	0.5477002164502164	1.0	1.0	0.0	0.4744318181818182	0.8594696969696969	0.5	0.0
L2_dup42905__AluSz_dup70848	0.0	L2_dup42905__AluSz_dup70848	0.306351461038961	0.5	1.0	0.0	0.3987215909090909	0.2457386363636363	0.0	0.0
L2_dup43708__AluSz_dup70848	0.0	L2_dup43708__AluSz_dup70848	0.382819264069264	0.5	1.0	0.0	0.3528409090909091	0.8268939393939393	0.0	0.0
L2_dup43708__L2_dup42905		L2_dup43708__L2_dup42905	0.3431412337662338	1.0	1.0	0.0	0.1321022727272727	0.2698863636363636	0.0	0.0
L2_dup44916__AluSp_dup36204		L2_dup44916__AluSp_dup36204	0.3630783279220779	0.5	1.0	0.0	0.49609375	0.5454545454545454	0.0	0.0
L2_dup44916__Charlie1b_dup2331		L2_dup44916__Charlie1b_dup2331	0.4086985930735931	1.0	1.0	0.0	0.3372159090909091	0.5236742424242424	0.0	0.0
L2_dup44917__AluSp_dup36204		L2_dup44917__AluSp_dup36204	0.3615496482683982	0.5	1.0	0.0	0.502627840909091	0.528219696969697	0.0	0.0
L2_dup44917__Charlie1b_dup2331		L2_dup44917__Charlie1b_dup2331	0.4247835497835497	1.0	1.0	0.0	0.3653409090909091	0.6081439393939394	0.0	0.0
L2_dup44919__AluSp_dup36204		L2_dup44919__AluSp_dup36204	0.4027191558441558	0.5	1.0	0.0	0.6360795454545455	0.6829545454545455	0.0	0.0
L2_dup44919__MIRb_dup172406		L2_dup44919__MIRb_dup172406	0.3529592803030302	0.5	1.0	0.0	0.3915482954545454	0.5791666666666666	0.0	0.0
L2_dup44920__AluSp_dup36204		L2_dup44920__AluSp_dup36204	0.3340739989177489	0.5	1.0	0.0	0.5733664772727273	0.2651515151515151	0.0	0.0
L2_dup45331__L2a_dup132809		L2_dup45331__L2a_dup132809	0.344335091991342	0.5	1.0	0.0	0.2334517045454545	0.6768939393939394	0.0	0.0
L2_dup47412__L2_dup48130		L2_dup47412__L2_dup48130	0.3597470238095238	1.0	1.0	0.0	0.2015624999999999	0.3166666666666666	0.0	0.0
L2_dup47558__AluSx1_dup89230		L2_dup47558__AluSx1_dup89230	0.3953192640692641	0.5	1.0	0.0	0.6312500000000001	0.6359848484848486	0.0	0.0
L2_dup476__AluSp_dup3142		L2_dup476__AluSp_dup3142	0.4939258658008657	1.0	1.0	0.0	0.5485795454545455	0.9089015151515152	0.0	0.0
L2_dup476__AluSz_dup5986		L2_dup476__AluSz_dup5986	0.4599025974025973	1.0	1.0	0.0	0.4085227272727273	0.8107954545454547	0.0	0.0
L2a_dup102213__MIR_dup107402		L2a_dup102213__MIR_dup107402	0.4035105519480519	1.0	1.0	0.0	0.3223011363636364	0.5022727272727273	0.0	0.0
L2a_dup104440__LTR24B_dup295		L2a_dup104440__LTR24B_dup295	0.3320413961038961	0.5	1.0	0.0	0.3328125	0.4914772727272727	0.0	0.0
L2a_dup108908__L2a_dup104440		L2a_dup108908__L2a_dup104440	0.4636262175324674	0.5	1.0	0.0	0.5402698863636364	0.7051136363636363	0.5	0.0
L2a_dup108989__MLT1F_dup2523		L2a_dup108989__MLT1F_dup2523	0.382619724025974	1.0	1.0	0.0	0.3590198863636363	0.3193181818181818	0.0	0.0
L2a_dup115030__L2a_dup119875		L2a_dup115030__L2a_dup119875	0.3566355519480519	1.0	1.0	0.0	0.1606534090909091	0.3357954545454545	0.0	0.0
L2a_dup120396__AluSq_dup11753		L2a_dup120396__AluSq_dup11753	0.2676542207792208	0.5	0.0	0.0	0.5588068181818182	0.8147727272727273	0.0	0.0
L2a_dup120396__AluSx1_dup72863		L2a_dup120396__AluSx1_dup72863	0.2824912067099566	0.5	0.0	0.0	0.6497869318181818	0.8276515151515151	0.0	0.0
L2a_dup122518__Tigger17a_dup1643		L2a_dup122518__Tigger17a_dup1643	0.4457589285714285	1.0	1.0	0.0	0.2805397727272727	0.8397727272727272	0.0	0.0
L2a_dup124467__L1M5_dup37965		L2a_dup124467__L1M5_dup37965	0.4727949134199134	1.0	1.0	0.0	0.4247159090909091	0.8848484848484849	0.0	0.0
L2a_dup12636__AluJr_dup1874		L2a_dup12636__AluJr_dup1874	0.237209145021645	0.5	0.0	0.0	0.3157670454545455	0.8446969696969697	0.0	0.0
L2a_dup12636__AluSz_dup2415		L2a_dup12636__AluSz_dup2415	0.2561958874458874	0.5	0.0	0.0	0.3363636363636363	0.9570075757575758	0.0	0.0
L2a_dup12636__L1M3_dup81		L2a_dup12636__L1M3_dup81	0.2744385822510822	0.5	0.0	0.0	0.4555397727272727	0.965530303030303	0.0	0.0
L2a_dup12636__L1M3_dup82		L2a_dup12636__L1M3_dup82	0.2584889069264069	0.5	0.0	0.0	0.3694602272727272	0.9399621212121212	0.0	0.0
L2a_dup13275__L2_dup1477		L2a_dup13275__L2_dup1477	0.3139880952380952	0.5	1.0	0.0	0.2556818181818182	0.4422348484848484	0.0	0.0
L2a_dup132767__L2c_dup112205		L2a_dup132767__L2c_dup112205	0.4989448051948051	0.5	1.0	0.0	0.4340909090909091	0.725189393939394	0.5	0.3333333333333333
L2a_dup132767__L2c_dup112206		L2a_dup132767__L2c_dup112206	0.4587222673160173	0.5	1.0	0.0	0.4205255681818182	0.4571969696969697	0.5	0.3333333333333333
L2a_dup133459__AluJr_dup59269		L2a_dup133459__AluJr_dup59269	0.4304247835497835	1.0	0.0	0.0	0.6178977272727273	0.8950757575757576	0.5	0.0
L2a_dup133691__AluSp_dup36204		L2a_dup133691__AluSp_dup36204	0.3533414502164502	0.5	1.0	0.0	0.4792613636363636	0.4941287878787879	0.0	0.0
L2a_dup133691__Charlie1b_dup2331		L2a_dup133691__Charlie1b_dup2331	0.344734172077922	1.0	1.0	0.0	0.0972301136363636	0.3159090909090909	0.0	0.0
L2a_dup133693__AluSp_dup36204		L2a_dup133693__AluSp_dup36204	0.3533718885281385	0.5	1.0	0.0	0.4550426136363636	0.518560606060606	0.0	0.0
L2a_dup13463__MIR3_dup2756		L2a_dup13463__MIR3_dup2756	0.446878382034632	1.0	1.0	0.0	0.5902698863636364	0.537878787878788	0.0	0.0
L2a_dup144256__L3_dup39127		L2a_dup144256__L3_dup39127	0.1786458333333333	0.5	0.0	0.0	0.4029829545454546	0.3475378787878787	0.0	0.0
L2a_dup150539__AluSx_dup101099		L2a_dup150539__AluSx_dup101099	0.2384334415584415	0.5	0.0	0.0	0.634375	0.5346590909090909	0.0	0.0
L2a_dup150539__MER90a_dup1002		L2a_dup150539__MER90a_dup1002	0.1874425054112554	0.5	0.0	0.0	0.2850142045454545	0.5270833333333333	0.0	0.0
L2a_dup154781__MER34A_dup1317		L2a_dup154781__MER34A_dup1317	0.5206304112554112	1.0	1.0	0.0	0.5497159090909092	0.5946969696969697	0.5	0.0
L2a_dup158982__AluSx1_dup107908		L2a_dup158982__AluSx1_dup107908	0.2780945616883117	0.5	0.0	0.0	0.7534801136363637	0.6931818181818182	0.0	0.0
L2a_dup16121__Tigger19a_dup206		L2a_dup16121__Tigger19a_dup206	0.2385890151515151	0.5	0.0	0.0	0.4282670454545454	0.2418560606060606	0.5	0.0
L2a_dup166915__AluSx3_dup31832		L2a_dup166915__AluSx3_dup31832	0.1594460227272727	0.5	0.0	0.0	0.5229403409090909	0.0931818181818181	0.0	0.0
L2a_dup166915__Kanga1c_dup825		L2a_dup166915__Kanga1c_dup825	0.1584280303030303	0.5	0.0	0.0	0.2678977272727273	0.3410984848484848	0.0	0.0
L2a_dup166915__Tigger19b_dup3407		L2a_dup166915__Tigger19b_dup3407	0.1428368506493506	0.5	0.0	0.0	0.2845170454545455	0.215340909090909	0.0	0.0
L2a_dup34389__AluSx1_dup23555		L2a_dup34389__AluSx1_dup23555	0.3589793019480519	1.0	1.0	0.0	0.2725142045454546	0.240340909090909	0.0	0.0
L2a_dup35882__LTR16A1_dup540		L2a_dup35882__LTR16A1_dup540	0.3607075216450215	0.5	1.0	0.0	0.4473011363636363	0.5776515151515151	0.0	0.0
L2a_dup35883__AluSx_dup21991		L2a_dup35883__AluSx_dup21991	0.2326298701298701	0.5	0.0	0.0	0.6494318181818182	0.4789772727272727	0.0	0.0
L2a_dup35883__LTR16A1_dup540		L2a_dup35883__LTR16A1_dup540	0.329792343073593	0.5	1.0	0.0	0.42578125	0.3827651515151515	0.0	0.0
L2a_dup53801__MER20_dup5193	0.0	L2a_dup53801__MER20_dup5193	0.2086546266233766	1.0	0.0	0.0	0.4435369318181818	0.0170454545454545	0.0	0.0
L2a_dup53801__SVA_A_dup292	0.0	L2a_dup53801__SVA_A_dup292	0.2271103896103896	1.0	0.0	0.0	0.3681818181818182	0.221590909090909	0.0	0.0
L2a_dup57859__MIR1_Amn_dup3799		L2a_dup57859__MIR1_Amn_dup3799	0.3393533549783549	0.5	1.0	0.0	0.503125	0.3723484848484848	0.0	0.0
L2a_dup80896__L2c_dup69291		L2a_dup80896__L2c_dup69291	0.4202042748917748	1.0	1.0	0.0	0.3870738636363636	0.5543560606060606	0.0	0.0
L2a_dup87716__L2b_dup46730		L2a_dup87716__L2b_dup46730	0.3585362554112554	0.5	1.0	0.0	0.3213068181818181	0.6884469696969697	0.0	0.0
L2a_dup90172__L1M1_dup4780		L2a_dup90172__L1M1_dup4780	0.4572713744588744	1.0	1.0	0.0	0.3512784090909091	0.8496212121212121	0.0	0.0
L2a_dup90172__Tigger1_dup7034		L2a_dup90172__Tigger1_dup7034	0.4549614448051948	1.0	1.0	0.0	0.4881392045454546	0.6965909090909091	0.0	0.0
L2a_dup94307__L1ME4b_dup11083		L2a_dup94307__L1ME4b_dup11083	0.4927150974025973	1.0	1.0	0.0	0.5046875000000001	0.9443181818181818	0.0	0.0
L2a_dup94307__L1ME4b_dup11084		L2a_dup94307__L1ME4b_dup11084	0.4393229166666666	1.0	1.0	0.0	0.3506392045454546	0.7246212121212121	0.0	0.0
L2a_dup94307__MER5A_dup18261		L2a_dup94307__MER5A_dup18261	0.4133658008658009	1.0	1.0	0.0	0.2784090909090909	0.6151515151515151	0.0	0.0
L2a_dup95080__AluY_dup51689		L2a_dup95080__AluY_dup51689	0.5122260551948051	1.0	1.0	0.0	0.5239346590909091	0.5616477272727273	0.5	0.0
L2a_dup98076__L3_dup27802		L2a_dup98076__L3_dup27802	0.4751826298701298	0.5	1.0	0.0	0.5137784090909091	0.8125	0.5	0.0
L2a_dup98076__MSTB_dup4995		L2a_dup98076__MSTB_dup4995	0.3002502705627705	0.5	0.0	0.0	0.4413352272727273	0.6604166666666668	0.5	0.0
L2b_dup1467__L2a_dup10161		L2b_dup1467__L2a_dup10161	0.4137648809523809	0.5	1.0	0.0	0.3700284090909091	0.5263257575757576	0.5	0.0
L2b_dup19233__L1MC5a_dup3785		L2b_dup19233__L1MC5a_dup3785	0.4691761363636363	1.0	1.0	0.0	0.3904829545454545	0.8937500000000002	0.0	0.0
L2b_dup25339__AluSq_dup4652		L2b_dup25339__AluSq_dup4652	0.198735119047619	0.5	0.0	0.0	0.6657670454545455	0.2253787878787878	0.0	0.0
L2b_dup29588__MIRb_dup74598		L2b_dup29588__MIRb_dup74598	0.3349195075757575	1.0	1.0	0.0	0.1874289772727273	0.1570075757575757	0.0	0.0
L2b_dup29588__Tigger3b_dup2252		L2b_dup29588__Tigger3b_dup2252	0.4117762445887445	1.0	1.0	0.0	0.4390624999999999	0.4433712121212121	0.0	0.0
L2b_dup33336__FLAM_A_dup4814		L2b_dup33336__FLAM_A_dup4814	0.1411424512987013	0.5	0.0	0.0	0.4090198863636364	0.0789772727272727	0.0	0.0
L2b_dup38701__LTR41B_dup328		L2b_dup38701__LTR41B_dup328	0.2573187229437229	1.0	0.0	0.0	0.346875	0.4543560606060606	0.0	0.0
L2b_dup38701__Tigger5b_dup1014		L2b_dup38701__Tigger5b_dup1014	0.2071766774891774	1.0	0.0	0.0	0.2526988636363637	0.1975378787878788	0.0	0.0
L2b_dup49576__MIR3_dup47206		L2b_dup49576__MIR3_dup47206	0.4230012175324675	1.0	1.0	0.0	0.5570312500000001	0.4039772727272727	0.0	0.0
L2b_dup57888__MLT1D_dup12459		L2b_dup57888__MLT1D_dup12459	0.4429349296536796	1.0	1.0	0.0	0.34921875	0.7513257575757576	0.0	0.0
L2b_dup60543__MIR3_dup52987		L2b_dup60543__MIR3_dup52987	0.1515286796536796	0.5	0.0	0.0	0.4497159090909091	0.1109848484848484	0.0	0.0
L2b_dup64842__MLT1C_dup12533	0.0	L2b_dup64842__MLT1C_dup12533	0.3263054653679653	0.5	1.0	0.0	0.1754261363636364	0.1087121212121212	0.5	0.0
L2b_dup71853__AluSz6_dup32929		L2b_dup71853__AluSz6_dup32929	0.5446259469696969	1.0	1.0	0.0	0.4432528409090909	0.8691287878787879	0.5	0.0
L2b_dup73073__AluJb_dup92685		L2b_dup73073__AluJb_dup92685	0.4628043831168831	1.0	1.0	0.0	0.617471590909091	0.6221590909090909	0.0	0.0
L2b_dup73073__L2b_dup74513		L2b_dup73073__L2b_dup74513	0.4038453733766233	1.0	1.0	0.0	0.3649857954545454	0.4619318181818181	0.0	0.0
L2b_dup73377__L2c_dup112205		L2b_dup73377__L2c_dup112205	0.3749999999999999	0.5	1.0	0.0	0.1863636363636363	0.1053030303030303	0.5	0.3333333333333333
L2b_dup73377__L2c_dup112206		L2b_dup73377__L2c_dup112206	0.4374797077922077	0.5	1.0	0.0	0.3947443181818182	0.334280303030303	0.5	0.3333333333333333
L2b_dup76928__AluSq_dup13527		L2b_dup76928__AluSq_dup13527	0.4776109307359307	1.0	1.0	0.0	0.7965909090909091	0.5466856060606061	0.0	0.0
L2b_dup80308__AluJb_dup102121		L2b_dup80308__AluJb_dup102121	0.3307528409090909	0.5	1.0	0.0	0.4112926136363636	0.4039772727272727	0.0	0.0
L2b_dup80308__AluJr_dup68150		L2b_dup80308__AluJr_dup68150	0.3582690746753246	0.5	1.0	0.0	0.4294744318181818	0.5784090909090909	0.0	0.0
L2b_dup80308__MIR3_dup70272		L2b_dup80308__MIR3_dup70272	0.1579646915584415	0.5	0.0	0.0	0.2841619318181818	0.3215909090909091	0.0	0.0
L2b_dup82983__THE1D_dup10650		L2b_dup82983__THE1D_dup10650	0.2934084145021645	1.0	0.0	0.0	0.54609375	0.5077651515151514	0.0	0.0
L2b_dup85015__L1P3_dup2784		L2b_dup85015__L1P3_dup2784	0.4150500541125541	1.0	1.0	0.0	0.4447443181818182	0.4606060606060606	0.0	0.0
L2b_dup91364__AluSq2_dup57429	0.0	L2b_dup91364__AluSq2_dup57429	0.441020698051948	0.5	1.0	0.0	0.6894176136363636	0.8977272727272728	0.0	0.0
L2b_dup91828__L2b_dup91829	0.0	L2b_dup91828__L2b_dup91829	0.087892316017316	0.5	0.0	0.0	0.0823863636363636	0.0328598484848484	0.0	0.0
L2b_dup91828__MIR_dup164433		L2b_dup91828__MIR_dup164433	0.1628246753246753	0.5	0.0	0.0	0.2909090909090909	0.3488636363636363	0.0	0.0
L2b_dup91829__MER20_dup15329		L2b_dup91829__MER20_dup15329	0.1887073863636363	0.5	0.0	0.0	0.4470880681818182	0.3738636363636363	0.0	0.0
L2c_dup102482__AluSc_dup23352		L2c_dup102482__AluSc_dup23352	0.4342295725108225	1.0	1.0	0.0	0.4564630681818182	0.5831439393939394	0.0	0.0
L2c_dup102482__L2a_dup121264		L2c_dup102482__L2a_dup121264	0.3229809253246753	1.0	1.0	0.0	0.1301846590909091	0.1306818181818182	0.0	0.0
L2c_dup110092__L2c_dup112061		L2c_dup110092__L2c_dup112061	0.3694602272727272	1.0	1.0	0.0	0.2953125	0.2909090909090909	0.0	0.0
L2c_dup110124__AluSz_dup74587		L2c_dup110124__AluSz_dup74587	0.236329816017316	0.5	0.0	0.0	0.6410511363636364	0.5132575757575757	0.0	0.0
L2c_dup112060__AluSz_dup72815		L2c_dup112060__AluSz_dup72815	0.494629329004329	1.0	1.0	0.0	0.5821022727272728	0.8803030303030303	0.0	0.0
L2c_dup112060__L2c_dup110092		L2c_dup112060__L2c_dup110092	0.4080424783549783	1.0	1.0	0.0	0.3816761363636363	0.4746212121212121	0.0	0.0
L2c_dup112205__MER20_dup11473		L2c_dup112205__MER20_dup11473	0.4205965909090909	0.5	1.0	0.0	0.2322443181818181	0.3785984848484848	0.5	0.3333333333333333
L2c_dup112205__MIR_dup133286		L2c_dup112205__MIR_dup133286	0.3593479437229437	0.5	1.0	0.0	0.1036931818181818	0.0784090909090909	0.5	0.3333333333333333
L2c_dup112206__MER20_dup11473		L2c_dup112206__MER20_dup11473	0.4669710497835497	0.5	1.0	0.0	0.4220170454545454	0.5134469696969698	0.5	0.3333333333333333
L2c_dup112206__MIR_dup133286		L2c_dup112206__MIR_dup133286	0.4236066017316017	0.5	1.0	0.0	0.3769886363636363	0.2549242424242424	0.5	0.3333333333333333
L2c_dup114341__AluSp_dup37879		L2c_dup114341__AluSp_dup37879	0.2185944264069264	0.5	0.0	0.0	0.6362215909090909	0.3939393939393938	0.0	0.0
L2c_dup116997__MIRb_dup188816		L2c_dup116997__MIRb_dup188816	0.3499932359307359	0.5	1.0	0.0	0.5103693181818182	0.4395833333333332	0.0	0.0
L2c_dup117922__AluSg_dup30000		L2c_dup117922__AluSg_dup30000	0.4083975919913419	0.5	1.0	0.0	0.7188210227272727	0.6399621212121213	0.0	0.0
L2c_dup118579__L1ME2z_dup5714		L2c_dup118579__L1ME2z_dup5714	0.3739515692640692	0.5	1.0	0.0	0.4802556818181818	0.637405303030303	0.0	0.0
L2c_dup11875__L2a_dup12701		L2c_dup11875__L2a_dup12701	0.3354234307359307	0.5	1.0	0.0	0.4180397727272728	0.4299242424242424	0.0	0.0
L2c_dup11875__L2a_dup12702		L2c_dup11875__L2a_dup12702	0.3257575757575758	0.5	1.0	0.0	0.4068181818181818	0.3734848484848485	0.0	0.0
L2c_dup11983__L1MA6_dup266		L2c_dup11983__L1MA6_dup266	0.2041903409090909	0.5	0.0	0.0	0.3685369318181818	0.5607954545454547	0.0	0.0
L2c_dup11983__L1MA6_dup267		L2c_dup11983__L1MA6_dup267	0.28711783008658	0.5	1.0	0.0	0.2509232954545455	0.2589015151515151	0.0	0.0
L2c_dup120689__AluSp_dup42130		L2c_dup120689__AluSp_dup42130	0.2889441287878788	1.0	0.0	0.0	0.3483664772727272	0.6742424242424242	0.0	0.0
L2c_dup12611__AluSq2_dup1724		L2c_dup12611__AluSq2_dup1724	0.5530945616883116	1.0	1.0	0.0	0.673934659090909	0.6977272727272728	0.5	0.0
L2c_dup12618__L1M1_dup212		L2c_dup12618__L1M1_dup212	0.4937330898268398	1.0	1.0	0.0	0.5063210227272728	0.449810606060606	0.5	0.0
L2c_dup12627__AluSg_dup2742		L2c_dup12627__AluSg_dup2742	0.3178639069264069	0.5	1.0	0.0	0.4350852272727273	0.2899621212121212	0.0	0.0
L2c_dup12627__AluSz_dup7353		L2c_dup12627__AluSz_dup7353	0.3830729166666666	0.5	1.0	0.0	0.5938210227272728	0.5876893939393939	0.0	0.0
L2c_dup127652__L1ME3F_dup4319		L2c_dup127652__L1ME3F_dup4319	0.5115733225108224	1.0	1.0	0.0	0.3313920454545454	0.7496212121212121	0.5	0.0
L2c_dup135756__AluJb_dup124524		L2c_dup135756__AluJb_dup124524	0.4050358495670995	0.5	1.0	0.0	0.5246448863636364	0.8106060606060606	0.0	0.0
L2c_dup135756__AluY_dup103890		L2c_dup135756__AluY_dup103890	0.4916632846320345	0.5	1.0	0.0	0.6185369318181818	0.8231060606060606	0.5	0.0
L2c_dup135756__MER5A1_dup15618		L2c_dup135756__MER5A1_dup15618	0.3041328463203463	0.5	1.0	0.0	0.2177556818181818	0.4111742424242424	0.0	0.0
L2c_dup1480__L2a_dup10161		L2c_dup1480__L2a_dup10161	0.3809929653679653	0.5	1.0	0.0	0.3963068181818182	0.2706439393939394	0.5	0.0
L2c_dup16539__MER5B_dup2952		L2c_dup16539__MER5B_dup2952	0.2400568181818181	1.0	0.0	0.0	0.4338068181818182	0.246590909090909	0.0	0.0
L2c_dup17777__AluSx_dup15993		L2c_dup17777__AluSx_dup15993	0.3783617424242423	1.0	1.0	0.0	0.4634943181818181	0.1850378787878788	0.0	0.0
L2c_dup17777__MER4A_dup102		L2c_dup17777__MER4A_dup102	0.439850514069264	1.0	1.0	0.0	0.2963778409090909	0.2825757575757575	0.5	0.0
L2c_dup17777__MER53_dup849		L2c_dup17777__MER53_dup849	0.3914231601731601	1.0	1.0	0.0	0.1335227272727272	0.1064393939393939	0.5	0.0
L2c_dup17777__Tigger1a_Art_dup45		L2c_dup17777__Tigger1a_Art_dup45	0.3653070887445887	1.0	1.0	0.0	0.2779829545454546	0.2791666666666667	0.0	0.0
L2c_dup26634__MIR_dup35446		L2c_dup26634__MIR_dup35446	0.3807968073593073	1.0	1.0	0.0	0.2612215909090909	0.4043560606060605	0.0	0.0
L2c_dup29332__MIRb_dup52226		L2c_dup29332__MIRb_dup52226	0.3366341991341991	1.0	1.0	0.0	0.2761363636363637	0.0803030303030303	0.0	0.0
L2c_dup40955__AluJo_dup18483		L2c_dup40955__AluJo_dup18483	0.3156351461038961	0.5	1.0	0.0	0.3486505681818181	0.3607954545454545	0.0	0.0
L2c_dup40955__AluSz_dup24960		L2c_dup40955__AluSz_dup24960	0.396289908008658	0.5	1.0	0.0	0.5327414772727274	0.7412878787878787	0.0	0.0
L2c_dup44112__Charlie1a_dup1943		L2c_dup44112__Charlie1a_dup1943	0.4377164502164501	1.0	1.0	0.0	0.28125	0.7827651515151515	0.0	0.0
L2c_dup51108__MER104_dup739		L2c_dup51108__MER104_dup739	0.1339015151515151	0.5	0.0	0.0	0.2	0.237310606060606	0.0	0.0
L2c_dup51108__MIRb_dup78595		L2c_dup51108__MIRb_dup78595	0.1563852813852813	0.5	0.0	0.0	0.3772727272727272	0.2174242424242424	0.0	0.0
L2c_dup58694__L2c_dup58695		L2c_dup58694__L2c_dup58695	0.2000946969696969	0.5	0.0	0.0	0.4241477272727273	0.4765151515151515	0.0	0.0
L2c_dup58694__LTR41B_dup327		L2c_dup58694__LTR41B_dup327	0.2511803300865801	1.0	0.0	0.0	0.3436789772727273	0.4145833333333333	0.0	0.0
L2c_dup58694__LTR41B_dup328		L2c_dup58694__LTR41B_dup328	0.2184117965367965	1.0	0.0	0.0	0.2480113636363636	0.2808712121212122	0.0	0.0
L2c_dup58694__MLT1A0_dup8905		L2c_dup58694__MLT1A0_dup8905	0.1694669913419913	0.5	0.0	0.0	0.3224431818181818	0.3638257575757576	0.0	0.0
L2c_dup58694__Tigger5b_dup1014		L2c_dup58694__Tigger5b_dup1014	0.2137987012987013	1.0	0.0	0.0	0.26875	0.227840909090909	0.0	0.0
L2c_dup58695__L2b_dup38701		L2c_dup58695__L2b_dup38701	0.2203869047619047	0.5	0.0	0.0	0.4667613636363636	0.5759469696969697	0.0	0.0
L2c_dup58695__LTR41B_dup327		L2c_dup58695__LTR41B_dup327	0.2719832251082251	0.5	0.0	0.0	0.4451704545454545	0.4587121212121212	0.5	0.0
L2c_dup58695__LTR41B_dup328		L2c_dup58695__LTR41B_dup328	0.2421063311688311	0.5	0.0	0.0	0.3220170454545454	0.3727272727272727	0.5	0.0
L2c_dup58695__MER20_dup6315		L2c_dup58695__MER20_dup6315	0.4275534361471861	0.5	1.0	0.0	0.4421164772727273	0.5507575757575758	0.5	0.0
L2c_dup58695__MIRb_dup88803		L2c_dup58695__MIRb_dup88803	0.2068993506493506	0.5	0.0	0.0	0.4784090909090909	0.4698863636363636	0.0	0.0
L2c_dup58695__Tigger5b_dup1014		L2c_dup58695__Tigger5b_dup1014	0.2546367694805195	0.5	0.0	0.0	0.4381392045454546	0.3443181818181818	0.5	0.0
L2c_dup64185__AluJr_dup34601		L2c_dup64185__AluJr_dup34601	0.4312127976190476	0.5	1.0	0.0	0.7397017045454546	0.7787878787878788	0.0	0.0
L2c_dup69290__L2a_dup80891		L2c_dup69290__L2a_dup80891	0.4319128787878787	1.0	1.0	0.0	0.371875	0.6515151515151515	0.0	0.0
L2c_dup73953__MER112_dup2437		L2c_dup73953__MER112_dup2437	0.3199844426406926	0.5	1.0	0.0	0.3152698863636363	0.4246212121212121	0.0	0.0
L2c_dup73955__L1ME2_dup6997	1.0	L2c_dup73955__L1ME2_dup6997	0.261035579004329	0.5	0.0	0.0	0.4696732954545455	0.8575757575757575	0.0	0.0
L2c_dup86142__L1MB7_dup13320	1.0	L2c_dup86142__L1MB7_dup13320	0.4911356872294372	1.0	1.0	0.0	0.6006392045454545	0.837310606060606	0.0	0.0
L2c_dup86171__AluSx1_dup66416		L2c_dup86171__AluSx1_dup66416	0.3642857142857142	0.5	1.0	0.0	0.4346590909090909	0.6153409090909091	0.0	0.0
L2c_dup86171__AluY_dup62755		L2c_dup86171__AluY_dup62755	0.5274080086580086	0.5	1.0	0.0	0.7267045454545454	0.9651515151515152	0.5	0.0
L2c_dup88793__THE1B_dup14283		L2c_dup88793__THE1B_dup14283	0.3408346861471861	0.5	1.0	0.0	0.3930397727272727	0.4928030303030303	0.0	0.0
L2c_dup9234__MER49_dup105		L2c_dup9234__MER49_dup105	0.4772862554112553	0.5	1.0	0.0	0.4832386363636364	0.5244318181818182	0.5	0.3333333333333333
L3_dup27802__AluSq2_dup32050		L3_dup27802__AluSq2_dup32050	0.3733901515151515	0.5	1.0	0.0	0.5235795454545454	0.5901515151515152	0.0	0.0
L3_dup27802__Charlie8_dup1661		L3_dup27802__Charlie8_dup1661	0.1712121212121212	0.5	0.0	0.0	0.35	0.3484848484848484	0.0	0.0
L3_dup29184__MLT1A0_dup13622		L3_dup29184__MLT1A0_dup13622	0.2149891774891774	1.0	0.0	0.0	0.3545454545454545	0.1503787878787878	0.0	0.0
L3_dup30527__MLT1E2_dup2486		L3_dup30527__MLT1E2_dup2486	0.2446631493506493	0.5	1.0	0.0	0.0899147727272727	0.1227272727272727	0.0	0.0
L3_dup3445__PABL_A_dup33		L3_dup3445__PABL_A_dup33	0.4051643668831168	0.5	1.0	0.0	0.4770596590909091	0.359090909090909	0.5	0.0
L3_dup34496__L3_dup35187		L3_dup34496__L3_dup35187	0.461238501082251	1.0	1.0	0.0	0.480184659090909	0.7484848484848484	0.0	0.0
L3_dup36036__AluSx4_dup8060		L3_dup36036__AluSx4_dup8060	0.5051508387445887	1.0	1.0	0.0	0.7574573863636364	0.7785984848484849	0.0	0.0
L3_dup36037__AluSx4_dup8060		L3_dup36037__AluSx4_dup8060	0.4008015422077922	1.0	1.0	0.0	0.7016335227272728	0.1039772727272727	0.0	0.0
L3_dup37306__THE1A_dup3478		L3_dup37306__THE1A_dup3478	0.3643702651515151	0.5	1.0	0.0	0.5763494318181819	0.4742424242424242	0.0	0.0
L3_dup38778__AluY_dup83088		L3_dup38778__AluY_dup83088	0.3808441558441559	0.5	1.0	0.0	0.5653409090909092	0.6005681818181818	0.0	0.0
L3_dup42098__MLT1B_dup16601		L3_dup42098__MLT1B_dup16601	0.192393804112554	0.5	0.0	0.0	0.4318892045454545	0.4148674242424242	0.0	0.0
L3_dup42408__AluJo_dup72655		L3_dup42408__AluJo_dup72655	0.2604268127705627	1.0	0.0	0.0	0.5387073863636364	0.284280303030303	0.0	0.0
L3_dup42408__HAL1_dup21569		L3_dup42408__HAL1_dup21569	0.240239448051948	0.5	0.0	0.0	0.3259943181818182	0.3556818181818181	0.5	0.0
L3_dup42408__MLT1B_dup16601		L3_dup42408__MLT1B_dup16601	0.264458198051948	0.5	0.0	0.0	0.342684659090909	0.5085227272727272	0.5	0.0
L3_dup6711__AluJr4_dup2044		L3_dup6711__AluJr4_dup2044	0.2483123647186147	1.0	0.0	0.0	0.4175426136363636	0.3206439393939393	0.0	0.0
L3_dup6711__L2c_dup16539		L3_dup6711__L2c_dup16539	0.2210430194805194	1.0	0.0	0.0	0.2279829545454546	0.3193181818181818	0.0	0.0
L3_dup6712__AluJr4_dup2044		L3_dup6712__AluJr4_dup2044	0.3348079004329004	1.0	0.0	0.0	0.5110795454545455	0.3325757575757576	0.5	0.0
L3_dup6712__L1MB8_dup1193		L3_dup6712__L1MB8_dup1193	0.3386025432900432	1.0	0.0	0.0	0.2848011363636363	0.5854166666666667	0.5	0.0
L3_dup6712__L1MC5a_dup1254		L3_dup6712__L1MC5a_dup1254	0.3197646103896103	1.0	0.0	0.0	0.2963068181818181	0.4420454545454546	0.5	0.0
L3_dup6712__L2c_dup16539		L3_dup6712__L2c_dup16539	0.3454139610389609	1.0	0.0	0.0	0.490625	0.4272727272727272	0.5	0.0
L3_dup7020__AluY_dup10105		L3_dup7020__AluY_dup10105	0.2426609848484848	1.0	0.0	0.0	0.4848011363636364	0.2138257575757575	0.0	0.0
L3b_dup6251__AluSg_dup21619		L3b_dup6251__AluSg_dup21619	0.4220035173160172	0.5	1.0	0.0	0.6169034090909091	0.3371212121212121	0.5	0.0
L3b_dup6251__AluSx1_dup67078		L3b_dup6251__AluSx1_dup67078	0.3670116341991342	0.5	1.0	0.0	0.3490056818181818	0.2200757575757575	0.5	0.0
L3b_dup6251__MIR3_dup56316	0.0	L3b_dup6251__MIR3_dup56316	0.4014610389610389	0.5	1.0	0.0	0.4971590909090909	0.3130681818181818	0.5	0.0
L3b_dup6251__MIRb_dup144717		L3b_dup6251__MIRb_dup144717	0.3856263528138528	0.5	1.0	0.0	0.338778409090909	0.3606060606060606	0.5	0.0
L3b_dup8165__AluY_dup78915		L3b_dup8165__AluY_dup78915	0.5308509199134199	1.0	1.0	0.0	0.6430397727272728	0.5729166666666666	0.5	0.0
L3b_dup8165__L2b_dup75069		L3b_dup8165__L2b_dup75069	0.5559253246753246	1.0	1.0	0.0	0.6102272727272727	0.78125	0.5	0.0
L3b_dup8165__MER20_dup11749		L3b_dup8165__MER20_dup11749	0.5813244047619047	1.0	1.0	0.0	0.8552556818181819	0.7140151515151515	0.5	0.0
L4_B_Mam_dup1790__CR1-L3A_Croc_dup165		L4_B_Mam_dup1790__CR1-L3A_Croc_dup165	0.2143398268398268	0.5	0.0	0.0	0.1840909090909091	0.3162878787878788	0.5	0.0
L4_B_Mam_dup1790__MIR_dup91484		L4_B_Mam_dup1790__MIR_dup91484	0.2152293019480519	0.5	0.0	0.0	0.2781960227272727	0.728409090909091	0.0	0.0
L4_B_Mam_dup1790__MIR_dup91485		L4_B_Mam_dup1790__MIR_dup91485	0.2110693993506493	0.5	0.0	0.0	0.2638494318181818	0.2136363636363636	0.5	0.0
L4_B_Mam_dup616__AluSg_dup6985		L4_B_Mam_dup616__AluSg_dup6985	0.336235119047619	0.5	1.0	0.0	0.4561079545454545	0.3975378787878788	0.0	0.0
L4_B_Mam_dup616__AluYj4_dup649		L4_B_Mam_dup616__AluYj4_dup649	0.4012682629870129	0.5	1.0	0.0	0.6253551136363638	0.6835227272727273	0.0	0.0
LFSINE_Vert_dup2047__AluSp_dup44911		LFSINE_Vert_dup2047__AluSp_dup44911	0.422757711038961	1.0	1.0	0.0	0.5002130681818182	0.459090909090909	0.0	0.0
LFSINE_Vert_dup2056__LTR13_dup421		LFSINE_Vert_dup2056__LTR13_dup421	0.4221861471861471	0.5	1.0	0.0	0.6551136363636364	0.300189393939394	0.5	0.0
LFSINE_Vert_dup365__L2a_dup21651		LFSINE_Vert_dup365__L2a_dup21651	0.5089082792207792	1.0	1.0	0.0	0.3396306818181818	0.7227272727272728	0.5	0.0
LFSINE_Vert_dup866__AluJb_dup45040		LFSINE_Vert_dup866__AluJb_dup45040	0.1435200216450216	0.5	0.0	0.0	0.3940340909090909	0.1106060606060606	0.0	0.0
LTR10A_dup169__AluSx1_dup54660	0.0	LTR10A_dup169__AluSx1_dup54660	0.4659733495670995	1.0	1.0	0.0	0.5171164772727274	0.7446969696969697	0.0	0.0
LTR10E_dup180__MER5A_dup23944		LTR10E_dup180__MER5A_dup23944	0.334862012987013	1.0	0.0	0.0	0.3315340909090909	0.5125000000000001	0.5	0.0
LTR12B_dup97__MIR_dup109606		LTR12B_dup97__MIR_dup109606	0.3699742965367965	0.5	1.0	0.0	0.1998579545454545	0.3899621212121212	0.5	0.0
LTR12B_dup98__MIR_dup109606		LTR12B_dup98__MIR_dup109606	0.3684489989177488	0.5	1.0	0.0	0.258309659090909	0.3208333333333333	0.5	0.0
LTR12_dup354__AluSx_dup41541		LTR12_dup354__AluSx_dup41541	0.4241680194805195	0.5	1.0	0.0	0.5345170454545455	0.9346590909090908	0.0	0.0
LTR12_dup354__MER4-int_dup1093		LTR12_dup354__MER4-int_dup1093	0.3732075216450216	0.5	1.0	0.0	0.3507102272727272	0.7617424242424242	0.0	0.0
LTR12_dup354__MER4A1__dup137		LTR12_dup354__MER4A1__dup137	0.3536390692640692	0.5	1.0	0.0	0.4008522727272727	0.5746212121212121	0.0	0.0
LTR12_dup649__HERV9-int_dup260		LTR12_dup649__HERV9-int_dup260	0.4717329545454545	0.5	1.0	0.0	0.4987215909090908	0.8034090909090909	0.5	0.0
LTR12_dup649__HERV9N-int_dup177		LTR12_dup649__HERV9N-int_dup177	0.2955965909090908	0.5	1.0	0.0	0.5677556818181818	0.0014204545454545	0.0	0.0
LTR13_dup348__LTR52_dup908		LTR13_dup348__LTR52_dup908	0.4778003246753247	1.0	1.0	0.0	0.7338068181818183	0.6107954545454545	0.0	0.0
LTR16A1_dup538__LTR16A1_dup540		LTR16A1_dup538__LTR16A1_dup540	0.3452854437229437	0.5	1.0	0.0	0.4183238636363636	0.4986742424242423	0.0	0.0
LTR16A1_dup539__AluSx_dup21991		LTR16A1_dup539__AluSx_dup21991	0.2122463474025973	0.5	0.0	0.0	0.5595880681818182	0.4261363636363636	0.0	0.0
LTR16A1_dup539__LTR16A1_dup540		LTR16A1_dup539__LTR16A1_dup540	0.3393127705627705	0.5	1.0	0.0	0.3818181818181818	0.4933712121212121	0.0	0.0
LTR16C_dup194__AluSq_dup130		LTR16C_dup194__AluSq_dup130	0.4761228354978355	0.5	1.0	0.0	0.7798295454545454	0.5530303030303031	0.5	0.0
LTR16C_dup194__MIR3_dup556		LTR16C_dup194__MIR3_dup556	0.3654119318181817	0.5	1.0	0.0	0.3629971590909091	0.1948863636363636	0.5	0.0
LTR16C_dup194__MIRc_dup593		LTR16C_dup194__MIRc_dup593	0.4097199675324675	0.5	1.0	0.0	0.642471590909091	0.2255681818181818	0.5	0.0
LTR16C_dup975__AluSx1_dup22280	0.0	LTR16C_dup975__AluSx1_dup22280	0.4648775703463203	1.0	1.0	0.0	0.7049005681818182	0.5492424242424243	0.0	0.0
LTR28C_dup48__AluJb_dup13813		LTR28C_dup48__AluJb_dup13813	0.4875067640692641	1.0	1.0	0.0	0.4566761363636364	0.4558712121212121	0.5	0.0
LTR33A__dup1394__L1ME2_dup10805		LTR33A__dup1394__L1ME2_dup10805	0.3384030032467532	0.5	1.0	0.0	0.32734375	0.5414772727272728	0.0	0.0
LTR33A__dup1394__L2c_dup118560		LTR33A__dup1394__L2c_dup118560	0.2859205898268397	0.5	1.0	0.0	0.1510653409090908	0.3503787878787878	0.0	0.0
LTR33_dup4861__L1ME2_dup6997		LTR33_dup4861__L1ME2_dup6997	0.4347605519480519	0.5	1.0	0.0	0.6382102272727272	0.9051136363636364	0.0	0.0
LTR33_dup7717__L2a_dup141704		LTR33_dup7717__L2a_dup141704	0.3089150432900432	0.5	1.0	0.0	0.1872159090909091	0.4751893939393939	0.0	0.0
LTR33_dup7717__L2a_dup141705		LTR33_dup7717__L2a_dup141705	0.2934963474025974	0.5	1.0	0.0	0.2544744318181818	0.3	0.0	0.0
LTR3_dup67__LTR13_dup421		LTR3_dup67__LTR13_dup421	0.2526041666666667	0.5	0.0	0.0	0.6907670454545455	0.5774621212121213	0.0	0.0
LTR40b_dup1008__AluSc_dup29630		LTR40b_dup1008__AluSc_dup29630	0.3427692099567099	0.5	1.0	0.0	0.6808238636363636	0.2185606060606061	0.0	0.0
LTR40b_dup1008__AluSz_dup85932		LTR40b_dup1008__AluSz_dup85932	0.3495569534632035	0.5	1.0	0.0	0.4715198863636364	0.4753787878787879	0.0	0.0
LTR40b_dup1008__MIR_dup149777		LTR40b_dup1008__MIR_dup149777	0.3291869588744588	0.5	1.0	0.0	0.4830965909090909	0.3212121212121212	0.0	0.0
LTR41B_dup327__L2b_dup38701		LTR41B_dup327__L2b_dup38701	0.2409598214285714	1.0	0.0	0.0	0.3219460227272727	0.3647727272727273	0.0	0.0
LTR41B_dup327__MER20_dup6315		LTR41B_dup327__MER20_dup6315	0.4698187229437229	1.0	1.0	0.0	0.4224431818181818	0.3662878787878787	0.5	0.0
LTR41B_dup327__MIRb_dup88803		LTR41B_dup327__MIRb_dup88803	0.3045725108225108	1.0	0.0	0.0	0.5392045454545454	0.5928030303030304	0.0	0.0
LTR41B_dup327__MLT1A0_dup8905		LTR41B_dup327__MLT1A0_dup8905	0.2052556818181818	0.5	0.0	0.0	0.4691761363636363	0.4676136363636363	0.0	0.0
LTR41B_dup328__MIRb_dup88803		LTR41B_dup328__MIRb_dup88803	0.231737012987013	1.0	0.0	0.0	0.2028409090909091	0.4193181818181818	0.0	0.0
LTR41C_dup648__MIRb_dup187212		LTR41C_dup648__MIRb_dup187212	0.2564799783549783	0.5	1.0	0.0	0.1150568181818181	0.1803030303030303	0.0	0.0
LTR47B3_dup69__L2a_dup122518		LTR47B3_dup69__L2a_dup122518	0.4679383116883117	1.0	1.0	0.0	0.3579545454545454	0.9176136363636364	0.0	0.0
LTR48B_dup421__AluY_dup37389		LTR48B_dup421__AluY_dup37389	0.4211444805194805	0.5	1.0	0.0	0.7639204545454545	0.6840909090909091	0.0	0.0
LTR52_dup908__MER39_dup2857		LTR52_dup908__MER39_dup2857	0.4491477272727272	1.0	1.0	0.0	0.6423295454545455	0.5017045454545455	0.0	0.0
LTR5_Hs_dup9__L3_dup2611		LTR5_Hs_dup9__L3_dup2611	0.3713541666666666	0.5	1.0	0.0	0.5396306818181819	0.5598484848484848	0.0	0.0
LTR61_dup120__HERV3-int_dup227		LTR61_dup120__HERV3-int_dup227	0.3735119047619047	0.5	1.0	0.0	0.3795454545454546	0.7350378787878787	0.0	0.0
LTR67B_dup2005__AluSz_dup45156		LTR67B_dup2005__AluSz_dup45156	0.4336241883116883	0.5	1.0	0.0	0.7796875000000001	0.7556818181818182	0.0	0.0
LTR67B_dup2005__MLT1L_dup5955		LTR67B_dup2005__MLT1L_dup5955	0.4082251082251082	0.5	1.0	0.0	0.6363636363636365	0.7212121212121212	0.0	0.0
LTR67B_dup2006__AluSz_dup45156		LTR67B_dup2006__AluSz_dup45156	0.3360152867965368	0.5	1.0	0.0	0.5377130681818182	0.3143939393939394	0.0	0.0
LTR78_dup2778__MER112_dup2437		LTR78_dup2778__MER112_dup2437	0.379109172077922	0.5	1.0	0.0	0.3656960227272727	0.7880681818181818	0.0	0.0
LTR79_dup561__L2c_dup16539		LTR79_dup561__L2c_dup16539	0.2039028679653679	1.0	0.0	0.0	0.2936079545454546	0.1337121212121212	0.0	0.0
LTR79_dup562__L2c_dup16539		LTR79_dup562__L2c_dup16539	0.2997903138528138	1.0	0.0	0.0	0.3117897727272727	0.2867424242424243	0.5	0.0
LTR7B_dup363__L1MC4_dup10771		LTR7B_dup363__L1MC4_dup10771	0.3156757305194805	0.5	1.0	0.0	0.2983664772727273	0.4113636363636364	0.0	0.0
LTR89_dup692__THE1B_dup14283		LTR89_dup692__THE1B_dup14283	0.3525297619047619	0.5	1.0	0.0	0.5298295454545454	0.4378787878787878	0.0	0.0
LTR89_dup693__THE1B_dup14283		LTR89_dup693__THE1B_dup14283	0.4660680465367965	0.5	1.0	0.0	0.6355823863636364	0.6268939393939393	0.5	0.0
LTR8_dup1357__MER3_dup4429		LTR8_dup1357__MER3_dup4429	0.458495670995671	1.0	1.0	0.0	0.3528409090909091	0.3566287878787879	0.5	0.0
LTR8_dup1357__MIRc_dup41616		LTR8_dup1357__MIRc_dup41616	0.502353896103896	1.0	1.0	0.0	0.4039772727272727	0.6124999999999999	0.5	0.0
LTR8_dup553__MIRc_dup24002		LTR8_dup553__MIRc_dup24002	0.4903138528138527	1.0	1.0	0.0	0.2545454545454545	0.6776515151515152	0.5	0.0
MADE2_dup115__AluSq2_dup50		MADE2_dup115__AluSq2_dup50	0.2502502705627705	1.0	0.0	0.0	0.5208806818181818	0.2308712121212121	0.0	0.0
MARNA_dup2102__MIRb_dup143713		MARNA_dup2102__MIRb_dup143713	0.2267180735930735	0.5	0.0	0.0	0.4667613636363636	0.6202651515151515	0.0	0.0
MARNA_dup916__L1ME3E_dup1415		MARNA_dup916__L1ME3E_dup1415	0.4627164502164502	1.0	1.0	0.0	0.3818181818181818	0.8571969696969698	0.0	0.0
MER102b_dup1437__MER1B_dup1824		MER102b_dup1437__MER1B_dup1824	0.477739448051948	1.0	1.0	0.0	0.7038352272727273	0.6403409090909091	0.0	0.0
MER102b_dup2824__L1PA8_dup6131		MER102b_dup2824__L1PA8_dup6131	0.4144751082251082	1.0	1.0	0.0	0.2943181818181818	0.6070075757575758	0.0	0.0
MER102c_dup88__L2c_dup12668		MER102c_dup88__L2c_dup12668	0.3146374458874459	0.5	1.0	0.0	0.3886363636363636	0.3138257575757575	0.0	0.0
MER112_dup3661__AluSx_dup95220		MER112_dup3661__AluSx_dup95220	0.291017316017316	0.5	1.0	0.0	0.4840909090909091	0.053030303030303	0.0	0.0
MER112_dup3661__FLAM_A_dup12178		MER112_dup3661__FLAM_A_dup12178	0.2880174512987013	0.5	1.0	0.0	0.42578125	0.090340909090909	0.0	0.0
MER113_dup2450__AluSp_dup36204		MER113_dup2450__AluSp_dup36204	0.3363873106060606	0.5	1.0	0.0	0.4230823863636364	0.4316287878787879	0.0	0.0
MER113_dup2451__AluSp_dup36204		MER113_dup2451__AluSp_dup36204	0.2352509469696969	0.5	0.0	0.0	0.6270596590909091	0.5196969696969697	0.0	0.0
MER117_dup2869__L2b_dup64842		MER117_dup2869__L2b_dup64842	0.1927353896103896	0.5	0.0	0.0	0.1940340909090909	0.1551136363636363	0.5	0.0
MER117_dup37__MLT2D_dup197		MER117_dup37__MLT2D_dup197	0.3520495129870129	1.0	0.0	0.0	0.3086647727272727	0.6556818181818183	0.5	0.0
MER117_dup37__MLT2D_dup198		MER117_dup37__MLT2D_dup198	0.2054991883116883	1.0	0.0	0.0	0.2350852272727273	0.2034090909090909	0.0	0.0
MER11A_dup13__MLT1B_dup964		MER11A_dup13__MLT1B_dup964	0.5620062229437229	1.0	1.0	0.0	0.6325284090909091	0.8015151515151514	0.5	0.0
MER1A_dup172__AluSz_dup7591		MER1A_dup172__AluSz_dup7591	0.3287033279220779	0.5	1.0	0.0	0.6111505681818181	0.1897727272727273	0.0	0.0
MER1B_dup2579__Tigger3b_dup2885		MER1B_dup2579__Tigger3b_dup2885	0.4711546266233766	1.0	1.0	0.0	0.5284801136363636	0.7696022727272727	0.0	0.0
MER1B_dup3944__L2b_dup68686		MER1B_dup3944__L2b_dup68686	0.3376826298701298	0.5	0.0	0.0	0.6717329545454546	0.6920454545454545	0.5	0.0
MER1B_dup5427__Tigger3b_dup6388		MER1B_dup5427__Tigger3b_dup6388	0.4676643668831168	1.0	1.0	0.0	0.5040482954545454	0.7696022727272727	0.0	0.0
MER20B_dup4037__MER5A_dup33142		MER20B_dup4037__MER5A_dup33142	0.3654592803030303	1.0	1.0	0.0	0.3358664772727273	0.2223484848484848	0.0	0.0
MER20B_dup4038__MER5A_dup33142		MER20B_dup4038__MER5A_dup33142	0.3494419642857143	1.0	0.0	0.0	0.2159801136363636	0.7301136363636364	0.5	0.0
MER20_dup13171__MER112_dup3661		MER20_dup13171__MER112_dup3661	0.3849228896103897	0.5	1.0	0.0	0.5950284090909091	0.0994318181818181	0.5	0.0
MER20_dup14180__AluJo_dup67394		MER20_dup14180__AluJo_dup67394	0.2984510281385281	0.5	1.0	0.0	0.4671875	0.1219696969696969	0.0	0.0
MER20_dup14180__AluSx3_dup27954		MER20_dup14180__AluSx3_dup27954	0.2564935064935065	0.5	0.0	0.0	0.7056818181818182	0.5897727272727273	0.0	0.0
MER20_dup14180__L1MB7_dup19281		MER20_dup14180__L1MB7_dup19281	0.1333705357142857	0.5	0.0	0.0	0.3443892045454545	0.0892045454545454	0.0	0.0
MER20_dup14180__L2c_dup123794		MER20_dup14180__L2c_dup123794	0.1886701839826839	0.5	0.0	0.0	0.4444602272727273	0.3762310606060606	0.0	0.0
MER20_dup6315__LTR41B_dup328		MER20_dup6315__LTR41B_dup328	0.5398606601731601	1.0	1.0	0.0	0.5623579545454546	0.7166666666666667	0.5	0.0
MER20_dup6315__MLT1A0_dup8905	0.0	MER20_dup6315__MLT1A0_dup8905	0.4055938852813853	0.5	1.0	0.0	0.4109375	0.428219696969697	0.5	0.0
MER20_dup6315__Tigger5b_dup1014		MER20_dup6315__Tigger5b_dup1014	0.4872564935064934	1.0	1.0	0.0	0.5	0.4107954545454546	0.5	0.0
MER20_dup8043__MER1B_dup3005		MER20_dup8043__MER1B_dup3005	0.3416193181818182	0.5	1.0	0.0	0.6759943181818182	0.215340909090909	0.0	0.0
MER20_dup8082__Tigger1_dup7068		MER20_dup8082__Tigger1_dup7068	0.3444602272727272	0.5	1.0	0.0	0.3822443181818182	0.5289772727272727	0.0	0.0
MER21B_dup1044__AluSq2_dup21996	1.0	MER21B_dup1044__AluSq2_dup21996	0.3999391233766233	0.5	1.0	0.0	0.5018465909090909	0.7977272727272728	0.0	0.0
MER21C_dup1275__L1ME3C_dup839	0.0	MER21C_dup1275__L1ME3C_dup839	0.5433847402597403	1.0	1.0	0.0	0.5678977272727272	0.7357954545454546	0.5	0.0
MER21C_dup1275__L2c_dup40205		MER21C_dup1275__L2c_dup40205	0.5761837121212121	1.0	1.0	0.0	0.6683238636363636	0.8649621212121211	0.5	0.0
MER21C_dup4422__AluSx1_dup91701		MER21C_dup4422__AluSx1_dup91701	0.4332927489177489	1.0	1.0	0.0	0.5071022727272728	0.5259469696969697	0.0	0.0
MER2_dup1015__L1MC1_dup1929		MER2_dup1015__L1MC1_dup1929	0.2513460497835498	1.0	0.0	0.0	0.3024147727272727	0.4570075757575758	0.0	0.0
MER2_dup1557__MIR_dup35446		MER2_dup1557__MIR_dup35446	0.3937229437229437	1.0	1.0	0.0	0.2982954545454545	0.4577651515151515	0.0	0.0
MER30_dup1879__MER95_dup70		MER30_dup1879__MER95_dup70	0.2903476731601732	0.5	1.0	0.0	0.2975852272727273	0.2348484848484848	0.0	0.0
MER30_dup3551__AluSc_dup29155		MER30_dup3551__AluSc_dup29155	0.2632406655844155	0.5	1.0	0.0	0.1852982954545454	0.1573863636363636	0.0	0.0
MER30_dup3551__AluSc_dup29156		MER30_dup3551__AluSc_dup29156	0.3233664772727272	0.5	1.0	0.0	0.4192471590909091	0.3443181818181818	0.0	0.0
MER30_dup3551__AluSx_dup95220		MER30_dup3551__AluSx_dup95220	0.3809929653679653	0.5	1.0	0.0	0.5809659090909091	0.5859848484848484	0.0	0.0
MER30_dup3551__FLAM_A_dup12178		MER30_dup3551__FLAM_A_dup12178	0.2897761093073593	0.5	1.0	0.0	0.3002130681818181	0.228219696969697	0.0	0.0
MER33_dup1332__L1MD2_dup1341		MER33_dup1332__L1MD2_dup1341	0.1194162608225108	0.5	0.0	0.0	0.0948153409090908	0.2410984848484848	0.0	0.0
MER33_dup1981__MER33_dup1979		MER33_dup1981__MER33_dup1979	0.2868574134199134	0.5	1.0	0.0	0.2410511363636364	0.2669507575757576	0.0	0.0
MER33_dup2898__L2c_dup49522		MER33_dup2898__L2c_dup49522	0.2561045725108225	1.0	0.0	0.0	0.1198153409090909	0.1729166666666667	0.5	0.0
MER3_dup2977__AluJo_dup18483		MER3_dup2977__AluJo_dup18483	0.3029998647186147	0.5	1.0	0.0	0.3929687500000001	0.228030303030303	0.0	0.0
MER3_dup3076__L1M5_dup13404		MER3_dup3076__L1M5_dup13404	0.2656588203463203	1.0	0.0	0.0	0.2830965909090909	0.0765151515151515	0.5	0.0
MER3_dup3763__AluYc3_dup178	0.0	MER3_dup3763__AluYc3_dup178	0.3279964826839827	0.5	1.0	0.0	0.4444602272727273	0.3515151515151515	0.0	0.0
MER3_dup9570__AluSx1_dup105775		MER3_dup9570__AluSx1_dup105775	0.4403814935064934	1.0	1.0	0.0	0.6235795454545455	0.4590909090909091	0.0	0.0
MER3_dup9570__AluSx1_dup105776		MER3_dup9570__AluSx1_dup105776	0.4417715097402597	1.0	1.0	0.0	0.6566051136363636	0.4357954545454545	0.0	0.0
MER3_dup9570__MIRb_dup202131		MER3_dup9570__MIRb_dup202131	0.3668898809523809	1.0	1.0	0.0	0.3294034090909091	0.2388257575757576	0.0	0.0
MER41A_dup976__MIR_dup75369		MER41A_dup976__MIR_dup75369	0.2924276244588744	0.5	1.0	0.0	0.4377130681818181	0.109280303030303	0.0	0.0
MER41A_dup977__MIR_dup75369		MER41A_dup977__MIR_dup75369	0.3652597402597402	0.5	1.0	0.0	0.4863636363636363	0.5704545454545454	0.0	0.0
MER41B_dup343__AluJb_dup13813		MER41B_dup343__AluJb_dup13813	0.5315882034632035	1.0	1.0	0.0	0.5633522727272727	0.6577651515151516	0.5	0.0
MER41D_dup366__AluSx1_dup99481		MER41D_dup366__AluSx1_dup99481	0.3383353625541125	0.5	1.0	0.0	0.5605823863636363	0.3077651515151515	0.0	0.0
MER44B_dup370__AluSx_dup23337		MER44B_dup370__AluSx_dup23337	0.3287574404761905	0.5	0.0	0.0	0.4702414772727273	0.831060606060606	0.5	0.0
MER44B_dup370__OldhAT1_dup988		MER44B_dup370__OldhAT1_dup988	0.3204714556277056	1.0	0.0	0.0	0.26015625	0.4831439393939393	0.5	0.0
MER45A_dup312__MER5B_dup2952		MER45A_dup312__MER5B_dup2952	0.2701636904761904	1.0	0.0	0.0	0.4169034090909091	0.4742424242424242	0.0	0.0
MER46C_dup1506__AluYf1_dup977		MER46C_dup1506__AluYf1_dup977	0.3480418019480519	0.5	1.0	0.0	0.6658380681818182	0.2704545454545454	0.0	0.0
MER46C_dup922__L1MB3_dup5457		MER46C_dup922__L1MB3_dup5457	0.3037472943722943	0.5	1.0	0.0	0.2525568181818181	0.3736742424242424	0.0	0.0
MER4A1_dup1634__AluSq2_dup45239		MER4A1_dup1634__AluSq2_dup45239	0.4758658008658009	0.5	1.0	0.0	0.5886363636363637	0.7424242424242425	0.5	0.0
MER4A_dup102__L2b_dup11506		MER4A_dup102__L2b_dup11506	0.5500811688311688	1.0	1.0	0.0	0.4579545454545454	0.8926136363636363	0.5	0.0
MER4A_dup102__L2c_dup17776		MER4A_dup102__L2c_dup17776	0.4234949945887445	1.0	1.0	0.0	0.25234375	0.2121212121212121	0.5	0.0
MER4A_dup102__MIR3_dup10087		MER4A_dup102__MIR3_dup10087	0.4601427218614718	1.0	1.0	0.0	0.3344460227272727	0.3865530303030303	0.5	0.0
MER4C_dup524__AluSq_dup16421		MER4C_dup524__AluSq_dup16421	0.4968682359307359	1.0	1.0	0.0	0.4561079545454546	0.521969696969697	0.5	0.0
MER4C_dup524__AluSz_dup89959		MER4C_dup524__AluSz_dup89959	0.5516910173160173	1.0	1.0	0.0	0.5735795454545455	0.7882575757575757	0.5	0.0
MER4E_dup277__AluSp_dup20445		MER4E_dup277__AluSp_dup20445	0.4144818722943723	0.5	1.0	0.0	0.5720170454545455	0.8293560606060607	0.0	0.0
MER4E_dup277__L1PREC2_dup3476		MER4E_dup277__L1PREC2_dup3476	0.3706304112554112	0.5	1.0	0.0	0.378125	0.7162878787878788	0.0	0.0
MER51B_dup638__L2b_dup91829	0.0	MER51B_dup638__L2b_dup91829	0.1111607142857142	0.5	0.0	0.0	0.1940340909090909	0.084090909090909	0.0	0.0
MER51B_dup638__MIR_dup164433	0.0	MER51B_dup638__MIR_dup164433	0.148244724025974	0.5	0.0	0.0	0.2019176136363636	0.3357954545454545	0.0	0.0
MER51C_dup122__L1M5_dup38528		MER51C_dup122__L1M5_dup38528	0.3847808441558441	0.5	1.0	0.0	0.4269886363636364	0.7664772727272727	0.0	0.0
MER53_dup2765__AluSg_dup16409		MER53_dup2765__AluSg_dup16409	0.3372226731601731	0.5	1.0	0.0	0.6455965909090908	0.2149621212121212	0.0	0.0
MER53_dup2765__AluSx1_dup47689		MER53_dup2765__AluSx1_dup47689	0.4015557359307359	1.0	1.0	0.0	0.5434659090909091	0.2674242424242424	0.0	0.0
MER53_dup849__L2b_dup11506		MER53_dup849__L2b_dup11506	0.4379836309523809	1.0	1.0	0.0	0.1685369318181818	0.3973484848484848	0.5	0.0
MER53_dup849__L2c_dup17776		MER53_dup849__L2c_dup17776	0.4381392045454545	1.0	1.0	0.0	0.3129971590909091	0.2539772727272727	0.5	0.0
MER53_dup849__MER5A_dup3082		MER53_dup849__MER5A_dup3082	0.4462188852813853	1.0	1.0	0.0	0.3186079545454546	0.3049242424242424	0.5	0.0
MER53_dup849__MIR3_dup10087		MER53_dup849__MIR3_dup10087	0.3878314393939394	1.0	1.0	0.0	0.1444602272727272	0.0703598484848484	0.5	0.0
MER53_dup849__MLT1J_dup1478		MER53_dup849__MLT1J_dup1478	0.5068959686147185	1.0	1.0	0.0	0.37421875	0.6740530303030302	0.5	0.0
MER57-int_dup87__MER57-int_dup82		MER57-int_dup87__MER57-int_dup82	0.2678977272727272	0.5	0.0	0.0	0.4946022727272727	0.8806818181818182	0.0	0.0
MER58A_dup10447__AluJr4_dup15962		MER58A_dup10447__AluJr4_dup15962	0.162310606060606	0.5	0.0	0.0	0.3610795454545454	0.2750946969696969	0.0	0.0
MER58A_dup3211__Charlie4z_dup1623		MER58A_dup3211__Charlie4z_dup1623	0.4389339826839826	1.0	1.0	0.0	0.2954545454545454	0.2770833333333333	0.5	0.0
MER58A_dup3212__Charlie4z_dup1623		MER58A_dup3212__Charlie4z_dup1623	0.4788825757575757	1.0	1.0	0.0	0.4150568181818181	0.4371212121212122	0.5	0.0
MER58A_dup7015__MER5A_dup19204		MER58A_dup7015__MER5A_dup19204	0.3722876082251082	0.5	1.0	0.0	0.4223011363636363	0.1837121212121212	0.5	0.0
MER58A_dup8804__AluJr_dup54307		MER58A_dup8804__AluJr_dup54307	0.2583333333333333	0.5	0.0	0.0	0.6210227272727273	0.6873106060606061	0.0	0.0
MER58A_dup8804__AluSg_dup22559		MER58A_dup8804__AluSg_dup22559	0.2758590367965368	0.5	0.0	0.0	0.7296875	0.7013257575757575	0.0	0.0
MER58A_dup8804__MER5B_dup16545		MER58A_dup8804__MER5B_dup16545	0.2033042478354978	0.5	0.0	0.0	0.4394176136363636	0.4837121212121212	0.0	0.0
MER58A_dup8804__MIR_dup116452		MER58A_dup8804__MIR_dup116452	0.2214488636363636	0.5	0.0	0.0	0.5217329545454545	0.5284090909090909	0.0	0.0
MER58A_dup9277__AluSg7_dup5899		MER58A_dup9277__AluSg7_dup5899	0.4259165313852813	0.5	1.0	0.0	0.470809659090909	0.5106060606060606	0.5	0.0
MER58A_dup9653__L2a_dup133527		MER58A_dup9653__L2a_dup133527	0.178517316017316	0.5	0.0	0.0	0.1022727272727272	0.1473484848484848	0.5	0.0
MER58B_dup3870__AluSc_dup19070		MER58B_dup3870__AluSc_dup19070	0.2957758387445887	1.0	0.0	0.0	0.4543323863636364	0.6160984848484848	0.0	0.0
MER58B_dup3870__AluSq_dup9613		MER58B_dup3870__AluSq_dup9613	0.2549377705627705	1.0	0.0	0.0	0.4048295454545454	0.3797348484848484	0.0	0.0
MER58B_dup3870__L2b_dup53389		MER58B_dup3870__L2b_dup53389	0.2027529761904762	1.0	0.0	0.0	0.1603693181818181	0.2589015151515151	0.0	0.0
MER58B_dup5522__AluJb_dup102120		MER58B_dup5522__AluJb_dup102120	0.3405844155844155	0.5	1.0	0.0	0.4517045454545454	0.4323863636363636	0.0	0.0
MER58B_dup5522__AluJb_dup102121		MER58B_dup5522__AluJb_dup102121	0.3110457251082251	0.5	1.0	0.0	0.3566761363636364	0.3206439393939393	0.0	0.0
MER58B_dup5522__AluJr_dup68150		MER58B_dup5522__AluJr_dup68150	0.3495096049783549	0.5	1.0	0.0	0.3276278409090908	0.618939393939394	0.0	0.0
MER58B_dup5522__MIRb_dup187217		MER58B_dup5522__MIRb_dup187217	0.1395326028138528	0.5	0.0	0.0	0.334872159090909	0.1418560606060606	0.0	0.0
MER58C_dup1679__MIR_dup120030		MER58C_dup1679__MIR_dup120030	0.4810673701298701	1.0	1.0	0.0	0.3805397727272727	0.4869318181818181	0.5	0.0
MER5A1_dup14160__MER34A_dup1317		MER5A1_dup14160__MER34A_dup1317	0.4793391504329004	1.0	1.0	0.0	0.4995028409090909	0.3558712121212121	0.5	0.0
MER5A1_dup15618__L1ME1_dup30511		MER5A1_dup15618__L1ME1_dup30511	0.245021645021645	0.5	1.0	0.0	0.1375	0.0776515151515151	0.0	0.0
MER5A1_dup7525__MIR_dup85920		MER5A1_dup7525__MIR_dup85920	0.4274688852813852	1.0	1.0	0.0	0.3606534090909091	0.2982954545454545	0.0	0.3333333333333333
MER5A1_dup7650__AluSg_dup16409		MER5A1_dup7650__AluSg_dup16409	0.3805059523809523	0.5	1.0	0.0	0.8161931818181819	0.3473484848484848	0.0	0.0
MER5A1_dup8191__AluJo_dup37265		MER5A1_dup8191__AluJo_dup37265	0.3668154761904761	1.0	1.0	0.0	0.3616477272727272	0.206060606060606	0.0	0.0
MER5A_dup10493__MER58B_dup2208		MER5A_dup10493__MER58B_dup2208	0.2029592803030303	1.0	0.0	0.0	0.1074573863636363	0.3132575757575757	0.0	0.0
MER5A_dup1488__MIRb_dup3289		MER5A_dup1488__MIRb_dup3289	0.420610119047619	1.0	1.0	0.0	0.2518465909090909	0.1924242424242424	0.5	0.0
MER5A_dup19204__MIRb_dup120180		MER5A_dup19204__MIRb_dup120180	0.3162743506493506	0.5	1.0	0.0	0.1713068181818181	0.0426136363636363	0.5	0.0
MER5A_dup29220__AluJr_dup67860		MER5A_dup29220__AluJr_dup67860	0.4034632034632034	1.0	1.0	0.0	0.5943181818181819	0.2299242424242424	0.0	0.0
MER5A_dup29220__AluSc_dup29155		MER5A_dup29220__AluSc_dup29155	0.3407196969696969	0.5	1.0	0.0	0.5602272727272727	0.3248106060606061	0.0	0.0
MER5A_dup29220__AluSc_dup29156		MER5A_dup29220__AluSc_dup29156	0.2979978354978355	0.5	1.0	0.0	0.3863636363636363	0.1996212121212121	0.0	0.0
MER5A_dup29220__AluSx_dup95220		MER5A_dup29220__AluSx_dup95220	0.2997835497835497	0.5	1.0	0.0	0.4505681818181818	0.1479166666666666	0.0	0.0
MER5A_dup29220__FLAM_A_dup12178		MER5A_dup29220__FLAM_A_dup12178	0.3056919642857142	0.5	1.0	0.0	0.4506392045454546	0.1892045454545454	0.0	0.0
MER5A_dup4438__AluJb_dup13511		MER5A_dup4438__AluJb_dup13511	0.3571563852813852	1.0	1.0	0.0	0.3167613636363636	0.1833333333333333	0.0	0.0
MER5A_dup6330__LTR47A_dup163		MER5A_dup6330__LTR47A_dup163	0.1610896915584415	0.5	0.0	0.0	0.3588778409090908	0.26875	0.0	0.0
MER5A_dup6330__MIR3_dup20124		MER5A_dup6330__MIR3_dup20124	0.1394446699134199	0.5	0.0	0.0	0.37421875	0.1018939393939393	0.0	0.0
MER5B_dup16545__AluJr_dup54307		MER5B_dup16545__AluJr_dup54307	0.2410917207792207	1.0	0.0	0.0	0.4461647727272727	0.2414772727272727	0.0	0.0
MER5B_dup16545__AluSp_dup32035		MER5B_dup16545__AluSp_dup32035	0.1612182088744588	0.5	0.0	0.0	0.44765625	0.1808712121212121	0.0	0.0
MER5B_dup20949__AluSc_dup28906		MER5B_dup20949__AluSc_dup28906	0.4570312499999999	0.5	1.0	0.0	0.8747869318181818	0.8244318181818181	0.0	0.0
MER5B_dup20949__AluSz_dup83576		MER5B_dup20949__AluSz_dup83576	0.3508049242424242	0.5	1.0	0.0	0.6563920454545454	0.2992424242424242	0.0	0.0
MER66B_dup133__7SK_dup91		MER66B_dup133__7SK_dup91	0.2474262716450216	0.5	0.0	0.0	0.7571732954545455	0.474810606060606	0.0	0.0
MER67C_dup521__LTR48B_dup421		MER67C_dup521__LTR48B_dup421	0.357325487012987	0.5	1.0	0.0	0.3626420454545455	0.6386363636363637	0.0	0.0
MER68_dup622__Penelope1_Vert_dup523		MER68_dup622__Penelope1_Vert_dup523	0.3911458333333333	0.5	1.0	0.0	0.5086647727272727	0.7293560606060606	0.0	0.0
MER6B_dup263__L2b_dup38788		MER6B_dup263__L2b_dup38788	0.4889136904761905	1.0	1.0	0.0	0.3771306818181818	0.5452651515151515	0.5	0.0
MER6B_dup317__MER95_dup70		MER6B_dup317__MER95_dup70	0.3007575757575758	0.5	1.0	0.0	0.3619318181818182	0.2433712121212121	0.0	0.0
MER74B_dup40__AluSz_dup28		MER74B_dup40__AluSz_dup28	0.3711106601731602	1.0	1.0	0.0	0.4669034090909091	0.1308712121212121	0.0	0.0
MER81_dup2531__MamRTE1_dup7235		MER81_dup2531__MamRTE1_dup7235	0.1280776515151515	0.5	0.0	0.0	0.2853693181818181	0.1111742424242424	0.0	0.0
MER89_dup634__MER95_dup70	1.0	MER89_dup634__MER95_dup70	0.2944771374458874	0.5	1.0	0.0	0.1929687499999999	0.3683712121212121	0.0	0.0
MER91B_dup1540__AluJo_dup74937		MER91B_dup1540__AluJo_dup74937	0.3195008116883117	1.0	0.0	0.0	0.4580965909090909	0.2784090909090909	0.5	0.0
MER92C_dup123__AluJo_dup74973		MER92C_dup123__AluJo_dup74973	0.4231838474025973	0.5	1.0	0.0	0.7284801136363637	0.7338068181818181	0.0	0.0
MER95_dup70__MER30_dup1878		MER95_dup70__MER30_dup1878	0.3480045995670995	0.5	1.0	0.0	0.4123579545454545	0.5236742424242423	0.0	0.0
MER96B_dup746__L2c_dup58695		MER96B_dup746__L2c_dup58695	0.2111573322510822	0.5	0.0	0.0	0.4790482954545454	0.4990530303030303	0.0	0.0
MER96B_dup746__LTR41B_dup327		MER96B_dup746__LTR41B_dup327	0.2402191558441558	1.0	0.0	0.0	0.3269886363636363	0.3545454545454545	0.0	0.0
MER96B_dup746__LTR41B_dup328		MER96B_dup746__LTR41B_dup328	0.2939596861471861	1.0	0.0	0.0	0.4575284090909091	0.600189393939394	0.0	0.0
MER96B_dup746__MLT1A0_dup8905		MER96B_dup746__MLT1A0_dup8905	0.1629802489177489	0.5	0.0	0.0	0.2774147727272727	0.3634469696969697	0.0	0.0
MIR1_Amn_dup546__MIRb_dup22026		MIR1_Amn_dup546__MIRb_dup22026	0.4313244047619047	1.0	1.0	0.0	0.3552556818181818	0.6640151515151516	0.0	0.0
MIR1_Amn_dup9428__L1MC4_dup19982		MIR1_Amn_dup9428__L1MC4_dup19982	0.4465165043290042	0.5	1.0	0.0	0.5566761363636363	0.568939393939394	0.5	0.0
MIR1_Amn_dup9428__L3_dup38068		MIR1_Amn_dup9428__L3_dup38068	0.347267316017316	0.5	1.0	0.0	0.1931818181818182	0.2376893939393939	0.5	0.0
MIR1_Amn_dup9428__L3_dup38069		MIR1_Amn_dup9428__L3_dup38069	0.3592363365800866	0.5	1.0	0.0	0.2500710227272727	0.2645833333333333	0.5	0.0
MIR1_Amn_dup9428__LTR5B_dup294		MIR1_Amn_dup9428__LTR5B_dup294	0.4695752164502164	0.5	1.0	0.0	0.7076704545454546	0.5793560606060607	0.5	0.0
MIR3_dup20124__AluJb_dup23250		MIR3_dup20124__AluJb_dup23250	0.2330762987012987	0.5	0.0	0.0	0.4849431818181818	0.6465909090909091	0.0	0.0
MIR3_dup24367__AluJo_dup18483		MIR3_dup24367__AluJo_dup18483	0.3279931006493506	0.5	1.0	0.0	0.4590198863636364	0.3369318181818181	0.0	0.0
MIR3_dup2555__AluSc_dup2253		MIR3_dup2555__AluSc_dup2253	0.2437736742424242	0.5	0.0	0.0	0.7480823863636363	0.4583333333333333	0.0	0.0
MIR3_dup39237__Cheshire_dup501		MIR3_dup39237__Cheshire_dup501	0.190827922077922	0.5	0.0	0.0	0.2960227272727272	0.5397727272727272	0.0	0.0
MIR3_dup41753__L2_dup27879		MIR3_dup41753__L2_dup27879	0.3440137987012986	1.0	1.0	0.0	0.1916193181818181	0.2164772727272727	0.0	0.0
MIR3_dup4976__AluJb_dup1286		MIR3_dup4976__AluJb_dup1286	0.243946158008658	1.0	0.0	0.0	0.4634943181818182	0.2441287878787879	0.0	0.0
MIR3_dup4976__AluSx4_dup93		MIR3_dup4976__AluSx4_dup93	0.2938108766233766	1.0	0.0	0.0	0.6112215909090909	0.4454545454545455	0.0	0.0
MIR3_dup4976__LTR16D1_dup15		MIR3_dup4976__LTR16D1_dup15	0.2995535714285714	0.5	1.0	0.0	0.3758522727272727	0.2210227272727273	0.0	0.0
MIR3_dup52987__MARNA_dup2095		MIR3_dup52987__MARNA_dup2095	0.1303300865800865	0.5	0.0	0.0	0.2335227272727272	0.1787878787878788	0.0	0.0
MIR3_dup55538__MIR3_dup52987		MIR3_dup55538__MIR3_dup52987	0.1007778679653679	0.5	0.0	0.0	0.1478693181818182	0.0575757575757575	0.0	0.0
MIR3_dup60222__AluSq2_dup37647		MIR3_dup60222__AluSq2_dup37647	0.5408955627705627	1.0	1.0	0.0	0.7321022727272727	0.5541666666666666	0.5	0.0
MIR3_dup60222__AluSx1_dup69991		MIR3_dup60222__AluSx1_dup69991	0.4626691017316017	1.0	1.0	0.0	0.5089488636363637	0.2297348484848485	0.5	0.0
MIR3_dup60222__AluSz_dup62981		MIR3_dup60222__AluSz_dup62981	0.417688041125541	1.0	1.0	0.0	0.3109375	0.1128787878787878	0.5	0.0
MIR3_dup61545__L2b_dup68686		MIR3_dup61545__L2b_dup68686	0.1941896645021645	0.5	0.0	0.0	0.1845170454545454	0.174810606060606	0.5	0.0
MIR3_dup63529__L1PB1_dup9463		MIR3_dup63529__L1PB1_dup9463	0.5201569264069263	1.0	1.0	0.0	0.4164772727272727	0.7246212121212121	0.5	0.0
MIR3_dup64907__L2a_dup133527		MIR3_dup64907__L2a_dup133527	0.142870670995671	0.5	0.0	0.0	0.2713068181818182	0.2287878787878788	0.0	0.0
MIR3_dup67033__MIRc_dup78637		MIR3_dup67033__MIRc_dup78637	0.3744352002164501	0.5	1.0	0.0	0.2513494318181818	0.3696969696969697	0.5	0.0
MIR3_dup69286__AluJr_dup64668		MIR3_dup69286__AluJr_dup64668	0.1498275162337662	0.5	0.0	0.0	0.4345880681818181	0.1142045454545454	0.0	0.0
MIR3_dup69286__AluSx_dup87532		MIR3_dup69286__AluSx_dup87532	0.2226122835497835	0.5	0.0	0.0	0.6984375	0.3598484848484848	0.0	0.0
MIR3_dup69286__MER58A_dup10447		MIR3_dup69286__MER58A_dup10447	0.1324134199134199	0.5	0.0	0.0	0.1534090909090909	0.2734848484848485	0.0	0.0
MIR3_dup69286__MamRep137_dup1947		MIR3_dup69286__MamRep137_dup1947	0.1669169372294372	0.5	0.0	0.0	0.2603693181818182	0.4080492424242424	0.0	0.0
MIR3_dup72415__FLAM_A_dup12037		MIR3_dup72415__FLAM_A_dup12037	0.3848958333333333	0.5	1.0	0.0	0.3836647727272727	0.3106060606060606	0.5	0.0
MIR3_dup72687__MIR3_dup71201		MIR3_dup72687__MIR3_dup71201	0.3122226731601731	0.5	1.0	0.0	0.3955965909090909	0.2899621212121212	0.0	0.0
MIR3_dup76139__MIR_dup152392		MIR3_dup76139__MIR_dup152392	0.3231601731601731	1.0	1.0	0.0	0.15	0.1121212121212121	0.0	0.0
MIR3_dup83829__MIRc_dup97557		MIR3_dup83829__MIRc_dup97557	0.1564968885281385	0.5	0.0	0.0	0.347372159090909	0.2481060606060606	0.0	0.0
MIR_dup106873__AluSz_dup60252		MIR_dup106873__AluSz_dup60252	0.4292410714285714	1.0	1.0	0.0	0.5444602272727272	0.4602272727272727	0.0	0.0
MIR_dup106873__Tigger2_dup1853		MIR_dup106873__Tigger2_dup1853	0.4549986471861471	1.0	1.0	0.0	0.3612215909090909	0.8237689393939394	0.0	0.0
MIR_dup106873__Tigger2_dup1854		MIR_dup106873__Tigger2_dup1854	0.3788318452380952	1.0	1.0	0.0	0.1868607954545454	0.4649621212121211	0.0	0.0
MIR_dup107532__THE1B_dup14283		MIR_dup107532__THE1B_dup14283	0.3694128787878787	0.5	1.0	0.0	0.5400568181818182	0.5458333333333334	0.0	0.0
MIR_dup109646__FLAM_C_dup13368		MIR_dup109646__FLAM_C_dup13368	0.5037743506493506	1.0	1.0	0.0	0.3019886363636364	0.3910984848484848	0.5	0.3333333333333333
MIR_dup114485__HERVH-int_dup4279		MIR_dup114485__HERVH-int_dup4279	0.4864786255411255	1.0	1.0	0.0	0.5163352272727273	0.8890151515151515	0.0	0.0
MIR_dup116452__AluJr_dup54307		MIR_dup116452__AluJr_dup54307	0.29629329004329	1.0	0.0	0.0	0.5289772727272727	0.5450757575757575	0.0	0.0
MIR_dup116452__AluSp_dup32035		MIR_dup116452__AluSp_dup32035	0.3065679112554113	0.5	0.0	0.0	0.8075284090909092	0.8384469696969697	0.0	0.0
MIR_dup121236__AluJr_dup54249		MIR_dup121236__AluJr_dup54249	0.161042343073593	0.5	0.0	0.0	0.4502130681818182	0.1770833333333333	0.0	0.0
MIR_dup121349__LTR10C_dup308		MIR_dup121349__LTR10C_dup308	0.2805262445887446	0.5	0.0	0.0	0.5771306818181818	0.8865530303030303	0.0	0.0
MIR_dup129159__L1PB1_dup9463	0.0	MIR_dup129159__L1PB1_dup9463	0.4367830086580086	1.0	1.0	0.0	0.3957386363636364	0.6617424242424242	0.0	0.0
MIR_dup135339__L2c_dup110124		MIR_dup135339__L2c_dup110124	0.1539637445887445	0.5	0.0	0.0	0.378125	0.1996212121212121	0.0	0.0
MIR_dup13913__MER1A_dup172		MIR_dup13913__MER1A_dup172	0.2676271645021645	0.5	1.0	0.0	0.2678977272727272	0.1054924242424242	0.0	0.0
MIR_dup145222__AluSp_dup41372		MIR_dup145222__AluSp_dup41372	0.4338372564935064	1.0	1.0	0.0	0.4851562499999999	0.5517045454545455	0.0	0.0
MIR_dup145222__MIR_dup147619		MIR_dup145222__MIR_dup147619	0.3785511363636363	1.0	1.0	0.0	0.3737215909090909	0.2761363636363636	0.0	0.0
MIR_dup147619__AluJr_dup67860		MIR_dup147619__AluJr_dup67860	0.3789603625541125	1.0	1.0	0.0	0.5074573863636364	0.1452651515151515	0.0	0.0
MIR_dup147619__AluSc_dup29155		MIR_dup147619__AluSc_dup29155	0.2606331168831168	0.5	1.0	0.0	0.2778409090909091	0.046590909090909	0.0	0.0
MIR_dup147619__AluSc_dup29156		MIR_dup147619__AluSc_dup29156	0.2892823322510822	0.5	1.0	0.0	0.3475142045454545	0.1774621212121212	0.0	0.0
MIR_dup147619__AluSx_dup95220		MIR_dup147619__AluSx_dup95220	0.312895698051948	0.5	1.0	0.0	0.44140625	0.2488636363636363	0.0	0.0
MIR_dup147619__FLAM_A_dup12178		MIR_dup147619__FLAM_A_dup12178	0.2937567640692641	0.5	1.0	0.0	0.3379261363636364	0.2183712121212121	0.0	0.0
MIR_dup149777__LTR40b_dup1010		MIR_dup149777__LTR40b_dup1010	0.2528612012987012	0.5	1.0	0.0	0.1524147727272727	0.1176136363636363	0.0	0.0
MIR_dup150269__L2c_dup120689		MIR_dup150269__L2c_dup120689	0.1575859036796537	1.0	0.0	0.0	0.0432528409090909	0.0598484848484848	0.0	0.0
MIR_dup150269__THE1D_dup10650		MIR_dup150269__THE1D_dup10650	0.2100581709956709	1.0	0.0	0.0	0.3240056818181818	0.1464015151515151	0.0	0.0
MIR_dup164433__MER20_dup15329		MIR_dup164433__MER20_dup15329	0.1892113095238095	0.5	0.0	0.0	0.3833806818181818	0.4410984848484849	0.0	0.0
MIR_dup27664__AluSx_dup13312		MIR_dup27664__AluSx_dup13312	0.3947172619047618	1.0	1.0	0.0	0.4046875	0.3583333333333333	0.0	0.0
MIR_dup3855__AluSq2_dup3885		MIR_dup3855__AluSq2_dup3885	0.4925899621212121	1.0	1.0	0.0	0.6513494318181818	0.7967803030303031	0.0	0.0
MIR_dup40151__AluSx1_dup20056		MIR_dup40151__AluSx1_dup20056	0.4377333603896104	1.0	1.0	0.0	0.3402698863636363	0.2238636363636363	0.5	0.0
MIR_dup40921__L1ME4b_dup4179		MIR_dup40921__L1ME4b_dup4179	0.4014745670995671	1.0	1.0	0.0	0.4110795454545454	0.3992424242424242	0.0	0.0
MIR_dup53668__MLT1J_dup5165		MIR_dup53668__MLT1J_dup5165	0.5133319805194805	1.0	1.0	0.0	0.3865056818181818	0.7068181818181819	0.5	0.0
MIR_dup56238__L2b_dup33475		MIR_dup56238__L2b_dup33475	0.4223484848484848	1.0	1.0	0.0	0.3534090909090908	0.603030303030303	0.0	0.0
MIR_dup75369__L4_C_Mam_dup2371		MIR_dup75369__L4_C_Mam_dup2371	0.3357007575757575	0.5	1.0	0.0	0.3377840909090909	0.5121212121212121	0.0	0.0
MIR_dup75369__Tigger18a_dup579		MIR_dup75369__Tigger18a_dup579	0.2400060876623376	0.5	0.0	0.0	0.3777698863636364	0.3022727272727272	0.5	0.0
MIR_dup87850__MLT1E2_dup1920		MIR_dup87850__MLT1E2_dup1920	0.4263798701298701	1.0	1.0	0.0	0.3857954545454545	0.5988636363636365	0.0	0.0
MIR_dup91484__Charlie4z_dup2999		MIR_dup91484__Charlie4z_dup2999	0.1653070887445887	0.5	0.0	0.0	0.3367897727272727	0.3203598484848485	0.0	0.0
MIR_dup91485__Charlie4z_dup2999		MIR_dup91485__Charlie4z_dup2999	0.1779186958874458	0.5	0.0	0.0	0.2105823863636363	0.0348484848484848	0.5	0.0
MIR_dup95023__Charlie1_dup1138		MIR_dup95023__Charlie1_dup1138	0.3726393398268398	1.0	1.0	0.0	0.1944602272727273	0.4140151515151515	0.0	0.0
MIR_dup95340__AluJb_dup67047		MIR_dup95340__AluJb_dup67047	0.2821665313852813	0.5	1.0	0.0	0.3066051136363636	0.168560606060606	0.0	0.0
MIR_dup95340__AluJo_dup40186		MIR_dup95340__AluJo_dup40186	0.199611066017316	0.5	0.0	0.0	0.4783380681818182	0.4189393939393939	0.0	0.0
MIR_dup95340__L1MDa_dup3902		MIR_dup95340__L1MDa_dup3902	0.1743303571428571	0.5	0.0	0.0	0.2186079545454545	0.5017045454545453	0.0	0.0
MIR_dup95340__MIR3_dup49747		MIR_dup95340__MIR3_dup49747	0.2973924512987013	0.5	1.0	0.0	0.2959517045454545	0.2857954545454546	0.0	0.0
MIRb_dup111362__L1M1_dup4780		MIRb_dup111362__L1M1_dup4780	0.4023606601731601	1.0	1.0	0.0	0.3237215909090909	0.4928030303030303	0.0	0.0
MIRb_dup111362__Tigger1_dup7034		MIRb_dup111362__Tigger1_dup7034	0.3976866883116882	1.0	1.0	0.0	0.4150568181818181	0.3687499999999999	0.0	0.0
MIRb_dup11458__AluSg_dup22		MIRb_dup11458__AluSg_dup22	0.3053064123376623	1.0	0.0	0.0	0.5666903409090909	0.5704545454545454	0.0	0.0
MIRb_dup119754__AluY_dup51689		MIRb_dup119754__AluY_dup51689	0.5200351731601731	1.0	1.0	0.0	0.559375	0.5808712121212122	0.5	0.0
MIRb_dup120640__AluYf1_dup977		MIRb_dup120640__AluYf1_dup977	0.4220068993506493	0.5	1.0	0.0	0.8466619318181818	0.6073863636363637	0.0	0.0
MIRb_dup131466__AluSx_dup65824		MIRb_dup131466__AluSx_dup65824	0.5182460768398268	1.0	1.0	0.0	0.8779119318181818	0.7498106060606061	0.0	0.0
MIRb_dup13158__MIRc_dup5879	0.0	MIRb_dup13158__MIRc_dup5879	0.4576806006493505	0.5	1.0	0.0	0.5043323863636364	0.6994318181818181	0.5	0.0
MIRb_dup134507__AluJo_dup44215		MIRb_dup134507__AluJo_dup44215	0.3704680735930736	0.5	1.0	0.0	0.4252840909090909	0.6679924242424242	0.0	0.0
MIRb_dup134507__FRAM_dup4255		MIRb_dup134507__FRAM_dup4255	0.4267451298701298	0.5	1.0	0.0	0.5514204545454545	0.4357954545454545	0.5	0.0
MIRb_dup138611__THE1B_dup14283		MIRb_dup138611__THE1B_dup14283	0.3500270562770562	0.5	1.0	0.0	0.4664772727272727	0.4837121212121212	0.0	0.0
MIRb_dup141730__LOR1a_dup522		MIRb_dup141730__LOR1a_dup522	0.4722842261904761	1.0	1.0	0.0	0.7777698863636364	0.528219696969697	0.0	0.0
MIRb_dup141731__LOR1a_dup522		MIRb_dup141731__LOR1a_dup522	0.3814664502164502	1.0	1.0	0.0	0.4607954545454545	0.2094696969696969	0.0	0.0
MIRb_dup150605__MamRTE1_dup6599		MIRb_dup150605__MamRTE1_dup6599	0.2017789502164502	1.0	0.0	0.0	0.1995738636363636	0.2128787878787879	0.0	0.0
MIRb_dup151300__MIRc_dup68623		MIRb_dup151300__MIRc_dup68623	0.3247395833333333	0.5	1.0	0.0	0.4227982954545454	0.3503787878787879	0.0	0.0
MIRb_dup151300__Tigger19b_dup2319		MIRb_dup151300__Tigger19b_dup2319	0.3872023809523809	0.5	1.0	0.0	0.7676136363636364	0.4428030303030303	0.0	0.0
MIRb_dup151672__Charlie2b_dup2393	1.0	MIRb_dup151672__Charlie2b_dup2393	0.4280472132034632	1.0	1.0	0.0	0.3147017045454545	0.6816287878787879	0.0	0.0
MIRb_dup152481__AluJr_dup52980		MIRb_dup152481__AluJr_dup52980	0.2168188582251082	0.5	0.0	0.0	0.4828835227272727	0.5348484848484848	0.0	0.0
MIRb_dup152481__MER5A1_dup10442		MIRb_dup152481__MER5A1_dup10442	0.1440340909090909	0.5	0.0	0.0	0.3389204545454545	0.1693181818181818	0.0	0.0
MIRb_dup152481__MER5A1_dup10443		MIRb_dup152481__MER5A1_dup10443	0.1645359848484848	0.5	0.0	0.0	0.2884943181818182	0.3632575757575757	0.0	0.0
MIRb_dup165074__AluSc8_dup14696	0.0	MIRb_dup165074__AluSc8_dup14696	0.5450013528138528	1.0	1.0	0.0	0.6299715909090909	0.6850378787878788	0.5	0.0
MIRb_dup172406__AluJb_dup91876		MIRb_dup172406__AluJb_dup91876	0.3579410173160173	0.5	1.0	0.0	0.6508522727272729	0.3547348484848485	0.0	0.0
MIRb_dup172406__AluJb_dup91877		MIRb_dup172406__AluJb_dup91877	0.2288791937229437	0.5	0.0	0.0	0.6943892045454545	0.4077651515151515	0.0	0.0
MIRb_dup172406__AluSx_dup82745		MIRb_dup172406__AluSx_dup82745	0.2223248106060605	0.5	0.0	0.0	0.566690340909091	0.4895833333333333	0.0	0.0
MIRb_dup172406__Charlie5_dup1988		MIRb_dup172406__Charlie5_dup1988	0.3081946699134198	0.5	1.0	0.0	0.1952414772727272	0.4621212121212121	0.0	0.0
MIRb_dup172406__L2_dup44916		MIRb_dup172406__L2_dup44916	0.3082995129870129	0.5	1.0	0.0	0.2677556818181818	0.390340909090909	0.0	0.0
MIRb_dup172406__L2_dup44917		MIRb_dup172406__L2_dup44917	0.3693215638528138	0.5	1.0	0.0	0.3928267045454545	0.6924242424242425	0.0	0.0
MIRb_dup172406__L2_dup44918		MIRb_dup172406__L2_dup44918	0.3311688311688311	0.5	1.0	0.0	0.3517045454545454	0.4664772727272727	0.0	0.0
MIRb_dup172406__L2_dup44920		MIRb_dup172406__L2_dup44920	0.2719629329004329	0.5	1.0	0.0	0.3359375	0.0678030303030303	0.0	0.0
MIRb_dup172406__L2a_dup133691		MIRb_dup172406__L2a_dup133691	0.3195887445887446	0.5	1.0	0.0	0.3931818181818182	0.3439393939393939	0.0	0.0
MIRb_dup172406__L2a_dup133692		MIRb_dup172406__L2a_dup133692	0.3570143398268398	0.5	1.0	0.0	0.3555397727272727	0.643560606060606	0.0	0.0
MIRb_dup172406__L2a_dup133693		MIRb_dup172406__L2a_dup133693	0.3045758928571428	0.5	1.0	0.0	0.3564630681818182	0.2755681818181818	0.0	0.0
MIRb_dup172406__MER113_dup2450		MIRb_dup172406__MER113_dup2450	0.3346996753246753	0.5	1.0	0.0	0.3667613636363636	0.4761363636363636	0.0	0.0
MIRb_dup172406__MER113_dup2451		MIRb_dup172406__MER113_dup2451	0.1583739177489177	0.5	0.0	0.0	0.3167613636363636	0.2918560606060605	0.0	0.0
MIRb_dup172406__MIRb_dup172407		MIRb_dup172406__MIRb_dup172407	0.288676948051948	0.5	1.0	0.0	0.321875	0.1988636363636363	0.0	0.0
MIRb_dup172407__AluSp_dup36204		MIRb_dup172407__AluSp_dup36204	0.3165449134199134	0.5	1.0	0.0	0.3911931818181818	0.3246212121212121	0.0	0.0
MIRb_dup174050__L2c_dup110124		MIRb_dup174050__L2c_dup110124	0.155472132034632	0.5	0.0	0.0	0.4470170454545455	0.1412878787878788	0.0	0.0
MIRb_dup174410__AluSx1_dup80863		MIRb_dup174410__AluSx1_dup80863	0.4138933982683982	1.0	1.0	0.0	0.3502840909090909	0.546969696969697	0.0	0.0
MIRb_dup174410__MIRb_dup171106		MIRb_dup174410__MIRb_dup171106	0.3441152597402597	1.0	1.0	0.0	0.174715909090909	0.2340909090909091	0.0	0.0
MIRb_dup179748__AluSx1_dup86113		MIRb_dup179748__AluSx1_dup86113	0.2099431818181818	0.5	0.0	0.0	0.5286931818181818	0.4409090909090909	0.0	0.0
MIRb_dup179748__L2c_dup114341		MIRb_dup179748__L2c_dup114341	0.2095880681818182	0.5	0.0	0.0	0.48359375	0.4835227272727272	0.0	0.0
MIRb_dup18484__L1MA6_dup266		MIRb_dup18484__L1MA6_dup266	0.1880208333333333	0.5	0.0	0.0	0.1930397727272727	0.6231060606060606	0.0	0.0
MIRb_dup18484__L1MA6_dup267		MIRb_dup18484__L1MA6_dup267	0.3135078463203463	0.5	1.0	0.0	0.1953125	0.4992424242424242	0.0	0.0
MIRb_dup18485__L1M2_dup475		MIRb_dup18485__L1M2_dup475	0.2994588744588744	0.5	1.0	0.0	0.1215909090909091	0.4746212121212121	0.0	0.0
MIRb_dup18485__L1MA6_dup266		MIRb_dup18485__L1MA6_dup266	0.1583130411255411	0.5	0.0	0.0	0.1555397727272727	0.4526515151515151	0.0	0.0
MIRb_dup18485__L1MA6_dup267		MIRb_dup18485__L1MA6_dup267	0.3073525432900433	0.5	1.0	0.0	0.2870738636363636	0.3643939393939394	0.0	0.0
MIRb_dup187031__L2_dup48130		MIRb_dup187031__L2_dup48130	0.4019818722943722	1.0	1.0	0.0	0.4816761363636364	0.3321969696969697	0.0	0.0
MIRb_dup187199__FLAM_C_dup18743		MIRb_dup187199__FLAM_C_dup18743	0.3714725378787878	1.0	1.0	0.0	0.4084517045454545	0.1918560606060606	0.0	0.0
MIRb_dup187217__AluSg4_dup5719		MIRb_dup187217__AluSg4_dup5719	0.1711208062770562	0.5	0.0	0.0	0.4556107954545454	0.2422348484848484	0.0	0.0
MIRb_dup187217__AluSq4_dup1384		MIRb_dup187217__AluSq4_dup1384	0.3842160443722943	1.0	1.0	0.0	0.409872159090909	0.2796401515151515	0.0	0.0
MIRb_dup187217__AluSz_dup82335		MIRb_dup187217__AluSz_dup82335	0.159375	0.5	0.0	0.0	0.3803977272727272	0.2352272727272727	0.0	0.0
MIRb_dup187217__Tigger13a_dup2638		MIRb_dup187217__Tigger13a_dup2638	0.198444264069264	0.5	0.0	0.0	0.4230113636363636	0.4660984848484849	0.0	0.0
MIRb_dup187218__MIR3_dup70272		MIRb_dup187218__MIR3_dup70272	0.1969054383116882	0.5	0.0	0.0	0.3300426136363636	0.5482954545454545	0.0	0.0
MIRb_dup190306__MER112_dup3661		MIRb_dup190306__MER112_dup3661	0.3744994588744589	0.5	1.0	0.0	0.4872159090909091	0.134280303030303	0.5	0.0
MIRb_dup218981__FLAM_A_dup13967		MIRb_dup218981__FLAM_A_dup13967	0.5217397186147186	1.0	1.0	0.0	0.5474431818181819	0.6047348484848484	0.5	0.0
MIRb_dup22260__AluJr_dup3303		MIRb_dup22260__AluJr_dup3303	0.4514069264069263	1.0	1.0	0.0	0.6130681818181818	0.546780303030303	0.0	0.0
MIRb_dup3110__L2c_dup9038		MIRb_dup3110__L2c_dup9038	0.4306818181818181	1.0	1.0	0.0	0.3448863636363636	0.6698863636363637	0.0	0.0
MIRb_dup3289__MamSINE1_dup289		MIRb_dup3289__MamSINE1_dup289	0.3819264069264069	1.0	1.0	0.0	0.4085227272727272	0.2649621212121212	0.0	0.0
MIRb_dup33774__AluJb_dup13637		MIRb_dup33774__AluJb_dup13637	0.2726427218614718	0.5	1.0	0.0	0.2344460227272727	0.1740530303030303	0.0	0.0
MIRb_dup33774__L1M5_dup4890		MIRb_dup33774__L1M5_dup4890	0.3138900162337662	0.5	1.0	0.0	0.2489346590909091	0.4482954545454545	0.0	0.0
MIRb_dup33774__L1ME3G_dup1437		MIRb_dup33774__L1ME3G_dup1437	0.2637378246753246	0.5	1.0	0.0	0.2598011363636364	0.0863636363636363	0.0	0.0
MIRb_dup37218__AluSg_dup5581		MIRb_dup37218__AluSg_dup5581	0.3446800595238095	0.5	1.0	0.0	0.6097301136363638	0.303030303030303	0.0	0.0
MIRb_dup39282__AluJr_dup15340		MIRb_dup39282__AluJr_dup15340	0.3343682359307359	0.5	1.0	0.0	0.5742897727272727	0.2662878787878788	0.0	0.0
MIRb_dup43659__AluY_dup21776		MIRb_dup43659__AluY_dup21776	0.3132271374458874	1.0	0.0	0.0	0.6281960227272727	0.5643939393939393	0.0	0.0
MIRb_dup50812__L1PA13_dup1565		MIRb_dup50812__L1PA13_dup1565	0.127245670995671	0.5	0.0	0.0	0.2249999999999999	0.165719696969697	0.0	0.0
MIRb_dup76285__AluJb_dup39302		MIRb_dup76285__AluJb_dup39302	0.3142992424242424	0.5	1.0	0.0	0.309375	0.390719696969697	0.0	0.0
MIRb_dup76285__AluJb_dup39303		MIRb_dup76285__AluJb_dup39303	0.2998342803030303	0.5	1.0	0.0	0.4151278409090909	0.1837121212121212	0.0	0.0
MIRb_dup76285__MIR_dup55547		MIRb_dup76285__MIR_dup55547	0.3916328463203463	0.5	1.0	0.0	0.2677556818181818	0.4736742424242424	0.5	0.0
MIRb_dup79091__MIRc_dup35938		MIRb_dup79091__MIRc_dup35938	0.1293222402597402	0.5	0.0	0.0	0.2035511363636364	0.2017045454545455	0.0	0.0
MIRb_dup79094__MIRc_dup33217		MIRb_dup79094__MIRc_dup33217	0.5059929653679653	1.0	1.0	0.0	0.5235795454545454	0.1850378787878787	0.5	0.3333333333333333
MIRb_dup80312__AluY_dup37620		MIRb_dup80312__AluY_dup37620	0.3187094155844155	1.0	0.0	0.0	0.6264204545454545	0.6045454545454546	0.0	0.0
MIRb_dup80312__MIR_dup68069		MIRb_dup80312__MIR_dup68069	0.2574742965367965	1.0	0.0	0.0	0.4475852272727272	0.3547348484848485	0.0	0.0
MIRb_dup84405__AluSc_dup12444		MIRb_dup84405__AluSc_dup12444	0.3298938041125541	0.5	1.0	0.0	0.6111505681818182	0.1981060606060606	0.0	0.0
MIRb_dup89350__LTR1_dup85		MIRb_dup89350__LTR1_dup85	0.4099567099567099	1.0	1.0	0.0	0.603409090909091	0.2662878787878788	0.0	0.0
MIRc_dup14741__AluSz_dup9165		MIRc_dup14741__AluSz_dup9165	0.4144717261904761	0.5	1.0	0.0	0.5281960227272727	0.3731060606060606	0.5	0.0
MIRc_dup24112__MIRb_dup51989		MIRc_dup24112__MIRb_dup51989	0.322172619047619	0.5	1.0	0.0	0.0769886363636363	0.1782196969696969	0.5	0.0
MIRc_dup48081__MIR_dup83884	0.0	MIRc_dup48081__MIR_dup83884	0.3583367153679654	0.5	1.0	0.0	0.2899857954545454	0.2183712121212121	0.5	0.0
MIRc_dup56191__L2b_dup55103		MIRc_dup56191__L2b_dup55103	0.3698965097402596	1.0	1.0	0.0	0.3506392045454545	0.2386363636363636	0.0	0.0
MIRc_dup5879__AluSx_dup6007		MIRc_dup5879__AluSx_dup6007	0.4021746482683982	0.5	1.0	0.0	0.6443892045454546	0.6708333333333334	0.0	0.0
MIRc_dup59848__MamSINE1_dup3598		MIRc_dup59848__MamSINE1_dup3598	0.3188142586580086	0.5	0.0	0.0	0.5796164772727272	0.6520833333333333	0.5	0.0
MIRc_dup64014__AluSg_dup20521		MIRc_dup64014__AluSg_dup20521	0.4081912878787879	0.5	1.0	0.0	0.8188920454545454	0.5384469696969697	0.0	0.0
MIRc_dup66259__AluJo_dup47176		MIRc_dup66259__AluJo_dup47176	0.4791632846320346	1.0	1.0	0.0	0.7128551136363637	0.6412878787878787	0.0	0.0
MIRc_dup66259__L1MC4_dup16357		MIRc_dup66259__L1MC4_dup16357	0.3420860389610389	0.5	1.0	0.0	0.3218749999999999	0.5727272727272726	0.0	0.0
MIRc_dup68623__Tigger19b_dup2319		MIRc_dup68623__Tigger19b_dup2319	0.369926948051948	1.0	1.0	0.0	0.3275568181818182	0.2619318181818181	0.0	0.0
MIRc_dup76097__AluSq_dup12859		MIRc_dup76097__AluSq_dup12859	0.2727509469696969	0.5	1.0	0.0	0.29921875	0.1100378787878787	0.0	0.0
MIRc_dup79517__L3b_dup8165		MIRc_dup79517__L3b_dup8165	0.4579207251082251	1.0	1.0	0.0	0.4041193181818181	0.3013257575757576	0.5	0.0
MIRc_dup81661__AluJo_dup56960		MIRc_dup81661__AluJo_dup56960	0.4399316829004329	0.5	1.0	0.0	0.6287642045454546	0.4507575757575757	0.5	0.0
MIRc_dup83060__AluSq_dup15066	1.0	MIRc_dup83060__AluSq_dup15066	0.4591686958874459	1.0	1.0	0.0	0.5344460227272728	0.6797348484848486	0.0	0.0
MIRc_dup83060__AluSz_dup82908		MIRc_dup83060__AluSz_dup82908	0.3022862554112554	1.0	0.0	0.0	0.7014204545454547	0.4145833333333333	0.0	0.0
MIRc_dup83060__L2_dup47726		MIRc_dup83060__L2_dup47726	0.343655303030303	1.0	1.0	0.0	0.215625	0.1899621212121212	0.0	0.0
MIRc_dup84827__L2a_dup143671		MIRc_dup84827__L2a_dup143671	0.3599533279220779	0.5	1.0	0.0	0.4156960227272727	0.6039772727272726	0.0	0.0
MIRc_dup8484__AluSg_dup2742		MIRc_dup8484__AluSg_dup2742	0.3261160714285714	0.5	1.0	0.0	0.5089488636363636	0.2738636363636363	0.0	0.0
MIRc_dup8484__AluSz_dup7353		MIRc_dup8484__AluSz_dup7353	0.3788961038961039	0.5	1.0	0.0	0.6357954545454546	0.5164772727272727	0.0	0.0
MIRc_dup87030__AluSc_dup29630		MIRc_dup87030__AluSc_dup29630	0.3374966179653679	0.5	1.0	0.0	0.4622869318181818	0.4001893939393939	0.0	0.0
MIRc_dup87030__AluSx4_dup9250		MIRc_dup87030__AluSx4_dup9250	0.3193959686147186	0.5	1.0	0.0	0.3185369318181817	0.4172348484848485	0.0	0.0
MIRc_dup87030__L1ME3Cz_dup10555		MIRc_dup87030__L1ME3Cz_dup10555	0.3248004599567099	0.5	1.0	0.0	0.3567471590909091	0.4168560606060605	0.0	0.0
MIRc_dup87030__MIR_dup149777		MIRc_dup87030__MIR_dup149777	0.2896780303030303	0.5	1.0	0.0	0.2383522727272727	0.2893939393939393	0.0	0.0
MIRc_dup8803__MER1A_dup172		MIRc_dup8803__MER1A_dup172	0.1080762987012987	0.5	0.0	0.0	0.2116477272727273	0.0448863636363636	0.0	0.0
MIRc_dup88493__Tigger3b_dup5699		MIRc_dup88493__Tigger3b_dup5699	0.4162540584415584	0.5	1.0	0.0	0.3711647727272728	0.5426136363636364	0.5	0.0
MIRc_dup88849__L2c_dup123226		MIRc_dup88849__L2c_dup123226	0.3662303841991342	1.0	1.0	0.0	0.4941051136363636	0.0695075757575757	0.0	0.0
MIRc_dup97656__HAL1_dup22376		MIRc_dup97656__HAL1_dup22376	0.2670725108225108	0.5	0.0	0.0	0.5201704545454545	0.8493371212121211	0.0	0.0
MIRc_dup97656__L1ME4b_dup21536		MIRc_dup97656__L1ME4b_dup21536	0.1750202922077922	0.5	0.0	0.0	0.3757102272727272	0.3494318181818182	0.0	0.0
MIRc_dup97656__L2a_dup166838		MIRc_dup97656__L2a_dup166838	0.1349939123376623	0.5	0.0	0.0	0.2693892045454545	0.1755681818181818	0.0	0.0
MIRc_dup97656__MIRb_dup216839		MIRc_dup97656__MIRb_dup216839	0.1512242965367965	0.5	0.0	0.0	0.1399147727272727	0.418655303030303	0.0	0.0
MLT1A0_dup11503__CR1-L3A_Croc_dup165		MLT1A0_dup11503__CR1-L3A_Croc_dup165	0.2444703733766233	0.5	0.0	0.0	0.3010653409090909	0.4102272727272727	0.5	0.0
MLT1A0_dup11503__MIR_dup91484		MLT1A0_dup11503__MIR_dup91484	0.2373714826839826	0.5	0.0	0.0	0.4958806818181818	0.665719696969697	0.0	0.0
MLT1A0_dup11503__MIR_dup91485		MLT1A0_dup11503__MIR_dup91485	0.2686485389610389	0.5	0.0	0.0	0.3833806818181818	0.4971590909090909	0.5	0.0
MLT1A0_dup11572__L1MC5_dup7943		MLT1A0_dup11572__L1MC5_dup7943	0.4459753787878788	0.5	1.0	0.0	0.3345170454545454	0.7873106060606062	0.5	0.0
MLT1A0_dup11572__L2a_dup92968		MLT1A0_dup11572__L2a_dup92968	0.417096185064935	0.5	1.0	0.0	0.4145596590909091	0.5051136363636364	0.5	0.0
MLT1A0_dup11572__MSTA_dup10582		MLT1A0_dup11572__MSTA_dup10582	0.4694331709956709	0.5	1.0	0.0	0.4833806818181818	0.8026515151515152	0.5	0.0
MLT1A0_dup13622__L3_dup29185		MLT1A0_dup13622__L3_dup29185	0.1970102813852813	1.0	0.0	0.0	0.334375	0.0446969696969697	0.0	0.0
MLT1A0_dup2219__L1MC1_dup1929	0.0	MLT1A0_dup2219__L1MC1_dup1929	0.3000135281385281	1.0	0.0	0.0	0.3213068181818182	0.7787878787878788	0.0	0.0
MLT1A0_dup4309__L2a_dup37832		MLT1A0_dup4309__L2a_dup37832	0.3279795725108224	0.5	0.0	0.0	0.5814630681818183	0.7143939393939394	0.5	0.0
MLT1A0_dup4309__MIR_dup38096		MLT1A0_dup4309__MIR_dup38096	0.3288622835497835	0.5	0.0	0.0	0.5751420454545455	0.7268939393939394	0.5	0.0
MLT1A0_dup5558__LTR41B_dup256		MLT1A0_dup5558__LTR41B_dup256	0.255566829004329	1.0	0.0	0.0	0.3421875	0.446780303030303	0.0	0.0
MLT1A0_dup8454__L1MC4_dup8745	0.0	MLT1A0_dup8454__L1MC4_dup8745	0.3101494859307359	1.0	0.0	0.0	0.3922585227272727	0.7787878787878788	0.0	0.0
MLT1A0_dup8455__L1MC4_dup8745	0.0	MLT1A0_dup8455__L1MC4_dup8745	0.2830221861471861	1.0	0.0	0.0	0.3201704545454545	0.6609848484848485	0.0	0.0
MLT1A0_dup8905__L2b_dup38701		MLT1A0_dup8905__L2b_dup38701	0.2052895021645021	0.5	0.0	0.0	0.2928977272727272	0.6441287878787878	0.0	0.0
MLT1A0_dup8905__LTR41B_dup328		MLT1A0_dup8905__LTR41B_dup328	0.1798227813852813	0.5	0.0	0.0	0.3146306818181818	0.4441287878787879	0.0	0.0
MLT1A0_dup8905__MIRb_dup88803		MLT1A0_dup8905__MIRb_dup88803	0.1872869318181818	0.5	0.0	0.0	0.3683948863636363	0.4426136363636364	0.0	0.0
MLT1A0_dup8905__Tigger5b_dup1014		MLT1A0_dup8905__Tigger5b_dup1014	0.1201332521645021	0.5	0.0	0.0	0.2166903409090909	0.1242424242424242	0.0	0.0
MLT1C_dup14463__AluJo_dup55677		MLT1C_dup14463__AluJo_dup55677	0.4585802218614718	1.0	1.0	0.0	0.5933948863636364	0.6166666666666667	0.0	0.0
MLT1C_dup14463__L2c_dup112044		MLT1C_dup14463__L2c_dup112044	0.3837662337662337	1.0	1.0	0.0	0.3528409090909091	0.3335227272727272	0.0	0.0
MLT1C_dup16713__HAL1_dup20605		MLT1C_dup16713__HAL1_dup20605	0.4012987012987012	1.0	1.0	0.0	0.3732954545454545	0.4357954545454545	0.0	0.0
MLT1C_dup16714__HAL1_dup20605		MLT1C_dup16714__HAL1_dup20605	0.4704274891774891	1.0	1.0	0.0	0.4096590909090909	0.8833333333333334	0.0	0.0
MLT1C_dup16959__L2a_dup150539		MLT1C_dup16959__L2a_dup150539	0.1989414231601731	0.5	0.0	0.0	0.3270596590909091	0.565530303030303	0.0	0.0
MLT1D_dup1511__L3_dup6711		MLT1D_dup1511__L3_dup6711	0.2685538419913419	1.0	0.0	0.0	0.3796875	0.5001893939393939	0.0	0.0
MLT1D_dup1511__L3_dup6712		MLT1D_dup1511__L3_dup6712	0.2657873376623376	1.0	0.0	0.0	0.2417613636363636	0.11875	0.5	0.0
MLT1D_dup1511__LTR79_dup561		MLT1D_dup1511__LTR79_dup561	0.2281622023809523	1.0	0.0	0.0	0.433309659090909	0.1638257575757575	0.0	0.0
MLT1D_dup1511__LTR79_dup562		MLT1D_dup1511__LTR79_dup562	0.3215976731601732	1.0	0.0	0.0	0.3819602272727273	0.3692234848484848	0.5	0.0
MLT1D_dup1511__MER5B_dup2952		MLT1D_dup1511__MER5B_dup2952	0.279102408008658	1.0	0.0	0.0	0.49140625	0.4623106060606061	0.0	0.0
MLT1D_dup16604__AluSx1_dup89230		MLT1D_dup16604__AluSx1_dup89230	0.3646036255411255	0.5	1.0	0.0	0.4842329545454545	0.5679924242424242	0.0	0.0
MLT1E2-int_dup82__L3_dup30527		MLT1E2-int_dup82__L3_dup30527	0.3732075216450216	0.5	1.0	0.0	0.3813920454545454	0.7310606060606061	0.0	0.0
MLT1E2-int_dup82__MamGypLTR3_dup431	0.0	MLT1E2-int_dup82__MamGypLTR3_dup431	0.3937161796536796	0.5	1.0	0.0	0.3853693181818182	0.8706439393939394	0.0	0.0
MLT1E3_dup534__AluSg4_dup1675		MLT1E3_dup534__AluSg4_dup1675	0.4739042207792208	1.0	1.0	0.0	0.6139204545454546	0.703409090909091	0.0	0.0
MLT1E3_dup534__MER20_dup3983		MLT1E3_dup534__MER20_dup3983	0.4545285443722943	1.0	1.0	0.0	0.4358664772727273	0.7458333333333332	0.0	0.0
MLT1F1_dup2176__AluSq2_dup37646		MLT1F1_dup2176__AluSq2_dup37646	0.5193655303030302	1.0	1.0	0.0	0.6524147727272728	0.4831439393939393	0.5	0.0
MLT1F1_dup2176__AluSq2_dup37647		MLT1F1_dup2176__AluSq2_dup37647	0.5259368235930736	1.0	1.0	0.0	0.7959517045454546	0.3856060606060605	0.5	0.0
MLT1F1_dup2176__AluSx1_dup69990		MLT1F1_dup2176__AluSx1_dup69990	0.5422652867965367	1.0	1.0	0.0	0.7161221590909093	0.5797348484848485	0.5	0.0
MLT1F1_dup2176__AluSx1_dup69991		MLT1F1_dup2176__AluSx1_dup69991	0.5778037067099566	1.0	1.0	0.0	0.8203835227272728	0.7242424242424241	0.5	0.0
MLT1F1_dup2176__AluSz_dup62981		MLT1F1_dup2176__AluSz_dup62981	0.4538521374458873	1.0	1.0	0.0	0.4557528409090909	0.2212121212121212	0.5	0.0
MLT1F1_dup2318__L1M5_dup40365		MLT1F1_dup2318__L1M5_dup40365	0.3439123376623376	0.5	1.0	0.0	0.3181818181818182	0.5892045454545455	0.0	0.0
MLT1F_dup1880__AluSz_dup40929		MLT1F_dup1880__AluSz_dup40929	0.2145731872294372	0.5	0.0	0.0	0.5266335227272727	0.4753787878787878	0.0	0.0
MLT1J2_dup4310__L2c_dup89616		MLT1J2_dup4310__L2c_dup89616	0.4625676406926406	0.5	1.0	0.0	0.4519886363636363	0.7859848484848485	0.5	0.0
MLT1J_dup13020__MER33_dup8013		MLT1J_dup13020__MER33_dup8013	0.2672652867965368	0.5	0.0	0.0	0.4263494318181818	0.4445075757575757	0.5	0.0
MLT1J_dup14745__L2a_dup166915		MLT1J_dup14745__L2a_dup166915	0.1276515151515151	0.5	0.0	0.0	0.2198863636363636	0.1736742424242424	0.0	0.0
MLT1J_dup5165__MLT1A0_dup6658		MLT1J_dup5165__MLT1A0_dup6658	0.4924986471861471	1.0	1.0	0.0	0.3035511363636363	0.6439393939393939	0.5	0.0
MLT1J_dup8332__AluSz_dup48008		MLT1J_dup8332__AluSz_dup48008	0.4465570887445886	1.0	1.0	0.0	0.2598011363636363	0.3660984848484849	0.5	0.0
MLT1J_dup8332__MLT1A_dup4986		MLT1J_dup8332__MLT1A_dup4986	0.4534665854978355	1.0	1.0	0.0	0.2502130681818181	0.4240530303030303	0.5	0.0
MLT1K_dup13567__MIR_dup142034		MLT1K_dup13567__MIR_dup142034	0.4380039231601731	1.0	1.0	0.0	0.32890625	0.7371212121212122	0.0	0.0
MLT1L_dup5955__LTR67B_dup2006		MLT1L_dup5955__LTR67B_dup2006	0.32598079004329	0.5	1.0	0.0	0.4862215909090909	0.2956439393939394	0.0	0.0
MLT1N2_dup2328__L1MB8_dup5782		MLT1N2_dup2328__L1MB8_dup5782	0.244142316017316	0.5	0.0	0.0	0.3633522727272727	0.3456439393939394	0.5	0.0
MLT1O_dup2978__L2c_dup88805		MLT1O_dup2978__L2c_dup88805	0.5146645021645021	1.0	1.0	0.0	0.6795454545454546	0.9231060606060604	0.0	0.0
MLT2B3_dup2657__AluJb_dup93341		MLT2B3_dup2657__AluJb_dup93341	0.3835396374458873	1.0	0.0	0.0	0.7999289772727273	0.8848484848484848	0.0	0.0
MLT2B4_dup217__MIRb_dup14635		MLT2B4_dup217__MIRb_dup14635	0.3295183982683982	0.5	1.0	0.0	0.3130681818181818	0.4935606060606061	0.0	0.0
MLT2D_dup1418__LTR41B_dup256		MLT2D_dup1418__LTR41B_dup256	0.2027665043290042	0.5	0.0	0.0	0.3078124999999999	0.6115530303030302	0.0	0.0
MLT2D_dup1418__MLT1A0_dup5558		MLT2D_dup1418__MLT1A0_dup5558	0.2613974567099567	0.5	0.0	0.0	0.4697443181818181	0.8600378787878787	0.0	0.0
MLT2D_dup1868__AluSz_dup36098		MLT2D_dup1868__AluSz_dup36098	0.3427387716450216	1.0	0.0	0.0	0.6868607954545455	0.712310606060606	0.0	0.0
MLT2D_dup1868__L2b_dup38701		MLT2D_dup1868__L2b_dup38701	0.270610119047619	1.0	0.0	0.0	0.3455965909090909	0.5486742424242425	0.0	0.0
MLT2D_dup1868__L2c_dup58694		MLT2D_dup1868__L2c_dup58694	0.2228828463203463	1.0	0.0	0.0	0.1961647727272727	0.3640151515151515	0.0	0.0
MLT2D_dup1868__L2c_dup58695		MLT2D_dup1868__L2c_dup58695	0.2768499729437229	0.5	0.0	0.0	0.2861505681818181	0.6517992424242425	0.5	0.0
MLT2D_dup1868__MER20_dup6315		MLT2D_dup1868__MER20_dup6315	0.4651244588744588	1.0	1.0	0.0	0.3539772727272727	0.4018939393939393	0.5	0.0
MLT2D_dup1868__MER96B_dup746		MLT2D_dup1868__MER96B_dup746	0.3053639069264069	1.0	0.0	0.0	0.4231534090909091	0.7143939393939394	0.0	0.0
MLT2D_dup1868__MIRb_dup88803		MLT2D_dup1868__MIRb_dup88803	0.2188311688311688	1.0	0.0	0.0	0.1971590909090909	0.3346590909090909	0.0	0.0
MLT2D_dup1868__MLT1A0_dup8905		MLT2D_dup1868__MLT1A0_dup8905	0.3249729437229437	0.5	0.0	0.0	0.4238636363636364	0.8509469696969697	0.5	0.0
MLT2F_dup515__AluSp_dup11240		MLT2F_dup515__AluSp_dup11240	0.5906858766233766	1.0	1.0	0.0	0.8228693181818183	0.8119318181818181	0.5	0.0
MSTB_dup7321__AluJb_dup111686		MSTB_dup7321__AluJb_dup111686	0.2513189935064935	0.5	0.0	0.0	0.5205965909090909	0.7386363636363636	0.0	0.0
MSTB_dup7321__AluJo_dup68879	0.0	MSTB_dup7321__AluJo_dup68879	0.2424715909090908	0.5	0.0	0.0	0.5313920454545454	0.6659090909090909	0.0	0.0
MSTB_dup7321__Tigger3b_dup5699		MSTB_dup7321__Tigger3b_dup5699	0.3347842261904762	0.5	0.0	0.0	0.41640625	0.9270833333333334	0.5	0.0
MamGypLTR3_dup431__MLT1E2_dup2486		MamGypLTR3_dup431__MLT1E2_dup2486	0.3332183441558441	0.5	1.0	0.0	0.3791193181818182	0.4534090909090909	0.0	0.0
MamRTE1_dup5963__L2c_dup92045		MamRTE1_dup5963__L2c_dup92045	0.3819094967532467	0.5	1.0	0.0	0.1745028409090909	0.4988636363636363	0.5	0.0
MamRTE1_dup7235__AluY_dup73884		MamRTE1_dup7235__AluY_dup73884	0.2162337662337662	0.5	0.0	0.0	0.5642045454545455	0.4494318181818182	0.0	0.0
MamRTE1_dup8164__LTR13_dup421		MamRTE1_dup8164__LTR13_dup421	0.4129565746753246	0.5	1.0	0.0	0.6668323863636365	0.2238636363636363	0.5	0.0
MamRep1151_dup614__MIR_dup87850		MamRep1151_dup614__MIR_dup87850	0.3339725378787878	1.0	1.0	0.0	0.1283380681818182	0.2094696969696969	0.0	0.0
MamRep1151_dup615__MIR_dup87850		MamRep1151_dup615__MIR_dup87850	0.3451975108225108	1.0	1.0	0.0	0.2457386363636363	0.1706439393939394	0.0	0.0
MamRep137_dup1947__AluJr4_dup15962		MamRep137_dup1947__AluJr4_dup15962	0.1499594155844155	0.5	0.0	0.0	0.2644886363636363	0.2852272727272727	0.0	0.0
MamSINE1_dup3184__AluJr4_dup9909		MamSINE1_dup3184__AluJr4_dup9909	0.2759977002164502	1.0	0.0	0.0	0.3725142045454545	0.559469696969697	0.0	0.0
MamTip2_dup4330__L2c_dup86171		MamTip2_dup4330__L2c_dup86171	0.3976190476190476	0.5	1.0	0.0	0.4460227272727273	0.837310606060606	0.0	0.0
MamTip2_dup4330__L4_C_Mam_dup3272		MamTip2_dup4330__L4_C_Mam_dup3272	0.347463474025974	0.5	1.0	0.0	0.4578124999999999	0.4744318181818182	0.0	0.0
MamTip2_dup4330__L4_C_Mam_dup3273		MamTip2_dup4330__L4_C_Mam_dup3273	0.3247429653679654	0.5	1.0	0.0	0.4167613636363636	0.3564393939393939	0.0	0.0
MamTip2_dup4330__MIR3_dup52867		MamTip2_dup4330__MIR3_dup52867	0.3289468344155843	0.5	1.0	0.0	0.4793323863636364	0.3232954545454545	0.0	0.0
OldhAT1_dup3619__AluSq2_dup48119		OldhAT1_dup3619__AluSq2_dup48119	0.2528476731601731	0.5	1.0	0.0	0.2151988636363636	0.0547348484848484	0.0	0.0
OldhAT1_dup3619__AluSx_dup91201		OldhAT1_dup3619__AluSx_dup91201	0.3707859848484849	0.5	1.0	0.0	0.7220170454545456	0.3734848484848485	0.0	0.0
PABL_B_dup40__L1ME3G_dup1437		PABL_B_dup40__L1ME3G_dup1437	0.3131527326839827	0.5	1.0	0.0	0.3030539772727272	0.3890151515151516	0.0	0.0
Penelope1_Vert_dup736__MER20_dup10310		Penelope1_Vert_dup736__MER20_dup10310	0.4207589285714285	1.0	1.0	0.0	0.4242897727272727	0.5210227272727272	0.0	0.0
Penelope1_Vert_dup736__MER5A_dup23919		Penelope1_Vert_dup736__MER5A_dup23919	0.4037337662337662	1.0	1.0	0.0	0.3392045454545455	0.4869318181818181	0.0	0.0
Plat_L3_dup2583__AluY_dup78915		Plat_L3_dup2583__AluY_dup78915	0.4979606331168831	1.0	1.0	0.0	0.5618607954545454	0.4238636363636363	0.5	0.0
Plat_L3_dup2583__L2b_dup75069		Plat_L3_dup2583__L2b_dup75069	0.5412642045454545	1.0	1.0	0.0	0.6075994318181818	0.68125	0.5	0.0
Plat_L3_dup2583__MER20_dup11749		Plat_L3_dup2583__MER20_dup11749	0.5309456168831168	1.0	1.0	0.0	0.6853693181818181	0.53125	0.5	0.0
SVA_A_dup292__L1MA9_dup4687		SVA_A_dup292__L1MA9_dup4687	0.2507981601731601	1.0	0.0	0.0	0.3201704545454545	0.4354166666666666	0.0	0.0
SVA_D_dup495__AluJo_dup21404		SVA_D_dup495__AluJo_dup21404	0.3710565476190476	0.5	0.0	0.0	0.6646306818181819	0.9327651515151516	0.5	0.0
SVA_D_dup495__AluJo_dup21405		SVA_D_dup495__AluJo_dup21405	0.4209212662337662	0.5	0.0	0.0	0.9776988636363636	0.96875	0.5	0.0
SVA_D_dup495__AluSx_dup32416		SVA_D_dup495__AluSx_dup32416	0.4251352813852813	0.5	0.0	0.0	0.99375	0.9821969696969696	0.5	0.0
SVA_F_dup603__AluSp_dup27976		SVA_F_dup603__AluSp_dup27976	0.2802455357142857	1.0	0.0	0.0	0.9602982954545456	0.0014204545454545	0.0	0.0
THE1A_dup3478__AluSx4_dup8274		THE1A_dup3478__AluSx4_dup8274	0.3354099025974026	0.5	1.0	0.0	0.4598011363636363	0.3880681818181818	0.0	0.0
THE1A_dup3478__AluSx_dup85928		THE1A_dup3478__AluSx_dup85928	0.3570955086580086	0.5	1.0	0.0	0.5509943181818182	0.4486742424242425	0.0	0.0
THE1A_dup3478__FLAM_C_dup18020		THE1A_dup3478__FLAM_C_dup18020	0.1318181818181818	0.5	0.0	0.0	0.3477272727272728	0.075	0.0	0.0
THE1A_dup3478__MER102b_dup3002		THE1A_dup3478__MER102b_dup3002	0.2436282467532467	0.5	0.0	0.0	0.431534090909091	0.7738636363636363	0.0	0.0
THE1B_dup14283__AluSc8_dup12673		THE1B_dup14283__AluSc8_dup12673	0.3972334956709956	0.5	1.0	0.0	0.5802556818181819	0.7003787878787878	0.0	0.0
THE1B_dup14283__L2a_dup106823		THE1B_dup14283__L2a_dup106823	0.341602408008658	0.5	1.0	0.0	0.3584517045454545	0.5327651515151516	0.0	0.0
THE1B_dup14283__L2c_dup88794		THE1B_dup14283__L2c_dup88794	0.3467431006493506	0.5	1.0	0.0	0.4999289772727273	0.4272727272727272	0.0	0.0
THE1B_dup14283__MIRb_dup138612		THE1B_dup14283__MIRb_dup138612	0.3616747835497835	0.5	1.0	0.0	0.5133522727272727	0.5183712121212121	0.0	0.0
THE1B_dup14283__MIRb_dup138613		THE1B_dup14283__MIRb_dup138613	0.2895224567099567	0.5	1.0	0.0	0.3501420454545454	0.1765151515151515	0.0	0.0
THE1B_dup20600__HAL1_dup21569		THE1B_dup20600__HAL1_dup21569	0.2005411255411255	0.5	0.0	0.0	0.3619318181818182	0.5418560606060606	0.0	0.0
THE1B_dup20600__MLT1B_dup16601		THE1B_dup20600__MLT1B_dup16601	0.2706135010822511	0.5	0.0	0.0	0.5821732954545454	0.8121212121212121	0.0	0.0
THE1B_dup7001__MLT1I_dup3798	0.0	THE1B_dup7001__MLT1I_dup3798	0.4152225378787878	1.0	1.0	0.0	0.4385653409090909	0.4679924242424242	0.0	0.0
Tigger11a_dup58__L1ME3G_dup1437		Tigger11a_dup58__L1ME3G_dup1437	0.2994656385281385	0.5	1.0	0.0	0.2822443181818182	0.3140151515151515	0.0	0.0
Tigger13a_dup2638__AluJb_dup102121		Tigger13a_dup2638__AluJb_dup102121	0.3355857683982683	0.5	1.0	0.0	0.4174715909090909	0.4316287878787879	0.0	0.0
Tigger15a_dup2790__AluJr_dup44540		Tigger15a_dup2790__AluJr_dup44540	0.3144074675324675	0.5	1.0	0.0	0.3463068181818182	0.3545454545454545	0.0	0.0
Tigger19a_dup2889__AluSc_dup28906		Tigger19a_dup2889__AluSc_dup28906	0.3808847402597402	0.5	1.0	0.0	0.6286931818181819	0.5375	0.0	0.0
Tigger19a_dup2889__AluSz_dup83576		Tigger19a_dup2889__AluSz_dup83576	0.3385856331168831	0.5	1.0	0.0	0.4331676136363637	0.4369318181818182	0.0	0.0
Tigger19a_dup587__L1MD_dup1090		Tigger19a_dup587__L1MD_dup1090	0.3194940476190476	0.5	0.0	0.0	0.334375	0.9020833333333332	0.5	0.0
Tigger1_dup7050__L1MB7_dup10604		Tigger1_dup7050__L1MB7_dup10604	0.4425527597402597	1.0	1.0	0.0	0.3438920454545455	0.7539772727272728	0.0	0.0
Tigger1_dup7068__HAL1b_dup2936		Tigger1_dup7068__HAL1b_dup2936	0.3892383658008658	0.5	1.0	0.0	0.4174715909090908	0.8071969696969696	0.0	0.0
Tigger1_dup7068__HAL1b_dup2937		Tigger1_dup7068__HAL1b_dup2937	0.3784361471861471	0.5	1.0	0.0	0.5119318181818182	0.6371212121212121	0.0	0.0
Tigger1_dup7264__AluJo_dup40788		Tigger1_dup7264__AluJo_dup40788	0.2272186147186147	0.5	0.0	0.0	0.5051136363636364	0.5854166666666667	0.0	0.0
Tigger1_dup7264__AluSx1_dup61035		Tigger1_dup7264__AluSx1_dup61035	0.4684794372294372	1.0	1.0	0.0	0.4732954545454545	0.806060606060606	0.0	0.0
Tigger2_dup1793__AluSx_dup67359	0.0	Tigger2_dup1793__AluSx_dup67359	0.4848079004329004	0.5	1.0	0.0	0.5480113636363637	0.8456439393939394	0.5	0.0
Tigger2_dup1793__L2c_dup91521		Tigger2_dup1793__L2c_dup91521	0.4670251623376623	0.5	1.0	0.0	0.4617897727272727	0.8073863636363635	0.5	0.0
Tigger2_dup1854__AluSx_dup67746		Tigger2_dup1854__AluSx_dup67746	0.3455729166666666	0.5	1.0	0.0	0.4381392045454545	0.4808712121212121	0.0	0.0
Tigger3a_dup4267__L1M5_dup42848		Tigger3a_dup4267__L1M5_dup42848	0.3322713744588744	1.0	1.0	0.0	0.1035511363636364	0.2223484848484848	0.0	0.0
Tigger3a_dup4267__L1ME3B_dup6421		Tigger3a_dup4267__L1ME3B_dup6421	0.514268804112554	1.0	1.0	0.0	0.180184659090909	0.9196969696969696	0.5	0.0
Tigger3a_dup4267__MIR_dup135556		Tigger3a_dup4267__MIR_dup135556	0.1782568993506493	1.0	0.0	0.0	0.1631392045454545	0.0846590909090909	0.0	0.0
Tigger3b_dup2253__L2b_dup29588		Tigger3b_dup2253__L2b_dup29588	0.4195008116883116	1.0	1.0	0.0	0.3484375	0.5880681818181818	0.0	0.0
Tigger3c_dup1368__AluSp_dup26412		Tigger3c_dup1368__AluSp_dup26412	0.4246313582251082	1.0	1.0	0.0	0.4915482954545454	0.480871212121212	0.0	0.0
Tigger3c_dup1368__Charlie1_dup1138		Tigger3c_dup1368__Charlie1_dup1138	0.4221049783549783	1.0	1.0	0.0	0.3761363636363636	0.5785984848484849	0.0	0.0
Tigger5b_dup1014__MIRb_dup88803		Tigger5b_dup1014__MIRb_dup88803	0.1744859307359307	1.0	0.0	0.0	0.1113636363636363	0.1100378787878788	0.0	0.0
Tigger7_dup888__AluJo_dup18483		Tigger7_dup888__AluJo_dup18483	0.3210599296536796	0.5	1.0	0.0	0.4597301136363637	0.2876893939393939	0.0	0.0
Tigger7_dup888__AluSz_dup24960		Tigger7_dup888__AluSz_dup24960	0.3278984036796536	0.5	1.0	0.0	0.5257812500000001	0.2695075757575758	0.0	0.0
X5B_LINE_dup52__AluSz_dup67120		X5B_LINE_dup52__AluSz_dup67120	0.3881290584415584	1.0	1.0	0.0	0.5867897727272727	0.1301136363636363	0.0	0.0
X6A_LINE_dup16__AluSc_dup2253		X6A_LINE_dup16__AluSc_dup2253	0.1797585227272727	0.5	0.0	0.0	0.5702414772727273	0.1880681818181818	0.0	0.0
X9_LINE_dup114__L2_dup13062		X9_LINE_dup114__L2_dup13062	0.372071158008658	1.0	1.0	0.0	0.1904829545454545	0.4140151515151515	0.0	0.0
